file,source,title,author,date,license,credit,page,original,size
01-pipoya/pipo-boss001_flat.webp,ぴぽや,ぴぽやポップモンスターイラスト素材 陰影なし,ぴぽや,,ぴぽや 無料素材利用規約（商用可・加工可・素材としての販売不可）,不要,https://pipoya.net/sozai/assets/enemyillust/enemy-image/,pipo-boss001.png,964x582
01-pipoya/pipo-boss001_shade.webp,ぴぽや,ぴぽやポップモンスターイラスト素材 陰影あり,ぴぽや,,ぴぽや 無料素材利用規約（商用可・加工可・素材としての販売不可）,不要,https://pipoya.net/sozai/assets/enemyillust/enemy-image/,pipo-boss001.png,964x582
01-pipoya/pipo-boss002_flat.webp,ぴぽや,ぴぽやポップモンスターイラスト素材 陰影なし,ぴぽや,,ぴぽや 無料素材利用規約（商用可・加工可・素材としての販売不可）,不要,https://pipoya.net/sozai/assets/enemyillust/enemy-image/,pipo-boss002.png,1149x583
01-pipoya/pipo-boss002_shade.webp,ぴぽや,ぴぽやポップモンスターイラスト素材 陰影あり,ぴぽや,,ぴぽや 無料素材利用規約（商用可・加工可・素材としての販売不可）,不要,https://pipoya.net/sozai/assets/enemyillust/enemy-image/,pipo-boss002.png,1149x583
01-pipoya/pipo-boss004_flat.webp,ぴぽや,ぴぽやポップモンスターイラスト素材 陰影なし,ぴぽや,,ぴぽや 無料素材利用規約（商用可・加工可・素材としての販売不可）,不要,https://pipoya.net/sozai/assets/enemyillust/enemy-image/,pipo-boss004.png,1160x576
01-pipoya/pipo-boss004_shade.webp,ぴぽや,ぴぽやポップモンスターイラスト素材 陰影あり,ぴぽや,,ぴぽや 無料素材利用規約（商用可・加工可・素材としての販売不可）,不要,https://pipoya.net/sozai/assets/enemyillust/enemy-image/,pipo-boss004.png,1160x576
01-pipoya/pipo-enemy001_flat.webp,ぴぽや,ぴぽやポップモンスターイラスト素材 陰影なし,ぴぽや,,ぴぽや 無料素材利用規約（商用可・加工可・素材としての販売不可）,不要,https://pipoya.net/sozai/assets/enemyillust/enemy-image/,pipo-enemy001.png,197x329
01-pipoya/pipo-enemy001_shade.webp,ぴぽや,ぴぽやポップモンスターイラスト素材 陰影あり,ぴぽや,,ぴぽや 無料素材利用規約（商用可・加工可・素材としての販売不可）,不要,https://pipoya.net/sozai/assets/enemyillust/enemy-image/,pipo-enemy001.png,197x329
01-pipoya/pipo-enemy001a_flat.webp,ぴぽや,ぴぽやポップモンスターイラスト素材 陰影なし,ぴぽや,,ぴぽや 無料素材利用規約（商用可・加工可・素材としての販売不可）,不要,https://pipoya.net/sozai/assets/enemyillust/enemy-image/,pipo-enemy001a.png,197x329
01-pipoya/pipo-enemy001a_shade.webp,ぴぽや,ぴぽやポップモンスターイラスト素材 陰影あり,ぴぽや,,ぴぽや 無料素材利用規約（商用可・加工可・素材としての販売不可）,不要,https://pipoya.net/sozai/assets/enemyillust/enemy-image/,pipo-enemy001a.png,197x329
01-pipoya/pipo-enemy001b_flat.webp,ぴぽや,ぴぽやポップモンスターイラスト素材 陰影なし,ぴぽや,,ぴぽや 無料素材利用規約（商用可・加工可・素材としての販売不可）,不要,https://pipoya.net/sozai/assets/enemyillust/enemy-image/,pipo-enemy001b.png,197x329
01-pipoya/pipo-enemy001b_shade.webp,ぴぽや,ぴぽやポップモンスターイラスト素材 陰影あり,ぴぽや,,ぴぽや 無料素材利用規約（商用可・加工可・素材としての販売不可）,不要,https://pipoya.net/sozai/assets/enemyillust/enemy-image/,pipo-enemy001b.png,197x329
01-pipoya/pipo-enemy002_flat.webp,ぴぽや,ぴぽやポップモンスターイラスト素材 陰影なし,ぴぽや,,ぴぽや 無料素材利用規約（商用可・加工可・素材としての販売不可）,不要,https://pipoya.net/sozai/assets/enemyillust/enemy-image/,pipo-enemy002.png,233x317
01-pipoya/pipo-enemy002_shade.webp,ぴぽや,ぴぽやポップモンスターイラスト素材 陰影あり,ぴぽや,,ぴぽや 無料素材利用規約（商用可・加工可・素材としての販売不可）,不要,https://pipoya.net/sozai/assets/enemyillust/enemy-image/,pipo-enemy002.png,233x317
01-pipoya/pipo-enemy002a_flat.webp,ぴぽや,ぴぽやポップモンスターイラスト素材 陰影なし,ぴぽや,,ぴぽや 無料素材利用規約（商用可・加工可・素材としての販売不可）,不要,https://pipoya.net/sozai/assets/enemyillust/enemy-image/,pipo-enemy002a.png,233x317
01-pipoya/pipo-enemy002a_shade.webp,ぴぽや,ぴぽやポップモンスターイラスト素材 陰影あり,ぴぽや,,ぴぽや 無料素材利用規約（商用可・加工可・素材としての販売不可）,不要,https://pipoya.net/sozai/assets/enemyillust/enemy-image/,pipo-enemy002a.png,233x317
01-pipoya/pipo-enemy002b_flat.webp,ぴぽや,ぴぽやポップモンスターイラスト素材 陰影なし,ぴぽや,,ぴぽや 無料素材利用規約（商用可・加工可・素材としての販売不可）,不要,https://pipoya.net/sozai/assets/enemyillust/enemy-image/,pipo-enemy002b.png,233x317
01-pipoya/pipo-enemy002b_shade.webp,ぴぽや,ぴぽやポップモンスターイラスト素材 陰影あり,ぴぽや,,ぴぽや 無料素材利用規約（商用可・加工可・素材としての販売不可）,不要,https://pipoya.net/sozai/assets/enemyillust/enemy-image/,pipo-enemy002b.png,233x317
01-pipoya/pipo-enemy004_flat.webp,ぴぽや,ぴぽやポップモンスターイラスト素材 陰影なし,ぴぽや,,ぴぽや 無料素材利用規約（商用可・加工可・素材としての販売不可）,不要,https://pipoya.net/sozai/assets/enemyillust/enemy-image/,pipo-enemy004.png,254x189
01-pipoya/pipo-enemy004_shade.webp,ぴぽや,ぴぽやポップモンスターイラスト素材 陰影あり,ぴぽや,,ぴぽや 無料素材利用規約（商用可・加工可・素材としての販売不可）,不要,https://pipoya.net/sozai/assets/enemyillust/enemy-image/,pipo-enemy004.png,255x190
01-pipoya/pipo-enemy004a_flat.webp,ぴぽや,ぴぽやポップモンスターイラスト素材 陰影なし,ぴぽや,,ぴぽや 無料素材利用規約（商用可・加工可・素材としての販売不可）,不要,https://pipoya.net/sozai/assets/enemyillust/enemy-image/,pipo-enemy004a.png,254x189
01-pipoya/pipo-enemy004a_shade.webp,ぴぽや,ぴぽやポップモンスターイラスト素材 陰影あり,ぴぽや,,ぴぽや 無料素材利用規約（商用可・加工可・素材としての販売不可）,不要,https://pipoya.net/sozai/assets/enemyillust/enemy-image/,pipo-enemy004a.png,254x190
01-pipoya/pipo-enemy004b_flat.webp,ぴぽや,ぴぽやポップモンスターイラスト素材 陰影なし,ぴぽや,,ぴぽや 無料素材利用規約（商用可・加工可・素材としての販売不可）,不要,https://pipoya.net/sozai/assets/enemyillust/enemy-image/,pipo-enemy004b.png,254x190
01-pipoya/pipo-enemy004b_shade.webp,ぴぽや,ぴぽやポップモンスターイラスト素材 陰影あり,ぴぽや,,ぴぽや 無料素材利用規約（商用可・加工可・素材としての販売不可）,不要,https://pipoya.net/sozai/assets/enemyillust/enemy-image/,pipo-enemy004b.png,255x190
01-pipoya/pipo-enemy005_flat.webp,ぴぽや,ぴぽやポップモンスターイラスト素材 陰影なし,ぴぽや,,ぴぽや 無料素材利用規約（商用可・加工可・素材としての販売不可）,不要,https://pipoya.net/sozai/assets/enemyillust/enemy-image/,pipo-enemy005.png,194x352
01-pipoya/pipo-enemy005_shade.webp,ぴぽや,ぴぽやポップモンスターイラスト素材 陰影あり,ぴぽや,,ぴぽや 無料素材利用規約（商用可・加工可・素材としての販売不可）,不要,https://pipoya.net/sozai/assets/enemyillust/enemy-image/,pipo-enemy005.png,194x352
01-pipoya/pipo-enemy005a_flat.webp,ぴぽや,ぴぽやポップモンスターイラスト素材 陰影なし,ぴぽや,,ぴぽや 無料素材利用規約（商用可・加工可・素材としての販売不可）,不要,https://pipoya.net/sozai/assets/enemyillust/enemy-image/,pipo-enemy005a.png,194x351
01-pipoya/pipo-enemy005a_shade.webp,ぴぽや,ぴぽやポップモンスターイラスト素材 陰影あり,ぴぽや,,ぴぽや 無料素材利用規約（商用可・加工可・素材としての販売不可）,不要,https://pipoya.net/sozai/assets/enemyillust/enemy-image/,pipo-enemy005a.png,194x352
01-pipoya/pipo-enemy005b_flat.webp,ぴぽや,ぴぽやポップモンスターイラスト素材 陰影なし,ぴぽや,,ぴぽや 無料素材利用規約（商用可・加工可・素材としての販売不可）,不要,https://pipoya.net/sozai/assets/enemyillust/enemy-image/,pipo-enemy005b.png,194x351
01-pipoya/pipo-enemy005b_shade.webp,ぴぽや,ぴぽやポップモンスターイラスト素材 陰影あり,ぴぽや,,ぴぽや 無料素材利用規約（商用可・加工可・素材としての販売不可）,不要,https://pipoya.net/sozai/assets/enemyillust/enemy-image/,pipo-enemy005b.png,194x352
01-pipoya/pipo-enemy006_flat.webp,ぴぽや,ぴぽやポップモンスターイラスト素材 陰影なし,ぴぽや,,ぴぽや 無料素材利用規約（商用可・加工可・素材としての販売不可）,不要,https://pipoya.net/sozai/assets/enemyillust/enemy-image/,pipo-enemy006.png,443x441
01-pipoya/pipo-enemy006_shade.webp,ぴぽや,ぴぽやポップモンスターイラスト素材 陰影あり,ぴぽや,,ぴぽや 無料素材利用規約（商用可・加工可・素材としての販売不可）,不要,https://pipoya.net/sozai/assets/enemyillust/enemy-image/,pipo-enemy006.png,444x441
01-pipoya/pipo-enemy007_flat.webp,ぴぽや,ぴぽやポップモンスターイラスト素材 陰影なし,ぴぽや,,ぴぽや 無料素材利用規約（商用可・加工可・素材としての販売不可）,不要,https://pipoya.net/sozai/assets/enemyillust/enemy-image/,pipo-enemy007.png,331x321
01-pipoya/pipo-enemy007_shade.webp,ぴぽや,ぴぽやポップモンスターイラスト素材 陰影あり,ぴぽや,,ぴぽや 無料素材利用規約（商用可・加工可・素材としての販売不可）,不要,https://pipoya.net/sozai/assets/enemyillust/enemy-image/,pipo-enemy007.png,332x321
01-pipoya/pipo-enemy007a_flat.webp,ぴぽや,ぴぽやポップモンスターイラスト素材 陰影なし,ぴぽや,,ぴぽや 無料素材利用規約（商用可・加工可・素材としての販売不可）,不要,https://pipoya.net/sozai/assets/enemyillust/enemy-image/,pipo-enemy007a.png,331x321
01-pipoya/pipo-enemy007a_shade.webp,ぴぽや,ぴぽやポップモンスターイラスト素材 陰影あり,ぴぽや,,ぴぽや 無料素材利用規約（商用可・加工可・素材としての販売不可）,不要,https://pipoya.net/sozai/assets/enemyillust/enemy-image/,pipo-enemy007a.png,332x321
01-pipoya/pipo-enemy007b_flat.webp,ぴぽや,ぴぽやポップモンスターイラスト素材 陰影なし,ぴぽや,,ぴぽや 無料素材利用規約（商用可・加工可・素材としての販売不可）,不要,https://pipoya.net/sozai/assets/enemyillust/enemy-image/,pipo-enemy007b.png,331x321
01-pipoya/pipo-enemy007b_shade.webp,ぴぽや,ぴぽやポップモンスターイラスト素材 陰影あり,ぴぽや,,ぴぽや 無料素材利用規約（商用可・加工可・素材としての販売不可）,不要,https://pipoya.net/sozai/assets/enemyillust/enemy-image/,pipo-enemy007b.png,332x321
01-pipoya/pipo-enemy008_flat.webp,ぴぽや,ぴぽやポップモンスターイラスト素材 陰影なし,ぴぽや,,ぴぽや 無料素材利用規約（商用可・加工可・素材としての販売不可）,不要,https://pipoya.net/sozai/assets/enemyillust/enemy-image/,pipo-enemy008.png,238x267
01-pipoya/pipo-enemy008_shade.webp,ぴぽや,ぴぽやポップモンスターイラスト素材 陰影あり,ぴぽや,,ぴぽや 無料素材利用規約（商用可・加工可・素材としての販売不可）,不要,https://pipoya.net/sozai/assets/enemyillust/enemy-image/,pipo-enemy008.png,238x267
01-pipoya/pipo-enemy008a_flat.webp,ぴぽや,ぴぽやポップモンスターイラスト素材 陰影なし,ぴぽや,,ぴぽや 無料素材利用規約（商用可・加工可・素材としての販売不可）,不要,https://pipoya.net/sozai/assets/enemyillust/enemy-image/,pipo-enemy008a.png,238x267
01-pipoya/pipo-enemy008a_shade.webp,ぴぽや,ぴぽやポップモンスターイラスト素材 陰影あり,ぴぽや,,ぴぽや 無料素材利用規約（商用可・加工可・素材としての販売不可）,不要,https://pipoya.net/sozai/assets/enemyillust/enemy-image/,pipo-enemy008a.png,238x267
01-pipoya/pipo-enemy008b_flat.webp,ぴぽや,ぴぽやポップモンスターイラスト素材 陰影なし,ぴぽや,,ぴぽや 無料素材利用規約（商用可・加工可・素材としての販売不可）,不要,https://pipoya.net/sozai/assets/enemyillust/enemy-image/,pipo-enemy008b.png,238x267
01-pipoya/pipo-enemy008b_shade.webp,ぴぽや,ぴぽやポップモンスターイラスト素材 陰影あり,ぴぽや,,ぴぽや 無料素材利用規約（商用可・加工可・素材としての販売不可）,不要,https://pipoya.net/sozai/assets/enemyillust/enemy-image/,pipo-enemy008b.png,238x267
01-pipoya/pipo-enemy010_flat.webp,ぴぽや,ぴぽやポップモンスターイラスト素材 陰影なし,ぴぽや,,ぴぽや 無料素材利用規約（商用可・加工可・素材としての販売不可）,不要,https://pipoya.net/sozai/assets/enemyillust/enemy-image/,pipo-enemy010.png,229x351
01-pipoya/pipo-enemy010_shade.webp,ぴぽや,ぴぽやポップモンスターイラスト素材 陰影あり,ぴぽや,,ぴぽや 無料素材利用規約（商用可・加工可・素材としての販売不可）,不要,https://pipoya.net/sozai/assets/enemyillust/enemy-image/,pipo-enemy010.png,229x350
01-pipoya/pipo-enemy010a_flat.webp,ぴぽや,ぴぽやポップモンスターイラスト素材 陰影なし,ぴぽや,,ぴぽや 無料素材利用規約（商用可・加工可・素材としての販売不可）,不要,https://pipoya.net/sozai/assets/enemyillust/enemy-image/,pipo-enemy010a.png,229x351
01-pipoya/pipo-enemy010a_shade.webp,ぴぽや,ぴぽやポップモンスターイラスト素材 陰影あり,ぴぽや,,ぴぽや 無料素材利用規約（商用可・加工可・素材としての販売不可）,不要,https://pipoya.net/sozai/assets/enemyillust/enemy-image/,pipo-enemy010a.png,229x350
01-pipoya/pipo-enemy010b_flat.webp,ぴぽや,ぴぽやポップモンスターイラスト素材 陰影なし,ぴぽや,,ぴぽや 無料素材利用規約（商用可・加工可・素材としての販売不可）,不要,https://pipoya.net/sozai/assets/enemyillust/enemy-image/,pipo-enemy010b.png,228x351
01-pipoya/pipo-enemy010b_shade.webp,ぴぽや,ぴぽやポップモンスターイラスト素材 陰影あり,ぴぽや,,ぴぽや 無料素材利用規約（商用可・加工可・素材としての販売不可）,不要,https://pipoya.net/sozai/assets/enemyillust/enemy-image/,pipo-enemy010b.png,228x350
01-pipoya/pipo-enemy011_flat.webp,ぴぽや,ぴぽやポップモンスターイラスト素材 陰影なし,ぴぽや,,ぴぽや 無料素材利用規約（商用可・加工可・素材としての販売不可）,不要,https://pipoya.net/sozai/assets/enemyillust/enemy-image/,pipo-enemy011.png,243x351
01-pipoya/pipo-enemy011_shade.webp,ぴぽや,ぴぽやポップモンスターイラスト素材 陰影あり,ぴぽや,,ぴぽや 無料素材利用規約（商用可・加工可・素材としての販売不可）,不要,https://pipoya.net/sozai/assets/enemyillust/enemy-image/,pipo-enemy011.png,244x351
01-pipoya/pipo-enemy011a_flat.webp,ぴぽや,ぴぽやポップモンスターイラスト素材 陰影なし,ぴぽや,,ぴぽや 無料素材利用規約（商用可・加工可・素材としての販売不可）,不要,https://pipoya.net/sozai/assets/enemyillust/enemy-image/,pipo-enemy011a.png,243x351
01-pipoya/pipo-enemy011a_shade.webp,ぴぽや,ぴぽやポップモンスターイラスト素材 陰影あり,ぴぽや,,ぴぽや 無料素材利用規約（商用可・加工可・素材としての販売不可）,不要,https://pipoya.net/sozai/assets/enemyillust/enemy-image/,pipo-enemy011a.png,244x351
01-pipoya/pipo-enemy011b_flat.webp,ぴぽや,ぴぽやポップモンスターイラスト素材 陰影なし,ぴぽや,,ぴぽや 無料素材利用規約（商用可・加工可・素材としての販売不可）,不要,https://pipoya.net/sozai/assets/enemyillust/enemy-image/,pipo-enemy011b.png,243x351
01-pipoya/pipo-enemy011b_shade.webp,ぴぽや,ぴぽやポップモンスターイラスト素材 陰影あり,ぴぽや,,ぴぽや 無料素材利用規約（商用可・加工可・素材としての販売不可）,不要,https://pipoya.net/sozai/assets/enemyillust/enemy-image/,pipo-enemy011b.png,243x351
01-pipoya/pipo-enemy012_flat.webp,ぴぽや,ぴぽやポップモンスターイラスト素材 陰影なし,ぴぽや,,ぴぽや 無料素材利用規約（商用可・加工可・素材としての販売不可）,不要,https://pipoya.net/sozai/assets/enemyillust/enemy-image/,pipo-enemy012.png,232x323
01-pipoya/pipo-enemy012_shade.webp,ぴぽや,ぴぽやポップモンスターイラスト素材 陰影あり,ぴぽや,,ぴぽや 無料素材利用規約（商用可・加工可・素材としての販売不可）,不要,https://pipoya.net/sozai/assets/enemyillust/enemy-image/,pipo-enemy012.png,232x323
01-pipoya/pipo-enemy012a_flat.webp,ぴぽや,ぴぽやポップモンスターイラスト素材 陰影なし,ぴぽや,,ぴぽや 無料素材利用規約（商用可・加工可・素材としての販売不可）,不要,https://pipoya.net/sozai/assets/enemyillust/enemy-image/,pipo-enemy012a.png,232x323
01-pipoya/pipo-enemy012a_shade.webp,ぴぽや,ぴぽやポップモンスターイラスト素材 陰影あり,ぴぽや,,ぴぽや 無料素材利用規約（商用可・加工可・素材としての販売不可）,不要,https://pipoya.net/sozai/assets/enemyillust/enemy-image/,pipo-enemy012a.png,232x323
01-pipoya/pipo-enemy012b_flat.webp,ぴぽや,ぴぽやポップモンスターイラスト素材 陰影なし,ぴぽや,,ぴぽや 無料素材利用規約（商用可・加工可・素材としての販売不可）,不要,https://pipoya.net/sozai/assets/enemyillust/enemy-image/,pipo-enemy012b.png,232x323
01-pipoya/pipo-enemy012b_shade.webp,ぴぽや,ぴぽやポップモンスターイラスト素材 陰影あり,ぴぽや,,ぴぽや 無料素材利用規約（商用可・加工可・素材としての販売不可）,不要,https://pipoya.net/sozai/assets/enemyillust/enemy-image/,pipo-enemy012b.png,233x323
01-pipoya/pipo-enemy013_flat.webp,ぴぽや,ぴぽやポップモンスターイラスト素材 陰影なし,ぴぽや,,ぴぽや 無料素材利用規約（商用可・加工可・素材としての販売不可）,不要,https://pipoya.net/sozai/assets/enemyillust/enemy-image/,pipo-enemy013.png,214x256
01-pipoya/pipo-enemy013_shade.webp,ぴぽや,ぴぽやポップモンスターイラスト素材 陰影あり,ぴぽや,,ぴぽや 無料素材利用規約（商用可・加工可・素材としての販売不可）,不要,https://pipoya.net/sozai/assets/enemyillust/enemy-image/,pipo-enemy013.png,216x256
01-pipoya/pipo-enemy013a_flat.webp,ぴぽや,ぴぽやポップモンスターイラスト素材 陰影なし,ぴぽや,,ぴぽや 無料素材利用規約（商用可・加工可・素材としての販売不可）,不要,https://pipoya.net/sozai/assets/enemyillust/enemy-image/,pipo-enemy013a.png,214x256
01-pipoya/pipo-enemy013a_shade.webp,ぴぽや,ぴぽやポップモンスターイラスト素材 陰影あり,ぴぽや,,ぴぽや 無料素材利用規約（商用可・加工可・素材としての販売不可）,不要,https://pipoya.net/sozai/assets/enemyillust/enemy-image/,pipo-enemy013a.png,216x256
01-pipoya/pipo-enemy013b_flat.webp,ぴぽや,ぴぽやポップモンスターイラスト素材 陰影なし,ぴぽや,,ぴぽや 無料素材利用規約（商用可・加工可・素材としての販売不可）,不要,https://pipoya.net/sozai/assets/enemyillust/enemy-image/,pipo-enemy013b.png,214x256
01-pipoya/pipo-enemy013b_shade.webp,ぴぽや,ぴぽやポップモンスターイラスト素材 陰影あり,ぴぽや,,ぴぽや 無料素材利用規約（商用可・加工可・素材としての販売不可）,不要,https://pipoya.net/sozai/assets/enemyillust/enemy-image/,pipo-enemy013b.png,216x256
01-pipoya/pipo-enemy014_flat.webp,ぴぽや,ぴぽやポップモンスターイラスト素材 陰影なし,ぴぽや,,ぴぽや 無料素材利用規約（商用可・加工可・素材としての販売不可）,不要,https://pipoya.net/sozai/assets/enemyillust/enemy-image/,pipo-enemy014.png,229x298
01-pipoya/pipo-enemy014_shade.webp,ぴぽや,ぴぽやポップモンスターイラスト素材 陰影あり,ぴぽや,,ぴぽや 無料素材利用規約（商用可・加工可・素材としての販売不可）,不要,https://pipoya.net/sozai/assets/enemyillust/enemy-image/,pipo-enemy014.png,229x298
01-pipoya/pipo-enemy014a_flat.webp,ぴぽや,ぴぽやポップモンスターイラスト素材 陰影なし,ぴぽや,,ぴぽや 無料素材利用規約（商用可・加工可・素材としての販売不可）,不要,https://pipoya.net/sozai/assets/enemyillust/enemy-image/,pipo-enemy014a.png,228x298
01-pipoya/pipo-enemy014a_shade.webp,ぴぽや,ぴぽやポップモンスターイラスト素材 陰影あり,ぴぽや,,ぴぽや 無料素材利用規約（商用可・加工可・素材としての販売不可）,不要,https://pipoya.net/sozai/assets/enemyillust/enemy-image/,pipo-enemy014a.png,230x298
01-pipoya/pipo-enemy014b_flat.webp,ぴぽや,ぴぽやポップモンスターイラスト素材 陰影なし,ぴぽや,,ぴぽや 無料素材利用規約（商用可・加工可・素材としての販売不可）,不要,https://pipoya.net/sozai/assets/enemyillust/enemy-image/,pipo-enemy014b.png,229x298
01-pipoya/pipo-enemy014b_shade.webp,ぴぽや,ぴぽやポップモンスターイラスト素材 陰影あり,ぴぽや,,ぴぽや 無料素材利用規約（商用可・加工可・素材としての販売不可）,不要,https://pipoya.net/sozai/assets/enemyillust/enemy-image/,pipo-enemy014b.png,229x298
01-pipoya/pipo-enemy015_flat.webp,ぴぽや,ぴぽやポップモンスターイラスト素材 陰影なし,ぴぽや,,ぴぽや 無料素材利用規約（商用可・加工可・素材としての販売不可）,不要,https://pipoya.net/sozai/assets/enemyillust/enemy-image/,pipo-enemy015.png,431x394
01-pipoya/pipo-enemy015_shade.webp,ぴぽや,ぴぽやポップモンスターイラスト素材 陰影あり,ぴぽや,,ぴぽや 無料素材利用規約（商用可・加工可・素材としての販売不可）,不要,https://pipoya.net/sozai/assets/enemyillust/enemy-image/,pipo-enemy015.png,431x394
01-pipoya/pipo-enemy015a_flat.webp,ぴぽや,ぴぽやポップモンスターイラスト素材 陰影なし,ぴぽや,,ぴぽや 無料素材利用規約（商用可・加工可・素材としての販売不可）,不要,https://pipoya.net/sozai/assets/enemyillust/enemy-image/,pipo-enemy015a.png,430x394
01-pipoya/pipo-enemy015a_shade.webp,ぴぽや,ぴぽやポップモンスターイラスト素材 陰影あり,ぴぽや,,ぴぽや 無料素材利用規約（商用可・加工可・素材としての販売不可）,不要,https://pipoya.net/sozai/assets/enemyillust/enemy-image/,pipo-enemy015a.png,432x394
01-pipoya/pipo-enemy015b_flat.webp,ぴぽや,ぴぽやポップモンスターイラスト素材 陰影なし,ぴぽや,,ぴぽや 無料素材利用規約（商用可・加工可・素材としての販売不可）,不要,https://pipoya.net/sozai/assets/enemyillust/enemy-image/,pipo-enemy015b.png,431x394
01-pipoya/pipo-enemy015b_shade.webp,ぴぽや,ぴぽやポップモンスターイラスト素材 陰影あり,ぴぽや,,ぴぽや 無料素材利用規約（商用可・加工可・素材としての販売不可）,不要,https://pipoya.net/sozai/assets/enemyillust/enemy-image/,pipo-enemy015b.png,431x394
01-pipoya/pipo-enemy016_flat.webp,ぴぽや,ぴぽやポップモンスターイラスト素材 陰影なし,ぴぽや,,ぴぽや 無料素材利用規約（商用可・加工可・素材としての販売不可）,不要,https://pipoya.net/sozai/assets/enemyillust/enemy-image/,pipo-enemy016.png,314x320
01-pipoya/pipo-enemy016_shade.webp,ぴぽや,ぴぽやポップモンスターイラスト素材 陰影あり,ぴぽや,,ぴぽや 無料素材利用規約（商用可・加工可・素材としての販売不可）,不要,https://pipoya.net/sozai/assets/enemyillust/enemy-image/,pipo-enemy016.png,314x320
01-pipoya/pipo-enemy016a_flat.webp,ぴぽや,ぴぽやポップモンスターイラスト素材 陰影なし,ぴぽや,,ぴぽや 無料素材利用規約（商用可・加工可・素材としての販売不可）,不要,https://pipoya.net/sozai/assets/enemyillust/enemy-image/,pipo-enemy016a.png,314x320
01-pipoya/pipo-enemy016a_shade.webp,ぴぽや,ぴぽやポップモンスターイラスト素材 陰影あり,ぴぽや,,ぴぽや 無料素材利用規約（商用可・加工可・素材としての販売不可）,不要,https://pipoya.net/sozai/assets/enemyillust/enemy-image/,pipo-enemy016a.png,314x320
01-pipoya/pipo-enemy016b_flat.webp,ぴぽや,ぴぽやポップモンスターイラスト素材 陰影なし,ぴぽや,,ぴぽや 無料素材利用規約（商用可・加工可・素材としての販売不可）,不要,https://pipoya.net/sozai/assets/enemyillust/enemy-image/,pipo-enemy016b.png,314x320
01-pipoya/pipo-enemy016b_shade.webp,ぴぽや,ぴぽやポップモンスターイラスト素材 陰影あり,ぴぽや,,ぴぽや 無料素材利用規約（商用可・加工可・素材としての販売不可）,不要,https://pipoya.net/sozai/assets/enemyillust/enemy-image/,pipo-enemy016b.png,314x320
01-pipoya/pipo-enemy017_flat.webp,ぴぽや,ぴぽやポップモンスターイラスト素材 陰影なし,ぴぽや,,ぴぽや 無料素材利用規約（商用可・加工可・素材としての販売不可）,不要,https://pipoya.net/sozai/assets/enemyillust/enemy-image/,pipo-enemy017.png,432x368
01-pipoya/pipo-enemy017_shade.webp,ぴぽや,ぴぽやポップモンスターイラスト素材 陰影あり,ぴぽや,,ぴぽや 無料素材利用規約（商用可・加工可・素材としての販売不可）,不要,https://pipoya.net/sozai/assets/enemyillust/enemy-image/,pipo-enemy017.png,432x369
01-pipoya/pipo-enemy017b_flat.webp,ぴぽや,ぴぽやポップモンスターイラスト素材 陰影なし,ぴぽや,,ぴぽや 無料素材利用規約（商用可・加工可・素材としての販売不可）,不要,https://pipoya.net/sozai/assets/enemyillust/enemy-image/,pipo-enemy017b.png,433x368
01-pipoya/pipo-enemy017b_shade.webp,ぴぽや,ぴぽやポップモンスターイラスト素材 陰影あり,ぴぽや,,ぴぽや 無料素材利用規約（商用可・加工可・素材としての販売不可）,不要,https://pipoya.net/sozai/assets/enemyillust/enemy-image/,pipo-enemy017b.png,433x369
01-pipoya/pipo-enemy018_flat.webp,ぴぽや,ぴぽやポップモンスターイラスト素材 陰影なし,ぴぽや,,ぴぽや 無料素材利用規約（商用可・加工可・素材としての販売不可）,不要,https://pipoya.net/sozai/assets/enemyillust/enemy-image/,pipo-enemy018.png,300x412
01-pipoya/pipo-enemy018_shade.webp,ぴぽや,ぴぽやポップモンスターイラスト素材 陰影あり,ぴぽや,,ぴぽや 無料素材利用規約（商用可・加工可・素材としての販売不可）,不要,https://pipoya.net/sozai/assets/enemyillust/enemy-image/,pipo-enemy018.png,301x412
01-pipoya/pipo-enemy018a_flat.webp,ぴぽや,ぴぽやポップモンスターイラスト素材 陰影なし,ぴぽや,,ぴぽや 無料素材利用規約（商用可・加工可・素材としての販売不可）,不要,https://pipoya.net/sozai/assets/enemyillust/enemy-image/,pipo-enemy018a.png,300x412
01-pipoya/pipo-enemy018a_shade.webp,ぴぽや,ぴぽやポップモンスターイラスト素材 陰影あり,ぴぽや,,ぴぽや 無料素材利用規約（商用可・加工可・素材としての販売不可）,不要,https://pipoya.net/sozai/assets/enemyillust/enemy-image/,pipo-enemy018a.png,301x412
01-pipoya/pipo-enemy018b_flat.webp,ぴぽや,ぴぽやポップモンスターイラスト素材 陰影なし,ぴぽや,,ぴぽや 無料素材利用規約（商用可・加工可・素材としての販売不可）,不要,https://pipoya.net/sozai/assets/enemyillust/enemy-image/,pipo-enemy018b.png,300x412
01-pipoya/pipo-enemy018b_shade.webp,ぴぽや,ぴぽやポップモンスターイラスト素材 陰影あり,ぴぽや,,ぴぽや 無料素材利用規約（商用可・加工可・素材としての販売不可）,不要,https://pipoya.net/sozai/assets/enemyillust/enemy-image/,pipo-enemy018b.png,301x412
01-pipoya/pipo-enemy019_flat.webp,ぴぽや,ぴぽやポップモンスターイラスト素材 陰影なし,ぴぽや,,ぴぽや 無料素材利用規約（商用可・加工可・素材としての販売不可）,不要,https://pipoya.net/sozai/assets/enemyillust/enemy-image/,pipo-enemy019.png,444x459
01-pipoya/pipo-enemy019_shade.webp,ぴぽや,ぴぽやポップモンスターイラスト素材 陰影あり,ぴぽや,,ぴぽや 無料素材利用規約（商用可・加工可・素材としての販売不可）,不要,https://pipoya.net/sozai/assets/enemyillust/enemy-image/,pipo-enemy019.png,444x459
01-pipoya/pipo-enemy019a_flat.webp,ぴぽや,ぴぽやポップモンスターイラスト素材 陰影なし,ぴぽや,,ぴぽや 無料素材利用規約（商用可・加工可・素材としての販売不可）,不要,https://pipoya.net/sozai/assets/enemyillust/enemy-image/,pipo-enemy019a.png,444x459
01-pipoya/pipo-enemy019a_shade.webp,ぴぽや,ぴぽやポップモンスターイラスト素材 陰影あり,ぴぽや,,ぴぽや 無料素材利用規約（商用可・加工可・素材としての販売不可）,不要,https://pipoya.net/sozai/assets/enemyillust/enemy-image/,pipo-enemy019a.png,444x459
01-pipoya/pipo-enemy019b_flat.webp,ぴぽや,ぴぽやポップモンスターイラスト素材 陰影なし,ぴぽや,,ぴぽや 無料素材利用規約（商用可・加工可・素材としての販売不可）,不要,https://pipoya.net/sozai/assets/enemyillust/enemy-image/,pipo-enemy019b.png,444x459
01-pipoya/pipo-enemy019b_shade.webp,ぴぽや,ぴぽやポップモンスターイラスト素材 陰影あり,ぴぽや,,ぴぽや 無料素材利用規約（商用可・加工可・素材としての販売不可）,不要,https://pipoya.net/sozai/assets/enemyillust/enemy-image/,pipo-enemy019b.png,444x459
01-pipoya/pipo-enemy020_flat.webp,ぴぽや,ぴぽやポップモンスターイラスト素材 陰影なし,ぴぽや,,ぴぽや 無料素材利用規約（商用可・加工可・素材としての販売不可）,不要,https://pipoya.net/sozai/assets/enemyillust/enemy-image/,pipo-enemy020.png,357x475
01-pipoya/pipo-enemy020_shade.webp,ぴぽや,ぴぽやポップモンスターイラスト素材 陰影あり,ぴぽや,,ぴぽや 無料素材利用規約（商用可・加工可・素材としての販売不可）,不要,https://pipoya.net/sozai/assets/enemyillust/enemy-image/,pipo-enemy020.png,357x475
01-pipoya/pipo-enemy020a_flat.webp,ぴぽや,ぴぽやポップモンスターイラスト素材 陰影なし,ぴぽや,,ぴぽや 無料素材利用規約（商用可・加工可・素材としての販売不可）,不要,https://pipoya.net/sozai/assets/enemyillust/enemy-image/,pipo-enemy020a.png,357x475
01-pipoya/pipo-enemy020a_shade.webp,ぴぽや,ぴぽやポップモンスターイラスト素材 陰影あり,ぴぽや,,ぴぽや 無料素材利用規約（商用可・加工可・素材としての販売不可）,不要,https://pipoya.net/sozai/assets/enemyillust/enemy-image/,pipo-enemy020a.png,357x475
01-pipoya/pipo-enemy020b_flat.webp,ぴぽや,ぴぽやポップモンスターイラスト素材 陰影なし,ぴぽや,,ぴぽや 無料素材利用規約（商用可・加工可・素材としての販売不可）,不要,https://pipoya.net/sozai/assets/enemyillust/enemy-image/,pipo-enemy020b.png,357x475
01-pipoya/pipo-enemy020b_shade.webp,ぴぽや,ぴぽやポップモンスターイラスト素材 陰影あり,ぴぽや,,ぴぽや 無料素材利用規約（商用可・加工可・素材としての販売不可）,不要,https://pipoya.net/sozai/assets/enemyillust/enemy-image/,pipo-enemy020b.png,357x475
01-pipoya/pipo-enemy021_flat.webp,ぴぽや,ぴぽやポップモンスターイラスト素材 陰影なし,ぴぽや,,ぴぽや 無料素材利用規約（商用可・加工可・素材としての販売不可）,不要,https://pipoya.net/sozai/assets/enemyillust/enemy-image/,pipo-enemy021.png,469x463
01-pipoya/pipo-enemy021_shade.webp,ぴぽや,ぴぽやポップモンスターイラスト素材 陰影あり,ぴぽや,,ぴぽや 無料素材利用規約（商用可・加工可・素材としての販売不可）,不要,https://pipoya.net/sozai/assets/enemyillust/enemy-image/,pipo-enemy021.png,469x463
01-pipoya/pipo-enemy021a_flat.webp,ぴぽや,ぴぽやポップモンスターイラスト素材 陰影なし,ぴぽや,,ぴぽや 無料素材利用規約（商用可・加工可・素材としての販売不可）,不要,https://pipoya.net/sozai/assets/enemyillust/enemy-image/,pipo-enemy021a.png,469x463
01-pipoya/pipo-enemy021a_shade.webp,ぴぽや,ぴぽやポップモンスターイラスト素材 陰影あり,ぴぽや,,ぴぽや 無料素材利用規約（商用可・加工可・素材としての販売不可）,不要,https://pipoya.net/sozai/assets/enemyillust/enemy-image/,pipo-enemy021a.png,469x463
01-pipoya/pipo-enemy021b_flat.webp,ぴぽや,ぴぽやポップモンスターイラスト素材 陰影なし,ぴぽや,,ぴぽや 無料素材利用規約（商用可・加工可・素材としての販売不可）,不要,https://pipoya.net/sozai/assets/enemyillust/enemy-image/,pipo-enemy021b.png,469x463
01-pipoya/pipo-enemy021b_shade.webp,ぴぽや,ぴぽやポップモンスターイラスト素材 陰影あり,ぴぽや,,ぴぽや 無料素材利用規約（商用可・加工可・素材としての販売不可）,不要,https://pipoya.net/sozai/assets/enemyillust/enemy-image/,pipo-enemy021b.png,469x463
01-pipoya/pipo-enemy022_flat.webp,ぴぽや,ぴぽやポップモンスターイラスト素材 陰影なし,ぴぽや,,ぴぽや 無料素材利用規約（商用可・加工可・素材としての販売不可）,不要,https://pipoya.net/sozai/assets/enemyillust/enemy-image/,pipo-enemy022.png,389x468
01-pipoya/pipo-enemy022_shade.webp,ぴぽや,ぴぽやポップモンスターイラスト素材 陰影あり,ぴぽや,,ぴぽや 無料素材利用規約（商用可・加工可・素材としての販売不可）,不要,https://pipoya.net/sozai/assets/enemyillust/enemy-image/,pipo-enemy022.png,389x469
01-pipoya/pipo-enemy022a_flat.webp,ぴぽや,ぴぽやポップモンスターイラスト素材 陰影なし,ぴぽや,,ぴぽや 無料素材利用規約（商用可・加工可・素材としての販売不可）,不要,https://pipoya.net/sozai/assets/enemyillust/enemy-image/,pipo-enemy022a.png,389x468
01-pipoya/pipo-enemy022a_shade.webp,ぴぽや,ぴぽやポップモンスターイラスト素材 陰影あり,ぴぽや,,ぴぽや 無料素材利用規約（商用可・加工可・素材としての販売不可）,不要,https://pipoya.net/sozai/assets/enemyillust/enemy-image/,pipo-enemy022a.png,389x469
01-pipoya/pipo-enemy022b_flat.webp,ぴぽや,ぴぽやポップモンスターイラスト素材 陰影なし,ぴぽや,,ぴぽや 無料素材利用規約（商用可・加工可・素材としての販売不可）,不要,https://pipoya.net/sozai/assets/enemyillust/enemy-image/,pipo-enemy022b.png,389x468
01-pipoya/pipo-enemy022b_shade.webp,ぴぽや,ぴぽやポップモンスターイラスト素材 陰影あり,ぴぽや,,ぴぽや 無料素材利用規約（商用可・加工可・素材としての販売不可）,不要,https://pipoya.net/sozai/assets/enemyillust/enemy-image/,pipo-enemy022b.png,389x469
01-pipoya/pipo-enemy023_flat.webp,ぴぽや,ぴぽやポップモンスターイラスト素材 陰影なし,ぴぽや,,ぴぽや 無料素材利用規約（商用可・加工可・素材としての販売不可）,不要,https://pipoya.net/sozai/assets/enemyillust/enemy-image/,pipo-enemy023.png,443x393
01-pipoya/pipo-enemy023_shade.webp,ぴぽや,ぴぽやポップモンスターイラスト素材 陰影あり,ぴぽや,,ぴぽや 無料素材利用規約（商用可・加工可・素材としての販売不可）,不要,https://pipoya.net/sozai/assets/enemyillust/enemy-image/,pipo-enemy023.png,443x393
01-pipoya/pipo-enemy023a_flat.webp,ぴぽや,ぴぽやポップモンスターイラスト素材 陰影なし,ぴぽや,,ぴぽや 無料素材利用規約（商用可・加工可・素材としての販売不可）,不要,https://pipoya.net/sozai/assets/enemyillust/enemy-image/,pipo-enemy023a.png,443x393
01-pipoya/pipo-enemy023a_shade.webp,ぴぽや,ぴぽやポップモンスターイラスト素材 陰影あり,ぴぽや,,ぴぽや 無料素材利用規約（商用可・加工可・素材としての販売不可）,不要,https://pipoya.net/sozai/assets/enemyillust/enemy-image/,pipo-enemy023a.png,443x393
01-pipoya/pipo-enemy023b_flat.webp,ぴぽや,ぴぽやポップモンスターイラスト素材 陰影なし,ぴぽや,,ぴぽや 無料素材利用規約（商用可・加工可・素材としての販売不可）,不要,https://pipoya.net/sozai/assets/enemyillust/enemy-image/,pipo-enemy023b.png,443x393
01-pipoya/pipo-enemy023b_shade.webp,ぴぽや,ぴぽやポップモンスターイラスト素材 陰影あり,ぴぽや,,ぴぽや 無料素材利用規約（商用可・加工可・素材としての販売不可）,不要,https://pipoya.net/sozai/assets/enemyillust/enemy-image/,pipo-enemy023b.png,443x393
01-pipoya/pipo-enemy024_flat.webp,ぴぽや,ぴぽやポップモンスターイラスト素材 陰影なし,ぴぽや,,ぴぽや 無料素材利用規約（商用可・加工可・素材としての販売不可）,不要,https://pipoya.net/sozai/assets/enemyillust/enemy-image/,pipo-enemy024.png,362x430
01-pipoya/pipo-enemy024_shade.webp,ぴぽや,ぴぽやポップモンスターイラスト素材 陰影あり,ぴぽや,,ぴぽや 無料素材利用規約（商用可・加工可・素材としての販売不可）,不要,https://pipoya.net/sozai/assets/enemyillust/enemy-image/,pipo-enemy024.png,363x430
01-pipoya/pipo-enemy024a_flat.webp,ぴぽや,ぴぽやポップモンスターイラスト素材 陰影なし,ぴぽや,,ぴぽや 無料素材利用規約（商用可・加工可・素材としての販売不可）,不要,https://pipoya.net/sozai/assets/enemyillust/enemy-image/,pipo-enemy024a.png,362x430
01-pipoya/pipo-enemy024a_shade.webp,ぴぽや,ぴぽやポップモンスターイラスト素材 陰影あり,ぴぽや,,ぴぽや 無料素材利用規約（商用可・加工可・素材としての販売不可）,不要,https://pipoya.net/sozai/assets/enemyillust/enemy-image/,pipo-enemy024a.png,362x430
01-pipoya/pipo-enemy024b_flat.webp,ぴぽや,ぴぽやポップモンスターイラスト素材 陰影なし,ぴぽや,,ぴぽや 無料素材利用規約（商用可・加工可・素材としての販売不可）,不要,https://pipoya.net/sozai/assets/enemyillust/enemy-image/,pipo-enemy024b.png,362x430
01-pipoya/pipo-enemy024b_shade.webp,ぴぽや,ぴぽやポップモンスターイラスト素材 陰影あり,ぴぽや,,ぴぽや 無料素材利用規約（商用可・加工可・素材としての販売不可）,不要,https://pipoya.net/sozai/assets/enemyillust/enemy-image/,pipo-enemy024b.png,362x430
01-pipoya/pipo-enemy025_flat.webp,ぴぽや,ぴぽやポップモンスターイラスト素材 陰影なし,ぴぽや,,ぴぽや 無料素材利用規約（商用可・加工可・素材としての販売不可）,不要,https://pipoya.net/sozai/assets/enemyillust/enemy-image/,pipo-enemy025.png,458x363
01-pipoya/pipo-enemy025b_flat.webp,ぴぽや,ぴぽやポップモンスターイラスト素材 陰影なし,ぴぽや,,ぴぽや 無料素材利用規約（商用可・加工可・素材としての販売不可）,不要,https://pipoya.net/sozai/assets/enemyillust/enemy-image/,pipo-enemy025b.png,458x363
01-pipoya/pipo-enemy025b_shade.webp,ぴぽや,ぴぽやポップモンスターイラスト素材 陰影あり,ぴぽや,,ぴぽや 無料素材利用規約（商用可・加工可・素材としての販売不可）,不要,https://pipoya.net/sozai/assets/enemyillust/enemy-image/,pipo-enemy025b.png,459x363
01-pipoya/pipo-enemy026_flat.webp,ぴぽや,ぴぽやポップモンスターイラスト素材 陰影なし,ぴぽや,,ぴぽや 無料素材利用規約（商用可・加工可・素材としての販売不可）,不要,https://pipoya.net/sozai/assets/enemyillust/enemy-image/,pipo-enemy026.png,461x448
01-pipoya/pipo-enemy026_shade.webp,ぴぽや,ぴぽやポップモンスターイラスト素材 陰影あり,ぴぽや,,ぴぽや 無料素材利用規約（商用可・加工可・素材としての販売不可）,不要,https://pipoya.net/sozai/assets/enemyillust/enemy-image/,pipo-enemy026.png,462x448
01-pipoya/pipo-enemy026a_flat.webp,ぴぽや,ぴぽやポップモンスターイラスト素材 陰影なし,ぴぽや,,ぴぽや 無料素材利用規約（商用可・加工可・素材としての販売不可）,不要,https://pipoya.net/sozai/assets/enemyillust/enemy-image/,pipo-enemy026a.png,462x448
01-pipoya/pipo-enemy026a_shade.webp,ぴぽや,ぴぽやポップモンスターイラスト素材 陰影あり,ぴぽや,,ぴぽや 無料素材利用規約（商用可・加工可・素材としての販売不可）,不要,https://pipoya.net/sozai/assets/enemyillust/enemy-image/,pipo-enemy026a.png,462x448
01-pipoya/pipo-enemy026b_flat.webp,ぴぽや,ぴぽやポップモンスターイラスト素材 陰影なし,ぴぽや,,ぴぽや 無料素材利用規約（商用可・加工可・素材としての販売不可）,不要,https://pipoya.net/sozai/assets/enemyillust/enemy-image/,pipo-enemy026b.png,462x448
01-pipoya/pipo-enemy026b_shade.webp,ぴぽや,ぴぽやポップモンスターイラスト素材 陰影あり,ぴぽや,,ぴぽや 無料素材利用規約（商用可・加工可・素材としての販売不可）,不要,https://pipoya.net/sozai/assets/enemyillust/enemy-image/,pipo-enemy026b.png,462x448
01-pipoya/pipo-enemy027_flat.webp,ぴぽや,ぴぽやポップモンスターイラスト素材 陰影なし,ぴぽや,,ぴぽや 無料素材利用規約（商用可・加工可・素材としての販売不可）,不要,https://pipoya.net/sozai/assets/enemyillust/enemy-image/,pipo-enemy027.png,388x280
01-pipoya/pipo-enemy027_shade.webp,ぴぽや,ぴぽやポップモンスターイラスト素材 陰影あり,ぴぽや,,ぴぽや 無料素材利用規約（商用可・加工可・素材としての販売不可）,不要,https://pipoya.net/sozai/assets/enemyillust/enemy-image/,pipo-enemy027.png,388x280
01-pipoya/pipo-enemy027a_flat.webp,ぴぽや,ぴぽやポップモンスターイラスト素材 陰影なし,ぴぽや,,ぴぽや 無料素材利用規約（商用可・加工可・素材としての販売不可）,不要,https://pipoya.net/sozai/assets/enemyillust/enemy-image/,pipo-enemy027a.png,388x280
01-pipoya/pipo-enemy027a_shade.webp,ぴぽや,ぴぽやポップモンスターイラスト素材 陰影あり,ぴぽや,,ぴぽや 無料素材利用規約（商用可・加工可・素材としての販売不可）,不要,https://pipoya.net/sozai/assets/enemyillust/enemy-image/,pipo-enemy027a.png,388x280
01-pipoya/pipo-enemy027b_flat.webp,ぴぽや,ぴぽやポップモンスターイラスト素材 陰影なし,ぴぽや,,ぴぽや 無料素材利用規約（商用可・加工可・素材としての販売不可）,不要,https://pipoya.net/sozai/assets/enemyillust/enemy-image/,pipo-enemy027b.png,388x280
01-pipoya/pipo-enemy027b_shade.webp,ぴぽや,ぴぽやポップモンスターイラスト素材 陰影あり,ぴぽや,,ぴぽや 無料素材利用規約（商用可・加工可・素材としての販売不可）,不要,https://pipoya.net/sozai/assets/enemyillust/enemy-image/,pipo-enemy027b.png,388x280
01-pipoya/pipo-enemy028_flat.webp,ぴぽや,ぴぽやポップモンスターイラスト素材 陰影なし,ぴぽや,,ぴぽや 無料素材利用規約（商用可・加工可・素材としての販売不可）,不要,https://pipoya.net/sozai/assets/enemyillust/enemy-image/,pipo-enemy028.png,377x322
01-pipoya/pipo-enemy028_shade.webp,ぴぽや,ぴぽやポップモンスターイラスト素材 陰影あり,ぴぽや,,ぴぽや 無料素材利用規約（商用可・加工可・素材としての販売不可）,不要,https://pipoya.net/sozai/assets/enemyillust/enemy-image/,pipo-enemy028.png,377x322
01-pipoya/pipo-enemy028a_flat.webp,ぴぽや,ぴぽやポップモンスターイラスト素材 陰影なし,ぴぽや,,ぴぽや 無料素材利用規約（商用可・加工可・素材としての販売不可）,不要,https://pipoya.net/sozai/assets/enemyillust/enemy-image/,pipo-enemy028a.png,378x322
01-pipoya/pipo-enemy028a_shade.webp,ぴぽや,ぴぽやポップモンスターイラスト素材 陰影あり,ぴぽや,,ぴぽや 無料素材利用規約（商用可・加工可・素材としての販売不可）,不要,https://pipoya.net/sozai/assets/enemyillust/enemy-image/,pipo-enemy028a.png,378x322
01-pipoya/pipo-enemy028b_flat.webp,ぴぽや,ぴぽやポップモンスターイラスト素材 陰影なし,ぴぽや,,ぴぽや 無料素材利用規約（商用可・加工可・素材としての販売不可）,不要,https://pipoya.net/sozai/assets/enemyillust/enemy-image/,pipo-enemy028b.png,377x322
01-pipoya/pipo-enemy028b_shade.webp,ぴぽや,ぴぽやポップモンスターイラスト素材 陰影あり,ぴぽや,,ぴぽや 無料素材利用規約（商用可・加工可・素材としての販売不可）,不要,https://pipoya.net/sozai/assets/enemyillust/enemy-image/,pipo-enemy028b.png,377x322
01-pipoya/pipo-enemy029_flat.webp,ぴぽや,ぴぽやポップモンスターイラスト素材 陰影なし,ぴぽや,,ぴぽや 無料素材利用規約（商用可・加工可・素材としての販売不可）,不要,https://pipoya.net/sozai/assets/enemyillust/enemy-image/,pipo-enemy029.png,332x417
01-pipoya/pipo-enemy029_shade.webp,ぴぽや,ぴぽやポップモンスターイラスト素材 陰影あり,ぴぽや,,ぴぽや 無料素材利用規約（商用可・加工可・素材としての販売不可）,不要,https://pipoya.net/sozai/assets/enemyillust/enemy-image/,pipo-enemy029.png,333x417
01-pipoya/pipo-enemy029a_flat.webp,ぴぽや,ぴぽやポップモンスターイラスト素材 陰影なし,ぴぽや,,ぴぽや 無料素材利用規約（商用可・加工可・素材としての販売不可）,不要,https://pipoya.net/sozai/assets/enemyillust/enemy-image/,pipo-enemy029a.png,332x417
01-pipoya/pipo-enemy029a_shade.webp,ぴぽや,ぴぽやポップモンスターイラスト素材 陰影あり,ぴぽや,,ぴぽや 無料素材利用規約（商用可・加工可・素材としての販売不可）,不要,https://pipoya.net/sozai/assets/enemyillust/enemy-image/,pipo-enemy029a.png,332x417
01-pipoya/pipo-enemy029b_flat.webp,ぴぽや,ぴぽやポップモンスターイラスト素材 陰影なし,ぴぽや,,ぴぽや 無料素材利用規約（商用可・加工可・素材としての販売不可）,不要,https://pipoya.net/sozai/assets/enemyillust/enemy-image/,pipo-enemy029b.png,333x417
01-pipoya/pipo-enemy029b_shade.webp,ぴぽや,ぴぽやポップモンスターイラスト素材 陰影あり,ぴぽや,,ぴぽや 無料素材利用規約（商用可・加工可・素材としての販売不可）,不要,https://pipoya.net/sozai/assets/enemyillust/enemy-image/,pipo-enemy029b.png,333x417
01-pipoya/pipo-enemy030_flat.webp,ぴぽや,ぴぽやポップモンスターイラスト素材 陰影なし,ぴぽや,,ぴぽや 無料素材利用規約（商用可・加工可・素材としての販売不可）,不要,https://pipoya.net/sozai/assets/enemyillust/enemy-image/,pipo-enemy030.png,192x258
01-pipoya/pipo-enemy030_shade.webp,ぴぽや,ぴぽやポップモンスターイラスト素材 陰影あり,ぴぽや,,ぴぽや 無料素材利用規約（商用可・加工可・素材としての販売不可）,不要,https://pipoya.net/sozai/assets/enemyillust/enemy-image/,pipo-enemy030.png,193x258
01-pipoya/pipo-enemy030a_flat.webp,ぴぽや,ぴぽやポップモンスターイラスト素材 陰影なし,ぴぽや,,ぴぽや 無料素材利用規約（商用可・加工可・素材としての販売不可）,不要,https://pipoya.net/sozai/assets/enemyillust/enemy-image/,pipo-enemy030a.png,193x258
01-pipoya/pipo-enemy030a_shade.webp,ぴぽや,ぴぽやポップモンスターイラスト素材 陰影あり,ぴぽや,,ぴぽや 無料素材利用規約（商用可・加工可・素材としての販売不可）,不要,https://pipoya.net/sozai/assets/enemyillust/enemy-image/,pipo-enemy030a.png,193x258
01-pipoya/pipo-enemy030b_flat.webp,ぴぽや,ぴぽやポップモンスターイラスト素材 陰影なし,ぴぽや,,ぴぽや 無料素材利用規約（商用可・加工可・素材としての販売不可）,不要,https://pipoya.net/sozai/assets/enemyillust/enemy-image/,pipo-enemy030b.png,193x258
01-pipoya/pipo-enemy030b_shade.webp,ぴぽや,ぴぽやポップモンスターイラスト素材 陰影あり,ぴぽや,,ぴぽや 無料素材利用規約（商用可・加工可・素材としての販売不可）,不要,https://pipoya.net/sozai/assets/enemyillust/enemy-image/,pipo-enemy030b.png,193x258
01-pipoya/pipo-enemy031_shade.webp,ぴぽや,ぴぽやポップモンスターイラスト素材 陰影あり,ぴぽや,,ぴぽや 無料素材利用規約（商用可・加工可・素材としての販売不可）,不要,https://pipoya.net/sozai/assets/enemyillust/enemy-image/,pipo-enemy031.png,256x279
01-pipoya/pipo-enemy031a_shade.webp,ぴぽや,ぴぽやポップモンスターイラスト素材 陰影あり,ぴぽや,,ぴぽや 無料素材利用規約（商用可・加工可・素材としての販売不可）,不要,https://pipoya.net/sozai/assets/enemyillust/enemy-image/,pipo-enemy031a.png,257x279
01-pipoya/pipo-enemy032_flat.webp,ぴぽや,ぴぽやポップモンスターイラスト素材 陰影なし,ぴぽや,,ぴぽや 無料素材利用規約（商用可・加工可・素材としての販売不可）,不要,https://pipoya.net/sozai/assets/enemyillust/enemy-image/,pipo-enemy032.png,340x249
01-pipoya/pipo-enemy032_shade.webp,ぴぽや,ぴぽやポップモンスターイラスト素材 陰影あり,ぴぽや,,ぴぽや 無料素材利用規約（商用可・加工可・素材としての販売不可）,不要,https://pipoya.net/sozai/assets/enemyillust/enemy-image/,pipo-enemy032.png,340x249
01-pipoya/pipo-enemy032a_flat.webp,ぴぽや,ぴぽやポップモンスターイラスト素材 陰影なし,ぴぽや,,ぴぽや 無料素材利用規約（商用可・加工可・素材としての販売不可）,不要,https://pipoya.net/sozai/assets/enemyillust/enemy-image/,pipo-enemy032a.png,340x249
01-pipoya/pipo-enemy032a_shade.webp,ぴぽや,ぴぽやポップモンスターイラスト素材 陰影あり,ぴぽや,,ぴぽや 無料素材利用規約（商用可・加工可・素材としての販売不可）,不要,https://pipoya.net/sozai/assets/enemyillust/enemy-image/,pipo-enemy032a.png,340x249
01-pipoya/pipo-enemy032b_flat.webp,ぴぽや,ぴぽやポップモンスターイラスト素材 陰影なし,ぴぽや,,ぴぽや 無料素材利用規約（商用可・加工可・素材としての販売不可）,不要,https://pipoya.net/sozai/assets/enemyillust/enemy-image/,pipo-enemy032b.png,339x249
01-pipoya/pipo-enemy032b_shade.webp,ぴぽや,ぴぽやポップモンスターイラスト素材 陰影あり,ぴぽや,,ぴぽや 無料素材利用規約（商用可・加工可・素材としての販売不可）,不要,https://pipoya.net/sozai/assets/enemyillust/enemy-image/,pipo-enemy032b.png,340x249
01-pipoya/pipo-enemy033_flat.webp,ぴぽや,ぴぽやポップモンスターイラスト素材 陰影なし,ぴぽや,,ぴぽや 無料素材利用規約（商用可・加工可・素材としての販売不可）,不要,https://pipoya.net/sozai/assets/enemyillust/enemy-image/,pipo-enemy033.png,462x368
01-pipoya/pipo-enemy033_shade.webp,ぴぽや,ぴぽやポップモンスターイラスト素材 陰影あり,ぴぽや,,ぴぽや 無料素材利用規約（商用可・加工可・素材としての販売不可）,不要,https://pipoya.net/sozai/assets/enemyillust/enemy-image/,pipo-enemy033.png,462x368
01-pipoya/pipo-enemy033a_flat.webp,ぴぽや,ぴぽやポップモンスターイラスト素材 陰影なし,ぴぽや,,ぴぽや 無料素材利用規約（商用可・加工可・素材としての販売不可）,不要,https://pipoya.net/sozai/assets/enemyillust/enemy-image/,pipo-enemy033a.png,463x368
01-pipoya/pipo-enemy033a_shade.webp,ぴぽや,ぴぽやポップモンスターイラスト素材 陰影あり,ぴぽや,,ぴぽや 無料素材利用規約（商用可・加工可・素材としての販売不可）,不要,https://pipoya.net/sozai/assets/enemyillust/enemy-image/,pipo-enemy033a.png,463x368
01-pipoya/pipo-enemy033b_flat.webp,ぴぽや,ぴぽやポップモンスターイラスト素材 陰影なし,ぴぽや,,ぴぽや 無料素材利用規約（商用可・加工可・素材としての販売不可）,不要,https://pipoya.net/sozai/assets/enemyillust/enemy-image/,pipo-enemy033b.png,463x368
01-pipoya/pipo-enemy033b_shade.webp,ぴぽや,ぴぽやポップモンスターイラスト素材 陰影あり,ぴぽや,,ぴぽや 無料素材利用規約（商用可・加工可・素材としての販売不可）,不要,https://pipoya.net/sozai/assets/enemyillust/enemy-image/,pipo-enemy033b.png,463x368
01-pipoya/pipo-enemy034_flat.webp,ぴぽや,ぴぽやポップモンスターイラスト素材 陰影なし,ぴぽや,,ぴぽや 無料素材利用規約（商用可・加工可・素材としての販売不可）,不要,https://pipoya.net/sozai/assets/enemyillust/enemy-image/,pipo-enemy034.png,203x210
01-pipoya/pipo-enemy034_shade.webp,ぴぽや,ぴぽやポップモンスターイラスト素材 陰影あり,ぴぽや,,ぴぽや 無料素材利用規約（商用可・加工可・素材としての販売不可）,不要,https://pipoya.net/sozai/assets/enemyillust/enemy-image/,pipo-enemy034.png,204x210
01-pipoya/pipo-enemy034a_flat.webp,ぴぽや,ぴぽやポップモンスターイラスト素材 陰影なし,ぴぽや,,ぴぽや 無料素材利用規約（商用可・加工可・素材としての販売不可）,不要,https://pipoya.net/sozai/assets/enemyillust/enemy-image/,pipo-enemy034a.png,202x210
01-pipoya/pipo-enemy034a_shade.webp,ぴぽや,ぴぽやポップモンスターイラスト素材 陰影あり,ぴぽや,,ぴぽや 無料素材利用規約（商用可・加工可・素材としての販売不可）,不要,https://pipoya.net/sozai/assets/enemyillust/enemy-image/,pipo-enemy034a.png,203x210
01-pipoya/pipo-enemy034b_flat.webp,ぴぽや,ぴぽやポップモンスターイラスト素材 陰影なし,ぴぽや,,ぴぽや 無料素材利用規約（商用可・加工可・素材としての販売不可）,不要,https://pipoya.net/sozai/assets/enemyillust/enemy-image/,pipo-enemy034b.png,203x210
01-pipoya/pipo-enemy034b_shade.webp,ぴぽや,ぴぽやポップモンスターイラスト素材 陰影あり,ぴぽや,,ぴぽや 無料素材利用規約（商用可・加工可・素材としての販売不可）,不要,https://pipoya.net/sozai/assets/enemyillust/enemy-image/,pipo-enemy034b.png,204x210
01-pipoya/pipo-enemy036_flat.webp,ぴぽや,ぴぽやポップモンスターイラスト素材 陰影なし,ぴぽや,,ぴぽや 無料素材利用規約（商用可・加工可・素材としての販売不可）,不要,https://pipoya.net/sozai/assets/enemyillust/enemy-image/,pipo-enemy036.png,320x266
01-pipoya/pipo-enemy036_shade.webp,ぴぽや,ぴぽやポップモンスターイラスト素材 陰影あり,ぴぽや,,ぴぽや 無料素材利用規約（商用可・加工可・素材としての販売不可）,不要,https://pipoya.net/sozai/assets/enemyillust/enemy-image/,pipo-enemy036.png,320x266
01-pipoya/pipo-enemy036a_flat.webp,ぴぽや,ぴぽやポップモンスターイラスト素材 陰影なし,ぴぽや,,ぴぽや 無料素材利用規約（商用可・加工可・素材としての販売不可）,不要,https://pipoya.net/sozai/assets/enemyillust/enemy-image/,pipo-enemy036a.png,320x266
01-pipoya/pipo-enemy036a_shade.webp,ぴぽや,ぴぽやポップモンスターイラスト素材 陰影あり,ぴぽや,,ぴぽや 無料素材利用規約（商用可・加工可・素材としての販売不可）,不要,https://pipoya.net/sozai/assets/enemyillust/enemy-image/,pipo-enemy036a.png,320x266
01-pipoya/pipo-enemy036b_flat.webp,ぴぽや,ぴぽやポップモンスターイラスト素材 陰影なし,ぴぽや,,ぴぽや 無料素材利用規約（商用可・加工可・素材としての販売不可）,不要,https://pipoya.net/sozai/assets/enemyillust/enemy-image/,pipo-enemy036b.png,320x266
01-pipoya/pipo-enemy036b_shade.webp,ぴぽや,ぴぽやポップモンスターイラスト素材 陰影あり,ぴぽや,,ぴぽや 無料素材利用規約（商用可・加工可・素材としての販売不可）,不要,https://pipoya.net/sozai/assets/enemyillust/enemy-image/,pipo-enemy036b.png,320x266
01-pipoya/pipo-enemy037_flat.webp,ぴぽや,ぴぽやポップモンスターイラスト素材 陰影なし,ぴぽや,,ぴぽや 無料素材利用規約（商用可・加工可・素材としての販売不可）,不要,https://pipoya.net/sozai/assets/enemyillust/enemy-image/,pipo-enemy037.png,406x394
01-pipoya/pipo-enemy037_shade.webp,ぴぽや,ぴぽやポップモンスターイラスト素材 陰影あり,ぴぽや,,ぴぽや 無料素材利用規約（商用可・加工可・素材としての販売不可）,不要,https://pipoya.net/sozai/assets/enemyillust/enemy-image/,pipo-enemy037.png,406x394
01-pipoya/pipo-enemy037a_flat.webp,ぴぽや,ぴぽやポップモンスターイラスト素材 陰影なし,ぴぽや,,ぴぽや 無料素材利用規約（商用可・加工可・素材としての販売不可）,不要,https://pipoya.net/sozai/assets/enemyillust/enemy-image/,pipo-enemy037a.png,408x394
01-pipoya/pipo-enemy037a_shade.webp,ぴぽや,ぴぽやポップモンスターイラスト素材 陰影あり,ぴぽや,,ぴぽや 無料素材利用規約（商用可・加工可・素材としての販売不可）,不要,https://pipoya.net/sozai/assets/enemyillust/enemy-image/,pipo-enemy037a.png,408x394
01-pipoya/pipo-enemy038_flat.webp,ぴぽや,ぴぽやポップモンスターイラスト素材 陰影なし,ぴぽや,,ぴぽや 無料素材利用規約（商用可・加工可・素材としての販売不可）,不要,https://pipoya.net/sozai/assets/enemyillust/enemy-image/,pipo-enemy038.png,313x402
01-pipoya/pipo-enemy038_shade.webp,ぴぽや,ぴぽやポップモンスターイラスト素材 陰影あり,ぴぽや,,ぴぽや 無料素材利用規約（商用可・加工可・素材としての販売不可）,不要,https://pipoya.net/sozai/assets/enemyillust/enemy-image/,pipo-enemy038.png,346x402
01-pipoya/pipo-enemy038a_flat.webp,ぴぽや,ぴぽやポップモンスターイラスト素材 陰影なし,ぴぽや,,ぴぽや 無料素材利用規約（商用可・加工可・素材としての販売不可）,不要,https://pipoya.net/sozai/assets/enemyillust/enemy-image/,pipo-enemy038a.png,312x402
01-pipoya/pipo-enemy038a_shade.webp,ぴぽや,ぴぽやポップモンスターイラスト素材 陰影あり,ぴぽや,,ぴぽや 無料素材利用規約（商用可・加工可・素材としての販売不可）,不要,https://pipoya.net/sozai/assets/enemyillust/enemy-image/,pipo-enemy038a.png,345x402
01-pipoya/pipo-enemy038b_flat.webp,ぴぽや,ぴぽやポップモンスターイラスト素材 陰影なし,ぴぽや,,ぴぽや 無料素材利用規約（商用可・加工可・素材としての販売不可）,不要,https://pipoya.net/sozai/assets/enemyillust/enemy-image/,pipo-enemy038b.png,313x402
01-pipoya/pipo-enemy038b_shade.webp,ぴぽや,ぴぽやポップモンスターイラスト素材 陰影あり,ぴぽや,,ぴぽや 無料素材利用規約（商用可・加工可・素材としての販売不可）,不要,https://pipoya.net/sozai/assets/enemyillust/enemy-image/,pipo-enemy038b.png,343x402
01-pipoya/pipo-enemy039_flat.webp,ぴぽや,ぴぽやポップモンスターイラスト素材 陰影なし,ぴぽや,,ぴぽや 無料素材利用規約（商用可・加工可・素材としての販売不可）,不要,https://pipoya.net/sozai/assets/enemyillust/enemy-image/,pipo-enemy039.png,323x313
01-pipoya/pipo-enemy039_shade.webp,ぴぽや,ぴぽやポップモンスターイラスト素材 陰影あり,ぴぽや,,ぴぽや 無料素材利用規約（商用可・加工可・素材としての販売不可）,不要,https://pipoya.net/sozai/assets/enemyillust/enemy-image/,pipo-enemy039.png,323x313
01-pipoya/pipo-enemy039a_flat.webp,ぴぽや,ぴぽやポップモンスターイラスト素材 陰影なし,ぴぽや,,ぴぽや 無料素材利用規約（商用可・加工可・素材としての販売不可）,不要,https://pipoya.net/sozai/assets/enemyillust/enemy-image/,pipo-enemy039a.png,324x313
01-pipoya/pipo-enemy039a_shade.webp,ぴぽや,ぴぽやポップモンスターイラスト素材 陰影あり,ぴぽや,,ぴぽや 無料素材利用規約（商用可・加工可・素材としての販売不可）,不要,https://pipoya.net/sozai/assets/enemyillust/enemy-image/,pipo-enemy039a.png,324x313
01-pipoya/pipo-enemy039b_shade.webp,ぴぽや,ぴぽやポップモンスターイラスト素材 陰影あり,ぴぽや,,ぴぽや 無料素材利用規約（商用可・加工可・素材としての販売不可）,不要,https://pipoya.net/sozai/assets/enemyillust/enemy-image/,pipo-enemy039b.png,324x313
01-pipoya/pipo-enemy040_flat.webp,ぴぽや,ぴぽやポップモンスターイラスト素材 陰影なし,ぴぽや,,ぴぽや 無料素材利用規約（商用可・加工可・素材としての販売不可）,不要,https://pipoya.net/sozai/assets/enemyillust/enemy-image/,pipo-enemy040.png,367x349
01-pipoya/pipo-enemy040_shade.webp,ぴぽや,ぴぽやポップモンスターイラスト素材 陰影あり,ぴぽや,,ぴぽや 無料素材利用規約（商用可・加工可・素材としての販売不可）,不要,https://pipoya.net/sozai/assets/enemyillust/enemy-image/,pipo-enemy040.png,367x349
01-pipoya/pipo-enemy040a_flat.webp,ぴぽや,ぴぽやポップモンスターイラスト素材 陰影なし,ぴぽや,,ぴぽや 無料素材利用規約（商用可・加工可・素材としての販売不可）,不要,https://pipoya.net/sozai/assets/enemyillust/enemy-image/,pipo-enemy040a.png,366x349
01-pipoya/pipo-enemy040a_shade.webp,ぴぽや,ぴぽやポップモンスターイラスト素材 陰影あり,ぴぽや,,ぴぽや 無料素材利用規約（商用可・加工可・素材としての販売不可）,不要,https://pipoya.net/sozai/assets/enemyillust/enemy-image/,pipo-enemy040a.png,366x349
01-pipoya/pipo-enemy040b_flat.webp,ぴぽや,ぴぽやポップモンスターイラスト素材 陰影なし,ぴぽや,,ぴぽや 無料素材利用規約（商用可・加工可・素材としての販売不可）,不要,https://pipoya.net/sozai/assets/enemyillust/enemy-image/,pipo-enemy040b.png,366x349
01-pipoya/pipo-enemy040b_shade.webp,ぴぽや,ぴぽやポップモンスターイラスト素材 陰影あり,ぴぽや,,ぴぽや 無料素材利用規約（商用可・加工可・素材としての販売不可）,不要,https://pipoya.net/sozai/assets/enemyillust/enemy-image/,pipo-enemy040b.png,367x349
01-pipoya/pipo-enemy041_flat.webp,ぴぽや,ぴぽやポップモンスターイラスト素材 陰影なし,ぴぽや,,ぴぽや 無料素材利用規約（商用可・加工可・素材としての販売不可）,不要,https://pipoya.net/sozai/assets/enemyillust/enemy-image/,pipo-enemy041.png,302x322
01-pipoya/pipo-enemy041_shade.webp,ぴぽや,ぴぽやポップモンスターイラスト素材 陰影あり,ぴぽや,,ぴぽや 無料素材利用規約（商用可・加工可・素材としての販売不可）,不要,https://pipoya.net/sozai/assets/enemyillust/enemy-image/,pipo-enemy041.png,302x322
01-pipoya/pipo-enemy041a_flat.webp,ぴぽや,ぴぽやポップモンスターイラスト素材 陰影なし,ぴぽや,,ぴぽや 無料素材利用規約（商用可・加工可・素材としての販売不可）,不要,https://pipoya.net/sozai/assets/enemyillust/enemy-image/,pipo-enemy041a.png,302x322
01-pipoya/pipo-enemy041a_shade.webp,ぴぽや,ぴぽやポップモンスターイラスト素材 陰影あり,ぴぽや,,ぴぽや 無料素材利用規約（商用可・加工可・素材としての販売不可）,不要,https://pipoya.net/sozai/assets/enemyillust/enemy-image/,pipo-enemy041a.png,302x322
01-pipoya/pipo-enemy041b_flat.webp,ぴぽや,ぴぽやポップモンスターイラスト素材 陰影なし,ぴぽや,,ぴぽや 無料素材利用規約（商用可・加工可・素材としての販売不可）,不要,https://pipoya.net/sozai/assets/enemyillust/enemy-image/,pipo-enemy041b.png,302x322
01-pipoya/pipo-enemy041b_shade.webp,ぴぽや,ぴぽやポップモンスターイラスト素材 陰影あり,ぴぽや,,ぴぽや 無料素材利用規約（商用可・加工可・素材としての販売不可）,不要,https://pipoya.net/sozai/assets/enemyillust/enemy-image/,pipo-enemy041b.png,302x322
01-pipoya/pipo-enemy042_flat.webp,ぴぽや,ぴぽやポップモンスターイラスト素材 陰影なし,ぴぽや,,ぴぽや 無料素材利用規約（商用可・加工可・素材としての販売不可）,不要,https://pipoya.net/sozai/assets/enemyillust/enemy-image/,pipo-enemy042.png,467x289
01-pipoya/pipo-enemy042_shade.webp,ぴぽや,ぴぽやポップモンスターイラスト素材 陰影あり,ぴぽや,,ぴぽや 無料素材利用規約（商用可・加工可・素材としての販売不可）,不要,https://pipoya.net/sozai/assets/enemyillust/enemy-image/,pipo-enemy042.png,467x289
01-pipoya/pipo-enemy042a_flat.webp,ぴぽや,ぴぽやポップモンスターイラスト素材 陰影なし,ぴぽや,,ぴぽや 無料素材利用規約（商用可・加工可・素材としての販売不可）,不要,https://pipoya.net/sozai/assets/enemyillust/enemy-image/,pipo-enemy042a.png,468x289
01-pipoya/pipo-enemy042a_shade.webp,ぴぽや,ぴぽやポップモンスターイラスト素材 陰影あり,ぴぽや,,ぴぽや 無料素材利用規約（商用可・加工可・素材としての販売不可）,不要,https://pipoya.net/sozai/assets/enemyillust/enemy-image/,pipo-enemy042a.png,468x289
01-pipoya/pipo-enemy042b_flat.webp,ぴぽや,ぴぽやポップモンスターイラスト素材 陰影なし,ぴぽや,,ぴぽや 無料素材利用規約（商用可・加工可・素材としての販売不可）,不要,https://pipoya.net/sozai/assets/enemyillust/enemy-image/,pipo-enemy042b.png,467x289
01-pipoya/pipo-enemy042b_shade.webp,ぴぽや,ぴぽやポップモンスターイラスト素材 陰影あり,ぴぽや,,ぴぽや 無料素材利用規約（商用可・加工可・素材としての販売不可）,不要,https://pipoya.net/sozai/assets/enemyillust/enemy-image/,pipo-enemy042b.png,467x289
01-pipoya/pipo-enemy043_flat.webp,ぴぽや,ぴぽやポップモンスターイラスト素材 陰影なし,ぴぽや,,ぴぽや 無料素材利用規約（商用可・加工可・素材としての販売不可）,不要,https://pipoya.net/sozai/assets/enemyillust/enemy-image/,pipo-enemy043.png,592x535
01-pipoya/pipo-enemy043_shade.webp,ぴぽや,ぴぽやポップモンスターイラスト素材 陰影あり,ぴぽや,,ぴぽや 無料素材利用規約（商用可・加工可・素材としての販売不可）,不要,https://pipoya.net/sozai/assets/enemyillust/enemy-image/,pipo-enemy043.png,592x535
01-pipoya/pipo-enemy044_flat.webp,ぴぽや,ぴぽやポップモンスターイラスト素材 陰影なし,ぴぽや,,ぴぽや 無料素材利用規約（商用可・加工可・素材としての販売不可）,不要,https://pipoya.net/sozai/assets/enemyillust/enemy-image/,pipo-enemy044.png,572x593
01-pipoya/pipo-enemy044_shade.webp,ぴぽや,ぴぽやポップモンスターイラスト素材 陰影あり,ぴぽや,,ぴぽや 無料素材利用規約（商用可・加工可・素材としての販売不可）,不要,https://pipoya.net/sozai/assets/enemyillust/enemy-image/,pipo-enemy044.png,572x593
01-pipoya/pipo-enemy044b_flat.webp,ぴぽや,ぴぽやポップモンスターイラスト素材 陰影なし,ぴぽや,,ぴぽや 無料素材利用規約（商用可・加工可・素材としての販売不可）,不要,https://pipoya.net/sozai/assets/enemyillust/enemy-image/,pipo-enemy044b.png,573x593
01-pipoya/pipo-enemy044b_shade.webp,ぴぽや,ぴぽやポップモンスターイラスト素材 陰影あり,ぴぽや,,ぴぽや 無料素材利用規約（商用可・加工可・素材としての販売不可）,不要,https://pipoya.net/sozai/assets/enemyillust/enemy-image/,pipo-enemy044b.png,573x593
01-pipoya/pipo-enemy044c_flat.webp,ぴぽや,ぴぽやポップモンスターイラスト素材 陰影なし,ぴぽや,,ぴぽや 無料素材利用規約（商用可・加工可・素材としての販売不可）,不要,https://pipoya.net/sozai/assets/enemyillust/enemy-image/,pipo-enemy044c.png,572x593
01-pipoya/pipo-enemy044c_shade.webp,ぴぽや,ぴぽやポップモンスターイラスト素材 陰影あり,ぴぽや,,ぴぽや 無料素材利用規約（商用可・加工可・素材としての販売不可）,不要,https://pipoya.net/sozai/assets/enemyillust/enemy-image/,pipo-enemy044c.png,572x593
01-pipoya/pipo-enemy044d_flat.webp,ぴぽや,ぴぽやポップモンスターイラスト素材 陰影なし,ぴぽや,,ぴぽや 無料素材利用規約（商用可・加工可・素材としての販売不可）,不要,https://pipoya.net/sozai/assets/enemyillust/enemy-image/,pipo-enemy044d.png,572x593
01-pipoya/pipo-enemy044d_shade.webp,ぴぽや,ぴぽやポップモンスターイラスト素材 陰影あり,ぴぽや,,ぴぽや 無料素材利用規約（商用可・加工可・素材としての販売不可）,不要,https://pipoya.net/sozai/assets/enemyillust/enemy-image/,pipo-enemy044d.png,572x593
01-pipoya/pipo-enemy044e_flat.webp,ぴぽや,ぴぽやポップモンスターイラスト素材 陰影なし,ぴぽや,,ぴぽや 無料素材利用規約（商用可・加工可・素材としての販売不可）,不要,https://pipoya.net/sozai/assets/enemyillust/enemy-image/,pipo-enemy044e.png,572x593
01-pipoya/pipo-enemy044e_shade.webp,ぴぽや,ぴぽやポップモンスターイラスト素材 陰影あり,ぴぽや,,ぴぽや 無料素材利用規約（商用可・加工可・素材としての販売不可）,不要,https://pipoya.net/sozai/assets/enemyillust/enemy-image/,pipo-enemy044e.png,572x593
01-pipoya/pipo-enemy044f_flat.webp,ぴぽや,ぴぽやポップモンスターイラスト素材 陰影なし,ぴぽや,,ぴぽや 無料素材利用規約（商用可・加工可・素材としての販売不可）,不要,https://pipoya.net/sozai/assets/enemyillust/enemy-image/,pipo-enemy044f.png,572x593
01-pipoya/pipo-enemy044f_shade.webp,ぴぽや,ぴぽやポップモンスターイラスト素材 陰影あり,ぴぽや,,ぴぽや 無料素材利用規約（商用可・加工可・素材としての販売不可）,不要,https://pipoya.net/sozai/assets/enemyillust/enemy-image/,pipo-enemy044f.png,572x593
01-pipoya/pipo-enemy045_flat.webp,ぴぽや,ぴぽやポップモンスターイラスト素材 陰影なし,ぴぽや,,ぴぽや 無料素材利用規約（商用可・加工可・素材としての販売不可）,不要,https://pipoya.net/sozai/assets/enemyillust/enemy-image/,pipo-enemy045.png,593x559
01-pipoya/pipo-enemy045_shade.webp,ぴぽや,ぴぽやポップモンスターイラスト素材 陰影あり,ぴぽや,,ぴぽや 無料素材利用規約（商用可・加工可・素材としての販売不可）,不要,https://pipoya.net/sozai/assets/enemyillust/enemy-image/,pipo-enemy045.png,593x559
01-pipoya/pipo-enemy045a_flat.webp,ぴぽや,ぴぽやポップモンスターイラスト素材 陰影なし,ぴぽや,,ぴぽや 無料素材利用規約（商用可・加工可・素材としての販売不可）,不要,https://pipoya.net/sozai/assets/enemyillust/enemy-image/,pipo-enemy045a.png,592x559
01-pipoya/pipo-enemy045a_shade.webp,ぴぽや,ぴぽやポップモンスターイラスト素材 陰影あり,ぴぽや,,ぴぽや 無料素材利用規約（商用可・加工可・素材としての販売不可）,不要,https://pipoya.net/sozai/assets/enemyillust/enemy-image/,pipo-enemy045a.png,592x559
01-pipoya/pipo-enemy045b_flat.webp,ぴぽや,ぴぽやポップモンスターイラスト素材 陰影なし,ぴぽや,,ぴぽや 無料素材利用規約（商用可・加工可・素材としての販売不可）,不要,https://pipoya.net/sozai/assets/enemyillust/enemy-image/,pipo-enemy045b.png,593x559
01-pipoya/pipo-enemy045b_shade.webp,ぴぽや,ぴぽやポップモンスターイラスト素材 陰影あり,ぴぽや,,ぴぽや 無料素材利用規約（商用可・加工可・素材としての販売不可）,不要,https://pipoya.net/sozai/assets/enemyillust/enemy-image/,pipo-enemy045b.png,593x559
01-pipoya/pipo-enemy046_flat.webp,ぴぽや,ぴぽやポップモンスターイラスト素材 陰影なし,ぴぽや,,ぴぽや 無料素材利用規約（商用可・加工可・素材としての販売不可）,不要,https://pipoya.net/sozai/assets/enemyillust/enemy-image/,pipo-enemy046.png,232x286
01-pipoya/pipo-enemy046_shade.webp,ぴぽや,ぴぽやポップモンスターイラスト素材 陰影あり,ぴぽや,,ぴぽや 無料素材利用規約（商用可・加工可・素材としての販売不可）,不要,https://pipoya.net/sozai/assets/enemyillust/enemy-image/,pipo-enemy046.png,232x286
01-pipoya/pipo-enemy046a_flat.webp,ぴぽや,ぴぽやポップモンスターイラスト素材 陰影なし,ぴぽや,,ぴぽや 無料素材利用規約（商用可・加工可・素材としての販売不可）,不要,https://pipoya.net/sozai/assets/enemyillust/enemy-image/,pipo-enemy046a.png,232x286
01-pipoya/pipo-enemy046a_shade.webp,ぴぽや,ぴぽやポップモンスターイラスト素材 陰影あり,ぴぽや,,ぴぽや 無料素材利用規約（商用可・加工可・素材としての販売不可）,不要,https://pipoya.net/sozai/assets/enemyillust/enemy-image/,pipo-enemy046a.png,232x286
01-pipoya/pipo-enemy046b_flat.webp,ぴぽや,ぴぽやポップモンスターイラスト素材 陰影なし,ぴぽや,,ぴぽや 無料素材利用規約（商用可・加工可・素材としての販売不可）,不要,https://pipoya.net/sozai/assets/enemyillust/enemy-image/,pipo-enemy046b.png,232x286
01-pipoya/pipo-enemy046b_shade.webp,ぴぽや,ぴぽやポップモンスターイラスト素材 陰影あり,ぴぽや,,ぴぽや 無料素材利用規約（商用可・加工可・素材としての販売不可）,不要,https://pipoya.net/sozai/assets/enemyillust/enemy-image/,pipo-enemy046b.png,232x286
01-pipoya/pipo-enemy047_flat.webp,ぴぽや,ぴぽやポップモンスターイラスト素材 陰影なし,ぴぽや,,ぴぽや 無料素材利用規約（商用可・加工可・素材としての販売不可）,不要,https://pipoya.net/sozai/assets/enemyillust/enemy-image/,pipo-enemy047.png,283x297
01-pipoya/pipo-enemy047_shade.webp,ぴぽや,ぴぽやポップモンスターイラスト素材 陰影あり,ぴぽや,,ぴぽや 無料素材利用規約（商用可・加工可・素材としての販売不可）,不要,https://pipoya.net/sozai/assets/enemyillust/enemy-image/,pipo-enemy047.png,283x297
01-pipoya/pipo-enemy047a_flat.webp,ぴぽや,ぴぽやポップモンスターイラスト素材 陰影なし,ぴぽや,,ぴぽや 無料素材利用規約（商用可・加工可・素材としての販売不可）,不要,https://pipoya.net/sozai/assets/enemyillust/enemy-image/,pipo-enemy047a.png,283x297
01-pipoya/pipo-enemy047a_shade.webp,ぴぽや,ぴぽやポップモンスターイラスト素材 陰影あり,ぴぽや,,ぴぽや 無料素材利用規約（商用可・加工可・素材としての販売不可）,不要,https://pipoya.net/sozai/assets/enemyillust/enemy-image/,pipo-enemy047a.png,283x297
01-pipoya/pipo-enemy047b_flat.webp,ぴぽや,ぴぽやポップモンスターイラスト素材 陰影なし,ぴぽや,,ぴぽや 無料素材利用規約（商用可・加工可・素材としての販売不可）,不要,https://pipoya.net/sozai/assets/enemyillust/enemy-image/,pipo-enemy047b.png,283x297
01-pipoya/pipo-enemy047b_shade.webp,ぴぽや,ぴぽやポップモンスターイラスト素材 陰影あり,ぴぽや,,ぴぽや 無料素材利用規約（商用可・加工可・素材としての販売不可）,不要,https://pipoya.net/sozai/assets/enemyillust/enemy-image/,pipo-enemy047b.png,283x297
01-pipoya/pipo-enemy048_flat.webp,ぴぽや,ぴぽやポップモンスターイラスト素材 陰影なし,ぴぽや,,ぴぽや 無料素材利用規約（商用可・加工可・素材としての販売不可）,不要,https://pipoya.net/sozai/assets/enemyillust/enemy-image/,pipo-enemy048.png,352x361
01-pipoya/pipo-enemy048_shade.webp,ぴぽや,ぴぽやポップモンスターイラスト素材 陰影あり,ぴぽや,,ぴぽや 無料素材利用規約（商用可・加工可・素材としての販売不可）,不要,https://pipoya.net/sozai/assets/enemyillust/enemy-image/,pipo-enemy048.png,352x361
01-pipoya/pipo-enemy048a_flat.webp,ぴぽや,ぴぽやポップモンスターイラスト素材 陰影なし,ぴぽや,,ぴぽや 無料素材利用規約（商用可・加工可・素材としての販売不可）,不要,https://pipoya.net/sozai/assets/enemyillust/enemy-image/,pipo-enemy048a.png,352x361
01-pipoya/pipo-enemy048a_shade.webp,ぴぽや,ぴぽやポップモンスターイラスト素材 陰影あり,ぴぽや,,ぴぽや 無料素材利用規約（商用可・加工可・素材としての販売不可）,不要,https://pipoya.net/sozai/assets/enemyillust/enemy-image/,pipo-enemy048a.png,352x361
01-pipoya/pipo-enemy048b_flat.webp,ぴぽや,ぴぽやポップモンスターイラスト素材 陰影なし,ぴぽや,,ぴぽや 無料素材利用規約（商用可・加工可・素材としての販売不可）,不要,https://pipoya.net/sozai/assets/enemyillust/enemy-image/,pipo-enemy048b.png,352x361
01-pipoya/pipo-enemy048b_shade.webp,ぴぽや,ぴぽやポップモンスターイラスト素材 陰影あり,ぴぽや,,ぴぽや 無料素材利用規約（商用可・加工可・素材としての販売不可）,不要,https://pipoya.net/sozai/assets/enemyillust/enemy-image/,pipo-enemy048b.png,352x361
01-pipoya/pipo-enemy049_flat.webp,ぴぽや,ぴぽやポップモンスターイラスト素材 陰影なし,ぴぽや,,ぴぽや 無料素材利用規約（商用可・加工可・素材としての販売不可）,不要,https://pipoya.net/sozai/assets/enemyillust/enemy-image/,pipo-enemy049.png,291x424
01-pipoya/pipo-enemy049_shade.webp,ぴぽや,ぴぽやポップモンスターイラスト素材 陰影あり,ぴぽや,,ぴぽや 無料素材利用規約（商用可・加工可・素材としての販売不可）,不要,https://pipoya.net/sozai/assets/enemyillust/enemy-image/,pipo-enemy049.png,291x424
01-pipoya/pipo-enemy049a_flat.webp,ぴぽや,ぴぽやポップモンスターイラスト素材 陰影なし,ぴぽや,,ぴぽや 無料素材利用規約（商用可・加工可・素材としての販売不可）,不要,https://pipoya.net/sozai/assets/enemyillust/enemy-image/,pipo-enemy049a.png,290x424
01-pipoya/pipo-enemy049a_shade.webp,ぴぽや,ぴぽやポップモンスターイラスト素材 陰影あり,ぴぽや,,ぴぽや 無料素材利用規約（商用可・加工可・素材としての販売不可）,不要,https://pipoya.net/sozai/assets/enemyillust/enemy-image/,pipo-enemy049a.png,290x424
01-pipoya/pipo-enemy049b_flat.webp,ぴぽや,ぴぽやポップモンスターイラスト素材 陰影なし,ぴぽや,,ぴぽや 無料素材利用規約（商用可・加工可・素材としての販売不可）,不要,https://pipoya.net/sozai/assets/enemyillust/enemy-image/,pipo-enemy049b.png,291x424
01-pipoya/pipo-enemy049b_shade.webp,ぴぽや,ぴぽやポップモンスターイラスト素材 陰影あり,ぴぽや,,ぴぽや 無料素材利用規約（商用可・加工可・素材としての販売不可）,不要,https://pipoya.net/sozai/assets/enemyillust/enemy-image/,pipo-enemy049b.png,291x424
01-pipoya/pipo-enemy050_flat.webp,ぴぽや,ぴぽやポップモンスターイラスト素材 陰影なし,ぴぽや,,ぴぽや 無料素材利用規約（商用可・加工可・素材としての販売不可）,不要,https://pipoya.net/sozai/assets/enemyillust/enemy-image/,pipo-enemy050.png,302x371
01-pipoya/pipo-enemy050_shade.webp,ぴぽや,ぴぽやポップモンスターイラスト素材 陰影あり,ぴぽや,,ぴぽや 無料素材利用規約（商用可・加工可・素材としての販売不可）,不要,https://pipoya.net/sozai/assets/enemyillust/enemy-image/,pipo-enemy050.png,302x371
01-pipoya/pipo-enemy050a_flat.webp,ぴぽや,ぴぽやポップモンスターイラスト素材 陰影なし,ぴぽや,,ぴぽや 無料素材利用規約（商用可・加工可・素材としての販売不可）,不要,https://pipoya.net/sozai/assets/enemyillust/enemy-image/,pipo-enemy050a.png,302x371
01-pipoya/pipo-enemy050a_shade.webp,ぴぽや,ぴぽやポップモンスターイラスト素材 陰影あり,ぴぽや,,ぴぽや 無料素材利用規約（商用可・加工可・素材としての販売不可）,不要,https://pipoya.net/sozai/assets/enemyillust/enemy-image/,pipo-enemy050a.png,302x371
01-pipoya/pipo-enemy050b_flat.webp,ぴぽや,ぴぽやポップモンスターイラスト素材 陰影なし,ぴぽや,,ぴぽや 無料素材利用規約（商用可・加工可・素材としての販売不可）,不要,https://pipoya.net/sozai/assets/enemyillust/enemy-image/,pipo-enemy050b.png,302x371
01-pipoya/pipo-enemy050b_shade.webp,ぴぽや,ぴぽやポップモンスターイラスト素材 陰影あり,ぴぽや,,ぴぽや 無料素材利用規約（商用可・加工可・素材としての販売不可）,不要,https://pipoya.net/sozai/assets/enemyillust/enemy-image/,pipo-enemy050b.png,302x371
02-opengameart/12-public-domain-boss-sprites_175669de.webp,OpenGameArt,12 Public Domain Boss Sprites!,titleknown,,CC0,不要,https://opengameart.org/content/12-public-domain-boss-sprites,Solar Power Cockrel Big.png,488x474
02-opengameart/12-public-domain-boss-sprites_23d18c9f.webp,OpenGameArt,12 Public Domain Boss Sprites!,titleknown,,CC0,不要,https://opengameart.org/content/12-public-domain-boss-sprites,Eagle of Truth Big.png,704x492
02-opengameart/12-public-domain-boss-sprites_539a8d82.webp,OpenGameArt,12 Public Domain Boss Sprites!,titleknown,,CC0,不要,https://opengameart.org/content/12-public-domain-boss-sprites,Nightmare Imp Big_0.png,516x568
02-opengameart/12-public-domain-boss-sprites_80053fe8.webp,OpenGameArt,12 Public Domain Boss Sprites!,titleknown,,CC0,不要,https://opengameart.org/content/12-public-domain-boss-sprites,Silent Hill Bird Big_0.png,532x560
02-opengameart/12-public-domain-boss-sprites_c0c60106.webp,OpenGameArt,12 Public Domain Boss Sprites!,titleknown,,CC0,不要,https://opengameart.org/content/12-public-domain-boss-sprites,Avaras Dragon Big.png,504x336
02-opengameart/12-public-domain-boss-sprites_f5d7e6f1.webp,OpenGameArt,12 Public Domain Boss Sprites!,titleknown,,CC0,不要,https://opengameart.org/content/12-public-domain-boss-sprites,Stain Glass Menagerie Chimera Big.png,848x544
02-opengameart/12-public-domain-boss-sprites_f61028cb.webp,OpenGameArt,12 Public Domain Boss Sprites!,titleknown,,CC0,不要,https://opengameart.org/content/12-public-domain-boss-sprites,Pelestit Queen Big.png,528x600
02-opengameart/200x200-deformed-body-horror-creatur_94e028bf.webp,OpenGameArt,200x200 Deformed Body Horror Creature,DiCocco,,CC-BY 4.0,必要（CREDITS.md）,https://opengameart.org/content/200x200-deformed-body-horror-creature,GbScreenshot4_1.png,672x672
02-opengameart/2d-creature-spritesheet_8857aec4.webp,OpenGameArt,2D Creature SpriteSheet,Alexander123,,CC0,不要,https://opengameart.org/content/2d-creature-spritesheet,dustcreature_1.zip/DustCreatureSpritesheet.png,1015x1011
02-opengameart/2d-creature-spritesheet_f6c27e93.webp,OpenGameArt,2D Creature SpriteSheet,Alexander123,,CC0,不要,https://opengameart.org/content/2d-creature-spritesheet,dustcreature_1.zip/spritesheet.png,949x951
02-opengameart/2d-dragon-spritesheet_33431588.webp,OpenGameArt,2D Dragon Spritesheet,Daniel Quevedo,,CC0,不要,https://opengameart.org/content/2d-dragon-spritesheet,dragon_8.png,360x508
02-opengameart/2d-elemental-monster-spritesheets_5813fc4b.webp,OpenGameArt,2D - Elemental Monster Spritesheets,2DPIXX,,CC-BY 4.0,必要（CREDITS.md）,https://opengameart.org/content/2d-elemental-monster-spritesheets,2dpixx_-_elemental_monster_spritesheets.zip/enemy_wind_fly.png,320x248
02-opengameart/2d-elemental-monster-spritesheets_76248430.webp,OpenGameArt,2D - Elemental Monster Spritesheets,2DPIXX,,CC-BY 4.0,必要（CREDITS.md）,https://opengameart.org/content/2d-elemental-monster-spritesheets,2dpixx_-_elemental_monster_spritesheets.zip/enemy_water_fly.png,332x270
02-opengameart/2d-elemental-monster-spritesheets_96dc73e1.webp,OpenGameArt,2D - Elemental Monster Spritesheets,2DPIXX,,CC-BY 4.0,必要（CREDITS.md）,https://opengameart.org/content/2d-elemental-monster-spritesheets,2dpixx_-_elemental_monster_spritesheets.zip/enemy_water_fly.png,330x236
02-opengameart/2d-elemental-monster-spritesheets_b2c55e5f.webp,OpenGameArt,2D - Elemental Monster Spritesheets,2DPIXX,,CC-BY 4.0,必要（CREDITS.md）,https://opengameart.org/content/2d-elemental-monster-spritesheets,2dpixx_-_elemental_monster_spritesheets.zip/enemy_fire_fly.png,350x217
02-opengameart/2d-elemental-monster-spritesheets_b826ebce.webp,OpenGameArt,2D - Elemental Monster Spritesheets,2DPIXX,,CC-BY 4.0,必要（CREDITS.md）,https://opengameart.org/content/2d-elemental-monster-spritesheets,2dpixx_-_elemental_monster_spritesheets.zip/enemy_wind_fly.png,274x248
02-opengameart/2d-elemental-monster-spritesheets_c267a373.webp,OpenGameArt,2D - Elemental Monster Spritesheets,2DPIXX,,CC-BY 4.0,必要（CREDITS.md）,https://opengameart.org/content/2d-elemental-monster-spritesheets,2dpixx_-_elemental_monster_spritesheets.zip/enemy_fire_fly.png,346x203
02-opengameart/2d-enemy-guy-character_900becbf.webp,OpenGameArt,2D Enemy Guy Character,Segel,,CC-BY 3.0 / OGA-BY 3.0,必要（CREDITS.md）,https://opengameart.org/content/2d-enemy-guy-character,EnemyGuy.zip/_02/07-Hurt/__Bandit02_Hurt_005.png,464x365
02-opengameart/2d-enemy-guy-character_d1dc0e11.webp,OpenGameArt,2D Enemy Guy Character,Segel,,CC-BY 3.0 / OGA-BY 3.0,必要（CREDITS.md）,https://opengameart.org/content/2d-enemy-guy-character,EnemyGuy.zip/_02/02-Walk/__Bandit02_Walk_004.png,433x367
02-opengameart/2d-goblin-chibi_1d969f80.webp,OpenGameArt,2D Goblin Chibi,Segel,,CC-BY 3.0 / OGA-BY 3.0,必要（CREDITS.md）,https://opengameart.org/content/2d-goblin-chibi,2D CHIBI GOBLIN_0.zip/2D CHIBI GOBLIN/CHIBI GOBLIN-PNG/02-Run_/2D_GOBLIN__Run_005.png,442x392
02-opengameart/2d-goblin-chibi_5283ce7e.webp,OpenGameArt,2D Goblin Chibi,Segel,,CC-BY 3.0 / OGA-BY 3.0,必要（CREDITS.md）,https://opengameart.org/content/2d-goblin-chibi,2D CHIBI GOBLIN_0.zip/2D CHIBI GOBLIN/CHIBI GOBLIN-PNG/05-Hurt_/2D_GOBLIN__Hurt_002.png,464x384
02-opengameart/2d-knight-chibi_2f4ad08b.webp,OpenGameArt,2D Knight Chibi,Segel,,CC-BY 3.0 / OGA-BY 3.0,必要（CREDITS.md）,https://opengameart.org/content/2d-knight-chibi,CHIBI KNIGHT-PNG.zip/CHIBI KNIGHT-PNG/05-Hurt_/2D_KNIGHT__Hurt_000.png,388x441
02-opengameart/2d-knight-chibi_f3846fa9.webp,OpenGameArt,2D Knight Chibi,Segel,,CC-BY 3.0 / OGA-BY 3.0,必要（CREDITS.md）,https://opengameart.org/content/2d-knight-chibi,CHIBI KNIGHT-PNG.zip/CHIBI KNIGHT-PNG/03-Attack_/2D_KNIGHT__Attack_002.png,336x443
02-opengameart/2d-monster-bat-enemy_61a0dba7.webp,OpenGameArt,2D Monster Bat Enemy,Segel,,CC-BY 3.0 / OGA-BY 3.0,必要（CREDITS.md）,https://opengameart.org/content/2d-monster-bat-enemy,monster_2.zip/_02/04-Hurt/FadeFX/__Bat02_Hurt_001.png,486x225
02-opengameart/2d-monster-bat-enemy_b2f5516f.webp,OpenGameArt,2D Monster Bat Enemy,Segel,,CC-BY 3.0 / OGA-BY 3.0,必要（CREDITS.md）,https://opengameart.org/content/2d-monster-bat-enemy,monster_2.zip/_02/04-Hurt/FadeFX/__Bat02_Hurt_000.png,489x221
02-opengameart/2d-sentinel-robot-and-sword_d5f17677.webp,OpenGameArt,2D Sentinel Robot and Sword,ETL,,CC-BY 4.0,必要（CREDITS.md）,https://opengameart.org/content/2d-sentinel-robot-and-sword,Sentinel_Sword_ETL.svg,640x556
02-opengameart/alien-1_fe1acc89.webp,OpenGameArt,alien,Carlos Alface,,CC-BY 3.0,必要（CREDITS.md）,https://opengameart.org/content/alien-1,alien_1.zip/alien.png,460x478
02-opengameart/alien-4_84e9e0c3.webp,OpenGameArt,alien,andy1998,,CC0,不要,https://opengameart.org/content/alien-4,alienAtacking2_0.png,273x258
02-opengameart/alien-4_d18c2088.webp,OpenGameArt,alien,andy1998,,CC0,不要,https://opengameart.org/content/alien-4,alienAtacking2_0.png,171x305
02-opengameart/alien-8_dcdbb892.webp,OpenGameArt,Alien,tiilerdye,,CC-BY 3.0,必要（CREDITS.md）,https://opengameart.org/content/alien-8,ALIEN1.png,382x983
02-opengameart/alien-portrait_9d5f5f48.webp,OpenGameArt,Alien Portrait,pauliuw,,CC0,不要,https://opengameart.org/content/alien-portrait,alien_portrait_full_dark_yellow.png,1155x1572
02-opengameart/animated-top-down-zombie_21e207c6.webp,OpenGameArt,Animated Top Down Zombie,rileygombart,,CC0,不要,https://opengameart.org/content/animated-top-down-zombie,tds_zombie.zip/export/skeleton-attack_6.png,200x155
02-opengameart/animated-top-down-zombie_b0529e64.webp,OpenGameArt,Animated Top Down Zombie,rileygombart,,CC0,不要,https://opengameart.org/content/animated-top-down-zombie,tds_zombie.zip/export/skeleton-attack_3.png,157x230
02-opengameart/baseballzombiegamecharacter_a6204757.webp,OpenGameArt,Baseball_Zombie_Game_Character,2DPIXX,,CC-BY 3.0,必要（CREDITS.md）,https://opengameart.org/content/baseballzombiegamecharacter,baseball_zombie.zip/baseball_zombie/baseball_zombie_idle.png,107x202
02-opengameart/baseballzombiegamecharacter_da22c6db.webp,OpenGameArt,Baseball_Zombie_Game_Character,2DPIXX,,CC-BY 3.0,必要（CREDITS.md）,https://opengameart.org/content/baseballzombiegamecharacter,baseball_zombie.zip/baseball_zombie/baseball_zombie_walk.png,121x216
02-opengameart/beasts-of-old_0e8f00ec.webp,OpenGameArt,Beasts of Old,Madjestiko,,CC-BY 4.0,必要（CREDITS.md）,https://opengameart.org/content/beasts-of-old,4_as.png,3723x3180
02-opengameart/beasts-of-old_5def739b.webp,OpenGameArt,Beasts of Old,Madjestiko,,CC-BY 4.0,必要（CREDITS.md）,https://opengameart.org/content/beasts-of-old,3_ww.png,3723x2920
02-opengameart/beasts-of-old_83daa8da.webp,OpenGameArt,Beasts of Old,Madjestiko,,CC-BY 4.0,必要（CREDITS.md）,https://opengameart.org/content/beasts-of-old,2_sow.png,3717x2610
02-opengameart/benza_a2b272ea.webp,OpenGameArt,Benza,megupets,,CC0,不要,https://opengameart.org/content/benza,basofia.zip/PNG.png,1036x401
02-opengameart/bird-cute-bird_38c79c04.webp,OpenGameArt,"Bird, cute bird.",Lexatchison,,CC0,不要,https://opengameart.org/content/bird-cute-bird,Bird - Lexball03.zip/PNG/MEDIUM/BirdM_0001_Capa-2.png,364x208
02-opengameart/bird-cute-bird_39b85834.webp,OpenGameArt,"Bird, cute bird.",Lexatchison,,CC0,不要,https://opengameart.org/content/bird-cute-bird,Bird - Lexball03.zip/PNG/MEDIUM/BirdM_0002_Capa-3.png,360x208
02-opengameart/black-and-color-collection_4d99975f.webp,OpenGameArt,Black and color collection,Swaylle,,CC0,不要,https://opengameart.org/content/black-and-color-collection,art_blackncolor.zip/old_art_blackNcolor/enemy1.png,313x392
02-opengameart/black-and-color-collection_c18d2b5d.webp,OpenGameArt,Black and color collection,Swaylle,,CC0,不要,https://opengameart.org/content/black-and-color-collection,art_blackncolor.zip/old_art_blackNcolor/insecteur.png,429x350
02-opengameart/cartoon-characters_749937c0.webp,OpenGameArt,Cartoon Characters,RayB2,,CC-BY 4.0,必要（CREDITS.md）,https://opengameart.org/content/cartoon-characters,dragon and knight.svg,605x330
02-opengameart/cartoon-creatures_86442786.webp,OpenGameArt,Cartoon Creatures,RayB2,,CC-BY 4.0,必要（CREDITS.md）,https://opengameart.org/content/cartoon-creatures,werewolf_0.png,221x336
02-opengameart/cartoon-creatures_bf97c5ef.webp,OpenGameArt,Cartoon Creatures,RayB2,,CC-BY 4.0,必要（CREDITS.md）,https://opengameart.org/content/cartoon-creatures,mummy.png,216x348
02-opengameart/cartoon-creatures_d88684b5.webp,OpenGameArt,Cartoon Creatures,RayB2,,CC-BY 4.0,必要（CREDITS.md）,https://opengameart.org/content/cartoon-creatures,nordic cyclops2.png,212x296
02-opengameart/cartoon-creatures_e5e01d29.webp,OpenGameArt,Cartoon Creatures,RayB2,,CC-BY 4.0,必要（CREDITS.md）,https://opengameart.org/content/cartoon-creatures,super alien.png,234x363
02-opengameart/chibi-crusader-knight_20df8c3b.webp,OpenGameArt,Chibi Crusader Knight,overcrafted,,CC0,不要,https://opengameart.org/content/chibi-crusader-knight,OpenGameArt.zip/OpenGameArt/attack a/RedCrusader-attack a_3.png,845x502
02-opengameart/chibi-crusader-knight_5ae67fe5.webp,OpenGameArt,Chibi Crusader Knight,overcrafted,,CC0,不要,https://opengameart.org/content/chibi-crusader-knight,OpenGameArt.zip/OpenGameArt/die/RedCrusader-die_2.png,393x597
02-opengameart/chibi-crusader-knight_799ddf03.webp,OpenGameArt,Chibi Crusader Knight,overcrafted,,CC0,不要,https://opengameart.org/content/chibi-crusader-knight,OpenGameArt.zip/OpenGameArt/attack a/RedCrusader-attack a_5.png,661x443
02-opengameart/cute-boss-monsters_c270fdbb.webp,OpenGameArt,Cute Boss Monsters,Justin Nichol,,CC-BY 4.0 / CC-BY 3.0,必要（CREDITS.md）,https://opengameart.org/content/cute-boss-monsters,qq_bosses.zip/boss_theinevitable.png,1000x1000
02-opengameart/cute-monsters-a-e_2779d34d.webp,OpenGameArt,Cute Monsters A-E,Justin Nichol,,CC-BY 4.0 / CC-BY 3.0,必要（CREDITS.md）,https://opengameart.org/content/cute-monsters-a-e,qq_monsters_a-e.zip/monster_crystalgolem.png,1000x1000
02-opengameart/cute-monsters-a-e_a6c03be8.webp,OpenGameArt,Cute Monsters A-E,Justin Nichol,,CC-BY 4.0 / CC-BY 3.0,必要（CREDITS.md）,https://opengameart.org/content/cute-monsters-a-e,qq_monsters_a-e.zip/monster_airelemental.png,1000x1000
02-opengameart/cute-monsters-f-o_e4c7c4bb.webp,OpenGameArt,Cute Monsters F-O,Justin Nichol,,CC-BY 4.0 / CC-BY 3.0,必要（CREDITS.md）,https://opengameart.org/content/cute-monsters-f-o,qq_monsters_f-o.zip/monster_giant.png,1000x1000
02-opengameart/cute-monsters-p-z_2527d184.webp,OpenGameArt,Cute Monsters P-Z,Justin Nichol,,CC-BY 4.0 / CC-BY 3.0,必要（CREDITS.md）,https://opengameart.org/content/cute-monsters-p-z,qq_monsters_p-z.zip/monster_treefolk.png,1000x1000
02-opengameart/cute-monsters-p-z_598756c1.webp,OpenGameArt,Cute Monsters P-Z,Justin Nichol,,CC-BY 4.0 / CC-BY 3.0,必要（CREDITS.md）,https://opengameart.org/content/cute-monsters-p-z,qq_monsters_p-z.zip/monster_skygiant.png,1000x1000
02-opengameart/cute-necromancer_1c8dd04d.webp,OpenGameArt,Cute Necromancer,"laetissima, pennomi",,CC0,不要,https://opengameart.org/content/cute-necromancer,cutenecromancer_0.png,790x828
02-opengameart/dark-anime-character_ec1c7d01.webp,OpenGameArt,Dark anime character,Ironthunder,,CC-BY 3.0,必要（CREDITS.md）,https://opengameart.org/content/dark-anime-character,SOETH 7_0.jpg,1050x1363
02-opengameart/dark-saber-werewolf_3af1c1f6.webp,OpenGameArt,Dark Saber (werewolf),MindChamber,,CC-BY 3.0,必要（CREDITS.md）,https://opengameart.org/content/dark-saber-werewolf,DarkSaber_0.zip/DarkSaber/attack/darksaber_attack0066.png,978x552
02-opengameart/dark-saber-werewolf_91cf2de8.webp,OpenGameArt,Dark Saber (werewolf),MindChamber,,CC-BY 3.0,必要（CREDITS.md）,https://opengameart.org/content/dark-saber-werewolf,DarkSaber_0.zip/DarkSaber/attack/darksaber_attack0036.png,778x476
02-opengameart/defector_1bb12bba.webp,OpenGameArt,Defector,MindChamber,,CC-BY 3.0,必要（CREDITS.md）,https://opengameart.org/content/defector,Defector.zip/Defector/Attack/defect_attackA0007.png,586x457
02-opengameart/defector_48b788c4.webp,OpenGameArt,Defector,MindChamber,,CC-BY 3.0,必要（CREDITS.md）,https://opengameart.org/content/defector,Defector.zip/Defector/Attack/defect_attackA0013.png,617x343
02-opengameart/defector_57243885.webp,OpenGameArt,Defector,MindChamber,,CC-BY 3.0,必要（CREDITS.md）,https://opengameart.org/content/defector,Defector.zip/Defector/Attack/defect_attackA0009.png,550x366
02-opengameart/demon-portrait_d9e67445.webp,OpenGameArt,Demon Portrait,pauliuw,,CC0,不要,https://opengameart.org/content/demon-portrait,demon_portrait.7z/Demon Portrait/Demon Portrait Full - Dark Purple.png,2968x3888
02-opengameart/devil-demon-cartoon-enemy_55c5a8ff.webp,OpenGameArt,Devil / Demon Cartoon Enemy,Blaze Fyruss,,CC0,不要,https://opengameart.org/content/devil-demon-cartoon-enemy,Devil_0.png,571x500
02-opengameart/digit1024-spider_8be4f562.webp,OpenGameArt,digit1024 spider,digit1024,,CC0,不要,https://opengameart.org/content/digit1024-spider,drawing.svg,608x587
02-opengameart/dragon-flight-revenge-of-the-wizad-t_291c1948.webp,OpenGameArt,Dragon Flight: Revenge of the Wizad Toad,ciatgepete,,CC0,不要,https://opengameart.org/content/dragon-flight-revenge-of-the-wizad-toad,dragon_flight_revenge_of_the_wizad_toad.zip/Dragon Flight  Revenge of the Wizad Toad/enemy/toad/top_attack_5.png,148x206
02-opengameart/dragon-flight-revenge-of-the-wizad-t_2fd5256b.webp,OpenGameArt,Dragon Flight: Revenge of the Wizad Toad,ciatgepete,,CC0,不要,https://opengameart.org/content/dragon-flight-revenge-of-the-wizad-toad,dragon_flight_revenge_of_the_wizad_toad.zip/Dragon Flight  Revenge of the Wizad Toad/enemy/bat/attack3.png,227x168
02-opengameart/dragon-flight-revenge-of-the-wizad-t_36f8c240.webp,OpenGameArt,Dragon Flight: Revenge of the Wizad Toad,ciatgepete,,CC0,不要,https://opengameart.org/content/dragon-flight-revenge-of-the-wizad-toad,dragon_flight_revenge_of_the_wizad_toad.zip/Dragon Flight  Revenge of the Wizad Toad/enemy/cloud/attack03.png,202x103
02-opengameart/dragon-flight-revenge-of-the-wizad-t_4a49f8fd.webp,OpenGameArt,Dragon Flight: Revenge of the Wizad Toad,ciatgepete,,CC0,不要,https://opengameart.org/content/dragon-flight-revenge-of-the-wizad-toad,dragon_flight_revenge_of_the_wizad_toad.zip/Dragon Flight  Revenge of the Wizad Toad/enemy/toad/charge_2.png,243x173
02-opengameart/dragon-flight-revenge-of-the-wizad-t_bae3a9f4.webp,OpenGameArt,Dragon Flight: Revenge of the Wizad Toad,ciatgepete,,CC0,不要,https://opengameart.org/content/dragon-flight-revenge-of-the-wizad-toad,dragon_flight_revenge_of_the_wizad_toad.zip/Dragon Flight  Revenge of the Wizad Toad/enemy/cloud/attack00.png,201x102
02-opengameart/dragon-flight-revenge-of-the-wizad-t_d09804a3.webp,OpenGameArt,Dragon Flight: Revenge of the Wizad Toad,ciatgepete,,CC0,不要,https://opengameart.org/content/dragon-flight-revenge-of-the-wizad-toad,dragon_flight_revenge_of_the_wizad_toad.zip/Dragon Flight  Revenge of the Wizad Toad/enemy/cloud/attack01.png,202x103
02-opengameart/dragon-flight-revenge-of-the-wizad-t_da49fcb4.webp,OpenGameArt,Dragon Flight: Revenge of the Wizad Toad,ciatgepete,,CC0,不要,https://opengameart.org/content/dragon-flight-revenge-of-the-wizad-toad,dragon_flight_revenge_of_the_wizad_toad.zip/Dragon Flight  Revenge of the Wizad Toad/enemy/dinosaur/dino_3_attack_2.png,219x116
02-opengameart/dragon-flight-revenge-of-the-wizad-t_f6620d32.webp,OpenGameArt,Dragon Flight: Revenge of the Wizad Toad,ciatgepete,,CC0,不要,https://opengameart.org/content/dragon-flight-revenge-of-the-wizad-toad,dragon_flight_revenge_of_the_wizad_toad.zip/Dragon Flight  Revenge of the Wizad Toad/enemy/pig/attack_b_1.png,229x207
02-opengameart/dragon-fully-animated_29fd485b.webp,OpenGameArt,Dragon - Fully Animated,Cethiel,,CC0,不要,https://opengameart.org/content/dragon-fully-animated,Dragon - Fully Animated.zip/Dragon - Fully Animated/Death/123.png,418x291
02-opengameart/dragon-fully-animated_9716ef9e.webp,OpenGameArt,Dragon - Fully Animated,Cethiel,,CC0,不要,https://opengameart.org/content/dragon-fully-animated,Dragon - Fully Animated.zip/Dragon - Fully Animated/Death/115.png,399x306
02-opengameart/dragon-scale-with-pattern-along-path_b994ad17.webp,OpenGameArt,Dragon - scale with pattern along path in Inkscape,SpriteAttack,,CC0,不要,https://opengameart.org/content/dragon-scale-with-pattern-along-path-in-inkscape,dragonscales_project_inkscape.zip/DragonScales_project.png,1676x678
02-opengameart/dragon-skull-0_80d41628.webp,OpenGameArt,Dragon skull,knik1985,,CC-BY 3.0,必要（CREDITS.md）,https://opengameart.org/content/dragon-skull-0,dragon_skull.png,261x164
02-opengameart/drakir-race-pack_a0953918.webp,OpenGameArt,Drakir Race - Pack,Carlos Alface,,CC-BY 3.0,必要（CREDITS.md）,https://opengameart.org/content/drakir-race-pack,Drakir Race_0.zip/Drakir Race/Buildings/Town_Center/tc-2.png,319x327
02-opengameart/drakir-race-pack_e49b9de5.webp,OpenGameArt,Drakir Race - Pack,Carlos Alface,,CC-BY 3.0,必要（CREDITS.md）,https://opengameart.org/content/drakir-race-pack,Drakir Race_0.zip/Drakir Race/Buildings/Town_Center/tc-6.png,319x327
02-opengameart/draw-a-ghost-or-spooky-monster-octob_26be1913.webp,OpenGameArt,Draw a Ghost or Spooky Monster October Challenge Inkscape 2025,arcanosam,,CC-BY 4.0,必要（CREDITS.md）,https://opengameart.org/content/draw-a-ghost-or-spooky-monster-october-challenge-inkscape-2025,2025_10_10_grim_reaper_final.svg,404x681
02-opengameart/dungeon-rpg-fantasy-role-playing_35646b06.webp,OpenGameArt,Dungeon RPG Fantasy Role Playing,Xkull,,CC-BY 4.0,必要（CREDITS.md）,https://opengameart.org/content/dungeon-rpg-fantasy-role-playing,dungeon-rpg-dicingdangers.com_.zip/fish4.png,244x182
02-opengameart/dungeon-rpg-fantasy-role-playing_3ed91e07.webp,OpenGameArt,Dungeon RPG Fantasy Role Playing,Xkull,,CC-BY 4.0,必要（CREDITS.md）,https://opengameart.org/content/dungeon-rpg-fantasy-role-playing,dungeon-rpg-dicingdangers.com_.zip/fish535109.png,245x141
02-opengameart/dungeon-rpg-fantasy-role-playing_5d038108.webp,OpenGameArt,Dungeon RPG Fantasy Role Playing,Xkull,,CC-BY 4.0,必要（CREDITS.md）,https://opengameart.org/content/dungeon-rpg-fantasy-role-playing,dungeon-rpg-dicingdangers.com_.zip/pung84837.png,249x227
02-opengameart/dungeon-rpg-fantasy-role-playing_61106a15.webp,OpenGameArt,Dungeon RPG Fantasy Role Playing,Xkull,,CC-BY 4.0,必要（CREDITS.md）,https://opengameart.org/content/dungeon-rpg-fantasy-role-playing,dungeon-rpg-dicingdangers.com_.zip/fishbeast.png,240x222
02-opengameart/dungeon-rpg-fantasy-role-playing_718eea78.webp,OpenGameArt,Dungeon RPG Fantasy Role Playing,Xkull,,CC-BY 4.0,必要（CREDITS.md）,https://opengameart.org/content/dungeon-rpg-fantasy-role-playing,dungeon-rpg-dicingdangers.com_.zip/banker.png,182x249
02-opengameart/dungeon-rpg-fantasy-role-playing_7a071b4d.webp,OpenGameArt,Dungeon RPG Fantasy Role Playing,Xkull,,CC-BY 4.0,必要（CREDITS.md）,https://opengameart.org/content/dungeon-rpg-fantasy-role-playing,dungeon-rpg-dicingdangers.com_.zip/banker2.png,273x497
02-opengameart/dungeon-rpg-fantasy-role-playing_88466932.webp,OpenGameArt,Dungeon RPG Fantasy Role Playing,Xkull,,CC-BY 4.0,必要（CREDITS.md）,https://opengameart.org/content/dungeon-rpg-fantasy-role-playing,dungeon-rpg-dicingdangers.com_.zip/mushrooms.png,245x177
02-opengameart/dungeon-rpg-fantasy-role-playing_90a89124.webp,OpenGameArt,Dungeon RPG Fantasy Role Playing,Xkull,,CC-BY 4.0,必要（CREDITS.md）,https://opengameart.org/content/dungeon-rpg-fantasy-role-playing,dungeon-rpg-dicingdangers.com_.zip/fish84645.png,219x119
02-opengameart/dungeon-rpg-fantasy-role-playing_93dbdeb4.webp,OpenGameArt,Dungeon RPG Fantasy Role Playing,Xkull,,CC-BY 4.0,必要（CREDITS.md）,https://opengameart.org/content/dungeon-rpg-fantasy-role-playing,dungeon-rpg-dicingdangers.com_.zip/head7747.png,242x235
02-opengameart/dungeon-rpg-fantasy-role-playing_a4cbd173.webp,OpenGameArt,Dungeon RPG Fantasy Role Playing,Xkull,,CC-BY 4.0,必要（CREDITS.md）,https://opengameart.org/content/dungeon-rpg-fantasy-role-playing,dungeon-rpg-dicingdangers.com_.zip/anslithron324.png,262x309
02-opengameart/dungeon-rpg-fantasy-role-playing_aaf9a789.webp,OpenGameArt,Dungeon RPG Fantasy Role Playing,Xkull,,CC-BY 4.0,必要（CREDITS.md）,https://opengameart.org/content/dungeon-rpg-fantasy-role-playing,dungeon-rpg-dicingdangers.com_.zip/bandit.png,282x271
02-opengameart/dungeon-rpg-fantasy-role-playing_d541fdff.webp,OpenGameArt,Dungeon RPG Fantasy Role Playing,Xkull,,CC-BY 4.0,必要（CREDITS.md）,https://opengameart.org/content/dungeon-rpg-fantasy-role-playing,dungeon-rpg-dicingdangers.com_.zip/dragon3.png,351x498
02-opengameart/dungeon-rpg-fantasy-role-playing_d5e05e7f.webp,OpenGameArt,Dungeon RPG Fantasy Role Playing,Xkull,,CC-BY 4.0,必要（CREDITS.md）,https://opengameart.org/content/dungeon-rpg-fantasy-role-playing,dungeon-rpg-dicingdangers.com_.zip/wtf233.png,219x218
02-opengameart/dungeon-rpg-fantasy-role-playing_e9f0527b.webp,OpenGameArt,Dungeon RPG Fantasy Role Playing,Xkull,,CC-BY 4.0,必要（CREDITS.md）,https://opengameart.org/content/dungeon-rpg-fantasy-role-playing,dungeon-rpg-dicingdangers.com_.zip/shroom.png,231x232
02-opengameart/dungeon-rpg-fantasy-role-playing_edfc8f09.webp,OpenGameArt,Dungeon RPG Fantasy Role Playing,Xkull,,CC-BY 4.0,必要（CREDITS.md）,https://opengameart.org/content/dungeon-rpg-fantasy-role-playing,dungeon-rpg-dicingdangers.com_.zip/dragon.png,246x249
02-opengameart/earwig-top-down_306033ff.webp,OpenGameArt,Earwig top down,Scarcz,,CC-BY 4.0,必要（CREDITS.md）,https://opengameart.org/content/earwig-top-down,earwig_animation.zip/Earwig animation/Earwig lady animation.png,205x381
02-opengameart/earwig-top-down_7fd4cc45.webp,OpenGameArt,Earwig top down,Scarcz,,CC-BY 4.0,必要（CREDITS.md）,https://opengameart.org/content/earwig-top-down,earwig_animation.zip/Earwig animation/Earwig lady animation.png,197x381
02-opengameart/emotions-homunculus_145dbbd1.webp,OpenGameArt,Emotions Homunculus,Fleurman,,CC0,不要,https://opengameart.org/content/emotions-homunculus,Emotions.zip/Colère_Grande.png,216x261
02-opengameart/emotions-homunculus_459491f2.webp,OpenGameArt,Emotions Homunculus,Fleurman,,CC0,不要,https://opengameart.org/content/emotions-homunculus,Emotions.zip/Joie_Grande.png,209x262
02-opengameart/emotions-homunculus_53661176.webp,OpenGameArt,Emotions Homunculus,Fleurman,,CC0,不要,https://opengameart.org/content/emotions-homunculus,Emotions.zip/Tristesse_Grande.png,207x246
02-opengameart/emotions-homunculus_8c07e4df.webp,OpenGameArt,Emotions Homunculus,Fleurman,,CC0,不要,https://opengameart.org/content/emotions-homunculus,Emotions.zip/Colère_Moyenne.png,147x207
02-opengameart/enemy-zombie-nut_138b5108.webp,OpenGameArt,enemy zombie nut,exlo,,CC0,不要,https://opengameart.org/content/enemy-zombie-nut,zombie_nut.zip/zombie_nut_IDLE.png,1091x992
02-opengameart/enemy-zombie-nut_7beefcc5.webp,OpenGameArt,enemy zombie nut,exlo,,CC0,不要,https://opengameart.org/content/enemy-zombie-nut,zombie_nut.zip/zombie_nut_DEATH.png,1192x1003
02-opengameart/fish-man-squid-thing-and-four-young-_6a699399.webp,OpenGameArt,"Fish-Man, Squid-Thing and four young adventurers retreating from a goblin (from Grim Portents 1)",Michael Wight,,CC-BY 3.0,必要（CREDITS.md）,https://opengameart.org/content/fish-man-squid-thing-and-four-young-adventurers-retreating-from-a-goblin-from-grim-portents,Michael Wight - Grim Portents 1.zip/squidthing.png,2576x4028
02-opengameart/flame-knight_d775bfd8.webp,OpenGameArt,Flame Knight,arzaaa,,CC0,不要,https://opengameart.org/content/flame-knight,1778222976736.png,2200x2992
02-opengameart/fleshy-club-mace-bat_98cb819b.webp,OpenGameArt,Fleshy Club / Mace / Bat,Gurgie,,CC-BY 4.0,必要（CREDITS.md）,https://opengameart.org/content/fleshy-club-mace-bat,gurgiesbat.png,886x3451
02-opengameart/fleshy-club-mace-bat_d43825ac.webp,OpenGameArt,Fleshy Club / Mace / Bat,Gurgie,,CC-BY 4.0,必要（CREDITS.md）,https://opengameart.org/content/fleshy-club-mace-bat,maczuga_3.png,1005x3801
02-opengameart/fone-fangs-a-rediculously-silly-demo_d5c22e25.webp,OpenGameArt,"Fone Fangs, a Rediculously Silly Demon",Cougarmint,,CC-BY 3.0 / OGA-BY 3.0,必要（CREDITS.md）,https://opengameart.org/content/fone-fangs-a-rediculously-silly-demon,FoneFangs.zip/FoneFangs/01-FoneFangs_XtraLarge.png,621x456
02-opengameart/food-monsters-pack_cd57deb2.webp,OpenGameArt,Food Monsters Pack,AhNinniah,,CC-BY 3.0,必要（CREDITS.md）,https://opengameart.org/content/food-monsters-pack,food_monsters.zip/256x256/g9060.png,227x192
02-opengameart/food-monsters-pack_ee93fcc7.webp,OpenGameArt,Food Monsters Pack,AhNinniah,,CC-BY 3.0,必要（CREDITS.md）,https://opengameart.org/content/food-monsters-pack,food_monsters.zip/256x256/g9136.png,109x240
02-opengameart/food-monsters-pack_f6d5fecc.webp,OpenGameArt,Food Monsters Pack,AhNinniah,,CC-BY 3.0,必要（CREDITS.md）,https://opengameart.org/content/food-monsters-pack,food_monsters.zip/256x256/g9394.png,196x225
02-opengameart/fps-monster-enemies_1b0ce6c3.webp,OpenGameArt,FPS Monster Enemies,Ragnar Random,,CC0,不要,https://opengameart.org/content/fps-monster-enemies,demonarioupscale.png,578x696
02-opengameart/fps-monster-enemies_21ddde2f.webp,OpenGameArt,FPS Monster Enemies,Ragnar Random,,CC0,不要,https://opengameart.org/content/fps-monster-enemies,smorficusupscaled.png,566x867
02-opengameart/fps-monster-enemies_29dfdacf.webp,OpenGameArt,FPS Monster Enemies,Ragnar Random,,CC0,不要,https://opengameart.org/content/fps-monster-enemies,eviloogieupscale.png,376x638
02-opengameart/fps-monster-enemies_3f87d300.webp,OpenGameArt,FPS Monster Enemies,Ragnar Random,,CC0,不要,https://opengameart.org/content/fps-monster-enemies,demonarioupscale.png,622x576
02-opengameart/fps-monster-enemies_806d770f.webp,OpenGameArt,FPS Monster Enemies,Ragnar Random,,CC0,不要,https://opengameart.org/content/fps-monster-enemies,smorficusupscaled.png,606x891
02-opengameart/fps-monster-enemies_f1bf7943.webp,OpenGameArt,FPS Monster Enemies,Ragnar Random,,CC0,不要,https://opengameart.org/content/fps-monster-enemies,eviloogieupscale.png,380x654
02-opengameart/free-animated-skeleton-character_171cbb24.webp,OpenGameArt,Free Animated Skeleton Character,overcrafted,,OGA-BY 3.0,必要（CREDITS.md）,https://opengameart.org/content/free-animated-skeleton-character,Skeleton Army Bundle - 1 Free Character Demo.zip/Skeleton Army Bundle - 1 Free Character Demo/animations/attack/spritesheet_attack.png,993x480
02-opengameart/free-animated-skeleton-character_f61b9f88.webp,OpenGameArt,Free Animated Skeleton Character,overcrafted,,OGA-BY 3.0,必要（CREDITS.md）,https://opengameart.org/content/free-animated-skeleton-character,Skeleton Army Bundle - 1 Free Character Demo.zip/Skeleton Army Bundle - 1 Free Character Demo/animations/attack/spritesheet_attack.png,920x533
02-opengameart/free-greek-character-i-2d-animation_86984d71.webp,OpenGameArt,Free Greek Character I 2D Animation,KrinWolf,,CC-BY 4.0,必要（CREDITS.md）,https://opengameart.org/content/free-greek-character-i-2d-animation,character_greek_i.zip/Character Greek I/PNG Animations/Die/GreekBasic_Die_05.png,630x278
02-opengameart/free-greek-character-i-2d-animation_bfbee8e8.webp,OpenGameArt,Free Greek Character I 2D Animation,KrinWolf,,CC-BY 4.0,必要（CREDITS.md）,https://opengameart.org/content/free-greek-character-i-2d-animation,character_greek_i.zip/Character Greek I/PNG Animations/Die/GreekBasic_Die_06.png,545x456
02-opengameart/free-greek-character-ii-2d-animation_3d05a132.webp,OpenGameArt,Free Greek Character II 2D Animation,KrinWolf,,CC-BY 4.0,必要（CREDITS.md）,https://opengameart.org/content/free-greek-character-ii-2d-animation,character_greek_ii.zip/Character Greek II/PNG Animations/Attack/GreekBasic_Attack_5.png,692x549
02-opengameart/free-greek-character-ii-2d-animation_772efd52.webp,OpenGameArt,Free Greek Character II 2D Animation,KrinWolf,,CC-BY 4.0,必要（CREDITS.md）,https://opengameart.org/content/free-greek-character-ii-2d-animation,character_greek_ii.zip/Character Greek II/PNG Animations/Die/GreekBasic_Die_05.png,624x287
02-opengameart/free-greek-character-iii-2d-animatio_a5af4600.webp,OpenGameArt,Free Greek Character III 2D Animation,KrinWolf,,CC-BY 4.0,必要（CREDITS.md）,https://opengameart.org/content/free-greek-character-iii-2d-animation,character_greek_iii.zip/Character Greek III/PNG Animations/Die/GreekBasic_Die_04.png,584x312
02-opengameart/free-greek-character-iii-2d-animatio_e535d1c5.webp,OpenGameArt,Free Greek Character III 2D Animation,KrinWolf,,CC-BY 4.0,必要（CREDITS.md）,https://opengameart.org/content/free-greek-character-iii-2d-animation,character_greek_iii.zip/Character Greek III/PNG Animations/Attack/GreekBasic_Attack_4.png,339x569
02-opengameart/gargoyle_cbf1cd34.webp,OpenGameArt,Gargoyle,yd,,CC0,不要,https://opengameart.org/content/gargoyle,gargyle.png,319x440
02-opengameart/ghost-for-rpg_bc995aac.webp,OpenGameArt,Ghost for RPG,Nidhoggn,,CC-BY 4.0,必要（CREDITS.md）,https://opengameart.org/content/ghost-for-rpg,ghost_11.png,746x1089
02-opengameart/ghosts_15caedcb.webp,OpenGameArt,Ghosts,nicubunu,,CC0,不要,https://opengameart.org/content/ghosts,ghosts.svg,202x198
02-opengameart/ghosts_573fc80b.webp,OpenGameArt,Ghosts,nicubunu,,CC0,不要,https://opengameart.org/content/ghosts,ghosts.svg,95x205
02-opengameart/ghosts_5c52cfcc.webp,OpenGameArt,Ghosts,nicubunu,,CC0,不要,https://opengameart.org/content/ghosts,ghosts.svg,99x294
02-opengameart/ghosts_f5b6ca6f.webp,OpenGameArt,Ghosts,nicubunu,,CC0,不要,https://opengameart.org/content/ghosts,ghosts.svg,100x281
02-opengameart/giant-wasp_2f39af7e.webp,OpenGameArt,GIANT WASP,Tiamalt,,CC-BY 3.0,必要（CREDITS.md）,https://opengameart.org/content/giant-wasp,anim.zip/anim/WASP_KING_parts_00066.png,386x310
02-opengameart/giant-wasp_b566f6c9.webp,OpenGameArt,GIANT WASP,Tiamalt,,CC-BY 3.0,必要（CREDITS.md）,https://opengameart.org/content/giant-wasp,WASP_KINGparts.zip/WASP_KING_dobymain2.png,220x145
02-opengameart/giant-wasp_c27d5535.webp,OpenGameArt,GIANT WASP,Tiamalt,,CC-BY 3.0,必要（CREDITS.md）,https://opengameart.org/content/giant-wasp,anim.zip/anim/WASP_KING_parts_00042.png,423x303
02-opengameart/gods-and-idols-artifact-images_582e2899.webp,OpenGameArt,Gods and Idols: Artifact images,APIStudios,,CC-BY 3.0 / OGA-BY 3.0,必要（CREDITS.md）,https://opengameart.org/content/gods-and-idols-artifact-images,paintings.zip/Dark angel.jpg,512x512
02-opengameart/gods-and-idols-artifact-images_87816959.webp,OpenGameArt,Gods and Idols: Artifact images,APIStudios,,CC-BY 3.0 / OGA-BY 3.0,必要（CREDITS.md）,https://opengameart.org/content/gods-and-idols-artifact-images,paintings.zip/Crystal Gateway copy.jpg,512x512
02-opengameart/golden-knight-character-sprite_33d5bc13.webp,OpenGameArt,Golden Knight: Character Sprite,Flixberry Entertainment,,CC-BY 4.0 / CC-BY 3.0 / CC0,必要（CREDITS.md）,https://opengameart.org/content/golden-knight-character-sprite,Golden Knight walking.zip/Golden Knight walking/Golden Knight walk with sword face right/golden knight animation sword right edit_00006.png,446x318
02-opengameart/golden-knight-character-sprite_404eae0c.webp,OpenGameArt,Golden Knight: Character Sprite,Flixberry Entertainment,,CC-BY 4.0 / CC-BY 3.0 / CC0,必要（CREDITS.md）,https://opengameart.org/content/golden-knight-character-sprite,Golden Knight stand with sword animation idle.zip/Golden Knight stand with sword animation idle/Golden Knight stand face right sword idle/golden knight stand with sword idle_00004.png,444x319
02-opengameart/hand-drawn-alien-ground-claw_3e576c53.webp,OpenGameArt,Hand Drawn Alien Ground Claw,Dimitar Grozev,,CC-BY 4.0,必要（CREDITS.md）,https://opengameart.org/content/hand-drawn-alien-ground-claw,blech.png,1559x1548
02-opengameart/heavy-terror-machine-assets_89d2c587.webp,OpenGameArt,Heavy Terror Machine Assets,MindChamber,,CC0,不要,https://opengameart.org/content/heavy-terror-machine-assets,Heavy_Terror_sprites_NS.zip/Heavy_Terror_sprites_NS/Robot/Idle/idle_whole/player_idle0024.png,284x281
02-opengameart/heavy-terror-machine-assets_dfeb1064.webp,OpenGameArt,Heavy Terror Machine Assets,MindChamber,,CC0,不要,https://opengameart.org/content/heavy-terror-machine-assets,Heavy_Terror_sprites_NS.zip/Heavy_Terror_sprites_NS/Robot/walk/walk_whole/player_walk0008.png,282x288
02-opengameart/horror-monster_faccd1cc.webp,OpenGameArt,Horror monster,Moo_,,CC-BY 3.0,必要（CREDITS.md）,https://opengameart.org/content/horror-monster,monster365_0.png,132x247
02-opengameart/ink-monster_ab494e1f.webp,OpenGameArt,Ink Monster,RUOK,,CC0,不要,https://opengameart.org/content/ink-monster,littleinky.png,147x553
02-opengameart/ink-monster_cd1cd098.webp,OpenGameArt,Ink Monster,RUOK,,CC0,不要,https://opengameart.org/content/ink-monster,littleinky.png,141x474
02-opengameart/isometric-demon-statue_41e0e644.webp,OpenGameArt,Isometric demon statue,yd,,CC0,不要,https://opengameart.org/content/isometric-demon-statue,demon01.png,402x585
02-opengameart/isometric-demon-statue_a08cdc75.webp,OpenGameArt,Isometric demon statue,yd,,CC0,不要,https://opengameart.org/content/isometric-demon-statue,demon05.png,276x556
02-opengameart/isometric-demon-statue_d2cd47b2.webp,OpenGameArt,Isometric demon statue,yd,,CC0,不要,https://opengameart.org/content/isometric-demon-statue,demon02_0.png,369x585
02-opengameart/jack-o-lantern-free-sprite_44cd8dfa.webp,OpenGameArt,Jack o' Lantern - Free Sprite,pzUH,,CC0,不要,https://opengameart.org/content/jack-o-lantern-free-sprite,JackFree.zip/png/Walk (2).png,440x734
02-opengameart/jack-o-lantern-free-sprite_70ddec48.webp,OpenGameArt,Jack o' Lantern - Free Sprite,pzUH,,CC0,不要,https://opengameart.org/content/jack-o-lantern-free-sprite,JackFree.zip/png/Idle (2).png,447x693
02-opengameart/killer-super-dead-gunner-edition_25fff4c8.webp,OpenGameArt,Killer (Super Dead Gunner edition),Emcee Flesher,,CC-BY 3.0,必要（CREDITS.md）,https://opengameart.org/content/killer-super-dead-gunner-edition,killer-smerc-demo-50x3_0.gif,558x510
02-opengameart/lil-angel-guy_01a81338.webp,OpenGameArt,Lil' angel guy,Lazer Carrot,,CC-BY 3.0,必要（CREDITS.md）,https://opengameart.org/content/lil-angel-guy,guy_6.png,301x201
02-opengameart/lil-angel-guy_6e564e30.webp,OpenGameArt,Lil' angel guy,Lazer Carrot,,CC-BY 3.0,必要（CREDITS.md）,https://opengameart.org/content/lil-angel-guy,guy_6.png,100x302
02-opengameart/lizardman-1_abfa93b8.webp,OpenGameArt,Lizardman,Madjestiko,,CC-BY 4.0,必要（CREDITS.md）,https://opengameart.org/content/lizardman-1,sulphur_s.png,582x913
02-opengameart/lizardman-1_b28ebd7f.webp,OpenGameArt,Lizardman,Madjestiko,,CC-BY 4.0,必要（CREDITS.md）,https://opengameart.org/content/lizardman-1,hunts_o.png,2343x2790
02-opengameart/mages-clerics-and-elementals_19cefadd.webp,OpenGameArt,"Mages, Clerics, and Elementals",melaniko,,CC0,不要,https://opengameart.org/content/mages-clerics-and-elementals,PNG.zip/PNG/fire elemental 2.png,3512x8207
02-opengameart/mages-clerics-and-elementals_5e184aba.webp,OpenGameArt,"Mages, Clerics, and Elementals",melaniko,,CC0,不要,https://opengameart.org/content/mages-clerics-and-elementals,PNG.zip/PNG/cleric m.png,3645x6219
02-opengameart/mages-clerics-and-elementals_79479f18.webp,OpenGameArt,"Mages, Clerics, and Elementals",melaniko,,CC0,不要,https://opengameart.org/content/mages-clerics-and-elementals,PNG.zip/PNG/storm mage m.png,5225x6376
02-opengameart/mages-clerics-and-elementals_8e707da8.webp,OpenGameArt,"Mages, Clerics, and Elementals",melaniko,,CC0,不要,https://opengameart.org/content/mages-clerics-and-elementals,Vector_1.zip/Vector/fire elemental.svg,525x1229
02-opengameart/mages-clerics-and-elementals_9d92efd0.webp,OpenGameArt,"Mages, Clerics, and Elementals",melaniko,,CC0,不要,https://opengameart.org/content/mages-clerics-and-elementals,PNG.zip/PNG/nuclear mage.png,4313x6870
02-opengameart/mages-clerics-and-elementals_aabfabc6.webp,OpenGameArt,"Mages, Clerics, and Elementals",melaniko,,CC0,不要,https://opengameart.org/content/mages-clerics-and-elementals,PNG.zip/PNG/cleric f.png,3826x6439
02-opengameart/mages-clerics-and-elementals_bdf12dbf.webp,OpenGameArt,"Mages, Clerics, and Elementals",melaniko,,CC0,不要,https://opengameart.org/content/mages-clerics-and-elementals,PNG.zip/PNG/fire mage f.png,4325x6262
02-opengameart/mages-clerics-and-elementals_c2660da4.webp,OpenGameArt,"Mages, Clerics, and Elementals",melaniko,,CC0,不要,https://opengameart.org/content/mages-clerics-and-elementals,Vector_1.zip/Vector/earth elemental.svg,640x1049
02-opengameart/mages-clerics-and-elementals_d6914656.webp,OpenGameArt,"Mages, Clerics, and Elementals",melaniko,,CC0,不要,https://opengameart.org/content/mages-clerics-and-elementals,PNG.zip/PNG/dark-mage m.png,1748x2389
02-opengameart/monster-bat-enemy-type-char_1b116cda.webp,OpenGameArt,monster bat enemy type char,JacPete,,CC0,不要,https://opengameart.org/content/monster-bat-enemy-type-char,parts_strip4.png,1047x984
02-opengameart/monster-bat-enemy-type-char_2334006f.webp,OpenGameArt,monster bat enemy type char,JacPete,,CC0,不要,https://opengameart.org/content/monster-bat-enemy-type-char,workcut_strip23.png,204x105
02-opengameart/monster-bat-enemy-type-char_911d338c.webp,OpenGameArt,monster bat enemy type char,JacPete,,CC0,不要,https://opengameart.org/content/monster-bat-enemy-type-char,parts_strip4.png,1453x457
02-opengameart/monster-builder-pack_2b280979.webp,OpenGameArt,Monster Builder Pack,Kenney,,CC0,不要,https://opengameart.org/content/monster-builder-pack,kenney_monsterbuilderpack.zip/Sample.png,918x515
02-opengameart/ogre-4_c95a407b.webp,OpenGameArt,Ogre,Crysjreid,,CC-BY 3.0 / OGA-BY 3.0,必要（CREDITS.md）,https://opengameart.org/content/ogre-4,ogre_0.png,324x792
02-opengameart/orc-portrait_adcb21b4.webp,OpenGameArt,Orc Portrait,pauliuw,,CC0,不要,https://opengameart.org/content/orc-portrait,orc_portrait_full_-_grey_0.png,1349x1585
02-opengameart/orc-rider_baa4db12.webp,OpenGameArt,Orc Rider,marcintokarski,,OGA-BY 3.0,必要（CREDITS.md）,https://opengameart.org/content/orc-rider,Orc Rider.7z/Walking/OrcRider_Walking_NE0014.png,203x139
02-opengameart/orc-rider_dc62dd67.webp,OpenGameArt,Orc Rider,marcintokarski,,OGA-BY 3.0,必要（CREDITS.md）,https://opengameart.org/content/orc-rider,Orc Rider.7z/Walking/OrcRider_Walking_S0030.png,224x124
02-opengameart/orc-rider_e12cb254.webp,OpenGameArt,Orc Rider,marcintokarski,,OGA-BY 3.0,必要（CREDITS.md）,https://opengameart.org/content/orc-rider,Orc Rider.7z/Walking/OrcRider_Walking.png,204x105
02-opengameart/orc-rider_e5154abd.webp,OpenGameArt,Orc Rider,marcintokarski,,OGA-BY 3.0,必要（CREDITS.md）,https://opengameart.org/content/orc-rider,Orc Rider.7z/Walking/OrcRider_Walking_SW0014.png,205x108
02-opengameart/orc-rider_f1201a3e.webp,OpenGameArt,Orc Rider,marcintokarski,,OGA-BY 3.0,必要（CREDITS.md）,https://opengameart.org/content/orc-rider,Orc Rider.7z/Dying/OrcRider_Dying.png,200x111
02-opengameart/painted-battlers-pack_1b031d0e.webp,OpenGameArt,Painted battlers pack,gilgaphoenixignis,,CC-BY 3.0 / CC-BY 4.0,必要（CREDITS.md）,https://opengameart.org/content/painted-battlers-pack,paintedbattlers.zip/paintedbattlers/Mob-Artwork.png,194x225
02-opengameart/painted-battlers-pack_ad940e20.webp,OpenGameArt,Painted battlers pack,gilgaphoenixignis,,CC-BY 3.0 / CC-BY 4.0,必要（CREDITS.md）,https://opengameart.org/content/painted-battlers-pack,paintedbattlers.zip/paintedbattlers/Quadrapen-Artwork.png,285x317
02-opengameart/painted-battlers-pack_d7699fa9.webp,OpenGameArt,Painted battlers pack,gilgaphoenixignis,,CC-BY 3.0 / CC-BY 4.0,必要（CREDITS.md）,https://opengameart.org/content/painted-battlers-pack,paintedbattlers.zip/paintedbattlers/Fiellangue.png,225x187
02-opengameart/parts-2-art-spider_67d3f7a0.webp,OpenGameArt,Parts 2 ART spider,Xavier4321,,CC0,不要,https://opengameart.org/content/parts-2-art-spider,Spider Lord_0.png,470x292
02-opengameart/pink-knight-assets_05b9ed2d.webp,OpenGameArt,Pink Knight assets.,MindChamber,,CC0,不要,https://opengameart.org/content/pink-knight-assets,Pink Knight.zip/Pink Knight/CLockMech_sprites/pilot_recharge/Ck_recharging0018.png,543x382
02-opengameart/pink-knight-assets_20d531ca.webp,OpenGameArt,Pink Knight assets.,MindChamber,,CC0,不要,https://opengameart.org/content/pink-knight-assets,Pink Knight.zip/Pink Knight/Pinkie_Sprites/dizzy/pknight_dizzy0007.png,379x330
02-opengameart/pink-knight-assets_ca71cd06.webp,OpenGameArt,Pink Knight assets.,MindChamber,,CC0,不要,https://opengameart.org/content/pink-knight-assets,Pink Knight.zip/Pink Knight/CLockMech_sprites/New folder/dizzy0016.png,542x377
02-opengameart/pink-knight-assets_dfcb90d6.webp,OpenGameArt,Pink Knight assets.,MindChamber,,CC0,不要,https://opengameart.org/content/pink-knight-assets,Pink Knight.zip/Pink Knight/Pinkie_Sprites/dizzy/pknight_dizzy0018.png,381x333
02-opengameart/pink-knight-assets_e932c18b.webp,OpenGameArt,Pink Knight assets.,MindChamber,,CC0,不要,https://opengameart.org/content/pink-knight-assets,Pink Knight.zip/Pink Knight/Minion/attack_combo/minion_attack0035.png,453x320
02-opengameart/portrait-1_d0fbe92a.webp,OpenGameArt,Portrait,Unnamed,,CC-BY 4.0,必要（CREDITS.md）,https://opengameart.org/content/portrait-1,character01_godot.zip/Portraits/portraits/character01/upper.png,1194x1361
02-opengameart/red-baron-sprite_10920c3c.webp,OpenGameArt,Red Baron Sprite.,MindChamber,,CC-BY 3.0,必要（CREDITS.md）,https://opengameart.org/content/red-baron-sprite,Baron_Sprites.zip/Baron_Sprites/baronhit/baron_hit0025.png,550x476
02-opengameart/red-baron-sprite_54762476.webp,OpenGameArt,Red Baron Sprite.,MindChamber,,CC-BY 3.0,必要（CREDITS.md）,https://opengameart.org/content/red-baron-sprite,Baron_Sprites.zip/Baron_Sprites/baroncombo/baron_combo0138.png,653x412
02-opengameart/red-baron-sprite_56c0a780.webp,OpenGameArt,Red Baron Sprite.,MindChamber,,CC-BY 3.0,必要（CREDITS.md）,https://opengameart.org/content/red-baron-sprite,Baron_Sprites.zip/Baron_Sprites/baroncombo/baron_combo0082.png,617x433
02-opengameart/red-baron-sprite_69ab0425.webp,OpenGameArt,Red Baron Sprite.,MindChamber,,CC-BY 3.0,必要（CREDITS.md）,https://opengameart.org/content/red-baron-sprite,Baron_Sprites.zip/Baron_Sprites/barondeath/baron_death0025.png,633x249
02-opengameart/red-baron-sprite_775e53de.webp,OpenGameArt,Red Baron Sprite.,MindChamber,,CC-BY 3.0,必要（CREDITS.md）,https://opengameart.org/content/red-baron-sprite,Baron_Sprites.zip/Baron_Sprites/baroncombo/baron_combo0053.png,730x440
02-opengameart/red-baron-sprite_87d46aaf.webp,OpenGameArt,Red Baron Sprite.,MindChamber,,CC-BY 3.0,必要（CREDITS.md）,https://opengameart.org/content/red-baron-sprite,Baron_Sprites.zip/Baron_Sprites/barondeath/baron_death0023.png,580x324
02-opengameart/red-baron-sprite_913b4a6a.webp,OpenGameArt,Red Baron Sprite.,MindChamber,,CC-BY 3.0,必要（CREDITS.md）,https://opengameart.org/content/red-baron-sprite,Baron_Sprites.zip/Baron_Sprites/baroncombo/baron_combo0083.png,748x424
02-opengameart/red-baron-sprite_bb05269a.webp,OpenGameArt,Red Baron Sprite.,MindChamber,,CC-BY 3.0,必要（CREDITS.md）,https://opengameart.org/content/red-baron-sprite,Baron_Sprites.zip/Baron_Sprites/baroncombo/baron_combo0136.png,821x379
02-opengameart/red-slime-with-spike_6cf11f1d.webp,OpenGameArt,Red slime with spike!,AndHeGames,,CC0,不要,https://opengameart.org/content/red-slime-with-spike,red_gel.zip/Gel_spike_side0002.png,259x111
02-opengameart/robot-run-cycle-idle-additionnal-spr_3a0ad3f7.webp,OpenGameArt,robot run cycle & idle + additionnal sprites,ColdCoffee,,CC0,不要,https://opengameart.org/content/robot-run-cycle-idle-additionnal-sprites,heros_spritesheet-recupere-recupere_copie.png,126x278
02-opengameart/scythe-girl_a7e53f6c.webp,OpenGameArt,Scythe girl,Unnamed,,CC-BY 4.0,必要（CREDITS.md）,https://opengameart.org/content/scythe-girl,character02.png,1745x1662
02-opengameart/sideview-characters-cartoony_e48f064d.webp,OpenGameArt,SideView Characters (cartoony?),arkalain,,CC-BY 3.0,必要（CREDITS.md）,https://opengameart.org/content/sideview-characters-cartoony,knight_2.svg,304x511
02-opengameart/simple-ninja-2d-katana_aa4d1f4c.webp,OpenGameArt,Simple Ninja 2D + Katana,ETL,,CC-BY 4.0,必要（CREDITS.md）,https://opengameart.org/content/simple-ninja-2d-katana,Ninja_01.svg,433x335
02-opengameart/skeleton-2_e656f554.webp,OpenGameArt,skeleton,knik1985,,CC-BY 3.0,必要（CREDITS.md）,https://opengameart.org/content/skeleton-2,skeleton_18.png,230x290
02-opengameart/skeleton-archer-0_1439e164.webp,OpenGameArt,Skeleton Archer,sonild,,CC0,不要,https://opengameart.org/content/skeleton-archer-0,Archer Skeleton  Animations.zip/Archer Skeleton  Animations/Attack/attack.png,605x1077
02-opengameart/skeleton-archer-0_b75927b3.webp,OpenGameArt,Skeleton Archer,sonild,,CC0,不要,https://opengameart.org/content/skeleton-archer-0,Archer Skeleton  Animations.zip/Archer Skeleton  Animations/Walk/walk.png,546x1032
02-opengameart/skeleton-archer-0_e2281c24.webp,OpenGameArt,Skeleton Archer,sonild,,CC0,不要,https://opengameart.org/content/skeleton-archer-0,Archer Skeleton  Animations.zip/Archer Skeleton  Animations/Dead/dead.png,659x363
02-opengameart/skeleton-hero_04d0da26.webp,OpenGameArt,Skeleton Hero,sonild,,CC0,不要,https://opengameart.org/content/skeleton-hero,Hero Skeleton.zip/Hero Skeleton/Attack 3/Attack 3.png,180x385
02-opengameart/skeleton-hero_794897b9.webp,OpenGameArt,Skeleton Hero,sonild,,CC0,不要,https://opengameart.org/content/skeleton-hero,Hero Skeleton.zip/Hero Skeleton/Unsheathe/Separate sp/unsheathe (7).png,222x384
02-opengameart/skeleton-knight_d95ef674.webp,OpenGameArt,Skeleton Knight,sonild,,CC0,不要,https://opengameart.org/content/skeleton-knight,Knight Skeleton.zip/Knight Skeleton/Attack 1/attack 1.png,685x1490
02-opengameart/skeleton-knight_fcbdf0f3.webp,OpenGameArt,Skeleton Knight,sonild,,CC0,不要,https://opengameart.org/content/skeleton-knight,Knight Skeleton.zip/Knight Skeleton/Attack 1/Separated sp/attack 1 (6).png,423x722
02-opengameart/skeleton-magician_266e0d27.webp,OpenGameArt,Skeleton Magician,sonild,,CC0,不要,https://opengameart.org/content/skeleton-magician,Magician Skeleton.zip/Magician Skeleton/Idle/Separate sp 2/idle 2 (7).png,369x413
02-opengameart/skeleton-magician_a4695d0a.webp,OpenGameArt,Skeleton Magician,sonild,,CC0,不要,https://opengameart.org/content/skeleton-magician,Magician Skeleton.zip/Magician Skeleton/Walk/Separate sp 2/walk 2 (10).png,441x353
02-opengameart/skeleton-magician_d13508fc.webp,OpenGameArt,Skeleton Magician,sonild,,CC0,不要,https://opengameart.org/content/skeleton-magician,Magician Skeleton.zip/Magician Skeleton/Dead/Separate sp/ad_entity_000_Dead_005.png,358x191
02-opengameart/skeleton-warrior-2_2fb6af43.webp,OpenGameArt,Skeleton Warrior,sonild,,CC0,不要,https://opengameart.org/content/skeleton-warrior-2,Skeleton Warrior Animations.zip/Warrior Skeleton Animations/Dead/Separate Sp/dead (7).png,239x289
02-opengameart/skeleton-warrior-2_48129fcc.webp,OpenGameArt,Skeleton Warrior,sonild,,CC0,不要,https://opengameart.org/content/skeleton-warrior-2,Skeleton Warrior Animations.zip/Warrior Skeleton Animations/Dead/Separate Sp/dead (4).png,239x471
02-opengameart/skeleton-warrior-2_4bd7f268.webp,OpenGameArt,Skeleton Warrior,sonild,,CC0,不要,https://opengameart.org/content/skeleton-warrior-2,Skeleton Warrior Animations.zip/Warrior Skeleton Animations/Attack 1/Separate Sp/attack (4).png,217x517
02-opengameart/skeleton-warrior-2_b6c0dbda.webp,OpenGameArt,Skeleton Warrior,sonild,,CC0,不要,https://opengameart.org/content/skeleton-warrior-2,Skeleton Warrior Animations.zip/Warrior Skeleton Animations/Defense/defense.png,583x1877
02-opengameart/slime-0_01144022.webp,OpenGameArt,Slime,TinyWorlds,,CC0,不要,https://opengameart.org/content/slime-0,slime_0.zip/spritesheet.png,426x159
02-opengameart/slime-0_854708f6.webp,OpenGameArt,Slime,TinyWorlds,,CC0,不要,https://opengameart.org/content/slime-0,slime_0.zip/spritesheet.png,426x159
02-opengameart/slime-0_cc21503b.webp,OpenGameArt,Slime,TinyWorlds,,CC0,不要,https://opengameart.org/content/slime-0,slime_0.zip/spritesheet.png,215x143
02-opengameart/slime-0_e375b6d3.webp,OpenGameArt,Slime,TinyWorlds,,CC0,不要,https://opengameart.org/content/slime-0,slime_0.zip/spritesheet.png,426x159
02-opengameart/smileygreenalienset_01b40b59.webp,OpenGameArt,Smiley_green_alien_set,LadyofHats,,CC0,不要,https://opengameart.org/content/smileygreenalienset,Smiley_green_alien_set.svg_0.zip/Smiley_green_alien_sick.svg,591x808
02-opengameart/smileygreenalienset_15ded4af.webp,OpenGameArt,Smiley_green_alien_set,LadyofHats,,CC0,不要,https://opengameart.org/content/smileygreenalienset,Smiley_green_alien_set.svg_0.zip/Smiley_green_alien_gun.svg,594x551
02-opengameart/smileygreenalienset_16be3dcb.webp,OpenGameArt,Smiley_green_alien_set,LadyofHats,,CC0,不要,https://opengameart.org/content/smileygreenalienset,Smiley_green_alien_set.svg_0.zip/Smiley_green_alien_lipsealed.svg,633x794
02-opengameart/smileygreenalienset_2e3edc2d.webp,OpenGameArt,Smiley_green_alien_set,LadyofHats,,CC0,不要,https://opengameart.org/content/smileygreenalienset,Smiley_green_alien_set.svg_0.zip/Smiley_green_alien_exterminate.svg,613x671
02-opengameart/smileygreenalienset_4b24524a.webp,OpenGameArt,Smiley_green_alien_set,LadyofHats,,CC0,不要,https://opengameart.org/content/smileygreenalienset,Smiley_green_alien_set.svg_0.zip/Smiley_green_alien_cool.svg,639x785
02-opengameart/smileygreenalienset_69126c99.webp,OpenGameArt,Smiley_green_alien_set,LadyofHats,,CC0,不要,https://opengameart.org/content/smileygreenalienset,Smiley_green_alien_set.svg_0.zip/Smiley_green_alien_droling.svg,582x787
02-opengameart/smileygreenalienset_77d32b06.webp,OpenGameArt,Smiley_green_alien_set,LadyofHats,,CC0,不要,https://opengameart.org/content/smileygreenalienset,Smiley_green_alien_set.svg_0.zip/Smiley_green_alien_surprised_love.svg,606x793
02-opengameart/smileygreenalienset_7f155c6a.webp,OpenGameArt,Smiley_green_alien_set,LadyofHats,,CC0,不要,https://opengameart.org/content/smileygreenalienset,Smiley_green_alien_set.svg_0.zip/Smiley_green_alien_drunk_happy.svg,620x553
02-opengameart/smileygreenalienset_83f67853.webp,OpenGameArt,Smiley_green_alien_set,LadyofHats,,CC0,不要,https://opengameart.org/content/smileygreenalienset,Smiley_green_alien_set.svg_0.zip/Smiley_green_alien_sword.svg,621x704
02-opengameart/smileygreenalienset_891257b0.webp,OpenGameArt,Smiley_green_alien_set,LadyofHats,,CC0,不要,https://opengameart.org/content/smileygreenalienset,Smiley_green_alien_set.svg_0.zip/Smiley_green_alien_moustache.svg,627x710
02-opengameart/smileygreenalienset_9f53161e.webp,OpenGameArt,Smiley_green_alien_set,LadyofHats,,CC0,不要,https://opengameart.org/content/smileygreenalienset,Smiley_green_alien_set.svg_0.zip/Smiley_green_alien_knockout.svg,597x760
02-opengameart/smileygreenalienset_b4c777c5.webp,OpenGameArt,Smiley_green_alien_set,LadyofHats,,CC0,不要,https://opengameart.org/content/smileygreenalienset,Smiley_green_alien_set.svg_0.zip/Smiley_green_alien_white_ninja.svg,616x716
02-opengameart/smileygreenalienset_b54818bd.webp,OpenGameArt,Smiley_green_alien_set,LadyofHats,,CC0,不要,https://opengameart.org/content/smileygreenalienset,Smiley_green_alien_set.svg_0.zip/Smiley_green_alien_scary_ohh.svg,592x782
02-opengameart/smileygreenalienset_c07b1af9.webp,OpenGameArt,Smiley_green_alien_set,LadyofHats,,CC0,不要,https://opengameart.org/content/smileygreenalienset,Smiley_green_alien_set.svg_0.zip/Smiley_green_alien_drunk_sad.svg,615x524
02-opengameart/smileygreenalienset_d0af2e65.webp,OpenGameArt,Smiley_green_alien_set,LadyofHats,,CC0,不要,https://opengameart.org/content/smileygreenalienset,Smiley_green_alien_set.svg_0.zip/Smiley_green_alien_dead_ninja.svg,626x688
02-opengameart/some-characters-by-ragewortt-in-vect_87c6f15c.webp,OpenGameArt,Some Characters by Ragewortt in Vector,"EdSquare, Ragewortt",,CC0,不要,https://opengameart.org/content/some-characters-by-ragewortt-in-vector,CharacterPlantBoss.svg,298x410
02-opengameart/some-characters-by-ragewortt-in-vect_929a8e24.webp,OpenGameArt,Some Characters by Ragewortt in Vector,"EdSquare, Ragewortt",,CC0,不要,https://opengameart.org/content/some-characters-by-ragewortt-in-vector,CharacterArcher1.svg,540x574
02-opengameart/spider-enemy_e7b686ef.webp,OpenGameArt,Spider Enemy,Blaze Fyruss,,CC0,不要,https://opengameart.org/content/spider-enemy,SpiderParts.png,568x557
02-opengameart/squid_4a53b0bc.webp,OpenGameArt,Squid,megupets,,CC0,不要,https://opengameart.org/content/squid,purple skin_1.png,242x224
02-opengameart/squid_a6097fea.webp,OpenGameArt,Squid,megupets,,CC0,不要,https://opengameart.org/content/squid,purple skin_1.png,232x116
02-opengameart/squid_ffd90286.webp,OpenGameArt,Squid,megupets,,CC0,不要,https://opengameart.org/content/squid,squid.zip/squid/1sheet.png,237x330
02-opengameart/succubus_2c912054.webp,OpenGameArt,Succubus,BorisMedvedev,,CC0,不要,https://opengameart.org/content/succubus,succubus.png,857x1745
02-opengameart/surts-cc0-scraps-transparent_0ecf9a09.webp,OpenGameArt,Surt's CC0 Scraps - Transparent,"Technopeasant, surt",,CC0,不要,https://opengameart.org/content/surts-cc0-scraps-transparent,transparent.zip/spinewhip.png,874x567
02-opengameart/surts-cc0-scraps-transparent_22a053d5.webp,OpenGameArt,Surt's CC0 Scraps - Transparent,"Technopeasant, surt",,CC0,不要,https://opengameart.org/content/surts-cc0-scraps-transparent,transparent.zip/mirrorder.png,422x729
02-opengameart/surts-cc0-scraps-transparent_402d7494.webp,OpenGameArt,Surt's CC0 Scraps - Transparent,"Technopeasant, surt",,CC0,不要,https://opengameart.org/content/surts-cc0-scraps-transparent,transparent.zip/dregs.png,776x439
02-opengameart/surts-cc0-scraps-transparent_44a69b6b.webp,OpenGameArt,Surt's CC0 Scraps - Transparent,"Technopeasant, surt",,CC0,不要,https://opengameart.org/content/surts-cc0-scraps-transparent,transparent.zip/fish_10.png,282x393
02-opengameart/surts-cc0-scraps-transparent_4bd96790.webp,OpenGameArt,Surt's CC0 Scraps - Transparent,"Technopeasant, surt",,CC0,不要,https://opengameart.org/content/surts-cc0-scraps-transparent,transparent.zip/shittle2.png,410x407
02-opengameart/surts-cc0-scraps-transparent_6667608f.webp,OpenGameArt,Surt's CC0 Scraps - Transparent,"Technopeasant, surt",,CC0,不要,https://opengameart.org/content/surts-cc0-scraps-transparent,transparent.zip/morth.png,506x399
02-opengameart/surts-cc0-scraps-transparent_66c3bbb3.webp,OpenGameArt,Surt's CC0 Scraps - Transparent,"Technopeasant, surt",,CC0,不要,https://opengameart.org/content/surts-cc0-scraps-transparent,transparent.zip/griller.png,443x630
02-opengameart/surts-cc0-scraps-transparent_70334b57.webp,OpenGameArt,Surt's CC0 Scraps - Transparent,"Technopeasant, surt",,CC0,不要,https://opengameart.org/content/surts-cc0-scraps-transparent,transparent.zip/meshesh.png,237x659
02-opengameart/surts-cc0-scraps-transparent_76c0dbbb.webp,OpenGameArt,Surt's CC0 Scraps - Transparent,"Technopeasant, surt",,CC0,不要,https://opengameart.org/content/surts-cc0-scraps-transparent,transparent.zip/gecimech.png,268x373
02-opengameart/surts-cc0-scraps-transparent_89495bf2.webp,OpenGameArt,Surt's CC0 Scraps - Transparent,"Technopeasant, surt",,CC0,不要,https://opengameart.org/content/surts-cc0-scraps-transparent,transparent.zip/shiplouette.png,621x323
02-opengameart/surts-cc0-scraps-transparent_8cdeb2a5.webp,OpenGameArt,Surt's CC0 Scraps - Transparent,"Technopeasant, surt",,CC0,不要,https://opengameart.org/content/surts-cc0-scraps-transparent,transparent.zip/symple.png,325x345
02-opengameart/surts-cc0-scraps-transparent_9115e92c.webp,OpenGameArt,Surt's CC0 Scraps - Transparent,"Technopeasant, surt",,CC0,不要,https://opengameart.org/content/surts-cc0-scraps-transparent,transparent.zip/garnnar.png,786x767
02-opengameart/surts-cc0-scraps-transparent_946fa44a.webp,OpenGameArt,Surt's CC0 Scraps - Transparent,"Technopeasant, surt",,CC0,不要,https://opengameart.org/content/surts-cc0-scraps-transparent,transparent.zip/cyburn.png,793x662
02-opengameart/surts-cc0-scraps-transparent_b12bf195.webp,OpenGameArt,Surt's CC0 Scraps - Transparent,"Technopeasant, surt",,CC0,不要,https://opengameart.org/content/surts-cc0-scraps-transparent,transparent.zip/bingin.png,437x648
02-opengameart/surts-cc0-scraps-transparent_ff492b70.webp,OpenGameArt,Surt's CC0 Scraps - Transparent,"Technopeasant, surt",,CC0,不要,https://opengameart.org/content/surts-cc0-scraps-transparent,transparent.zip/griptz.png,276x356
02-opengameart/technozomians-mushroom_90deea94.webp,OpenGameArt,Technozomians Mushroom,Technozomians,,CC-BY 3.0,必要（CREDITS.md）,https://opengameart.org/content/technozomians-mushroom,Mushroom01_0.png,430x598
02-opengameart/the-alien_673152d4.webp,OpenGameArt,The Alien,PepperRacoon,,CC-BY 3.0,必要（CREDITS.md）,https://opengameart.org/content/the-alien,alien_7.png,900x1500
02-opengameart/the-green-dragon_5dfd4a7e.webp,OpenGameArt,The green Dragon,Gumichan01,,CC-BY 4.0,必要（CREDITS.md）,https://opengameart.org/content/the-green-dragon,dragon-sprite.zip/dragon-sprite/dragon02.png,220x234
02-opengameart/the-knight-free-sprite_7294efb0.webp,OpenGameArt,The Knight - Free Sprite,pzUH,,CC0,不要,https://opengameart.org/content/the-knight-free-sprite,FreeKnight.zip/png/Jump (2).png,419x661
02-opengameart/the-knight-free-sprite_bc1e4012.webp,OpenGameArt,The Knight - Free Sprite,pzUH,,CC0,不要,https://opengameart.org/content/the-knight-free-sprite,FreeKnight.zip/png/Dead (2).png,432x636
02-opengameart/the-robot-free-sprite_bcff6b9a.webp,OpenGameArt,The Robot - Free Sprite,pzUH,,CC0,不要,https://opengameart.org/content/the-robot-free-sprite,RobotFree.zip/png/Dead (8).png,509x227
02-opengameart/the-robot-free-sprite_d653607a.webp,OpenGameArt,The Robot - Free Sprite,pzUH,,CC0,不要,https://opengameart.org/content/the-robot-free-sprite,RobotFree.zip/png/Melee (6).png,335x509
02-opengameart/the-zombie-free-sprites_01733135.webp,OpenGameArt,The Zombie - Free Sprites,pzUH,,CC0,不要,https://opengameart.org/content/the-zombie-free-sprites,ZombieFiles.zip/png/female/Walk (7).png,337x537
02-opengameart/the-zombie-free-sprites_0afebd3e.webp,OpenGameArt,The Zombie - Free Sprites,pzUH,,CC0,不要,https://opengameart.org/content/the-zombie-free-sprites,ZombieFiles.zip/png/female/Dead (2).png,396x537
02-opengameart/the-zombie-free-sprites_2988fb65.webp,OpenGameArt,The Zombie - Free Sprites,pzUH,,CC0,不要,https://opengameart.org/content/the-zombie-free-sprites,ZombieFiles.zip/png/male/Attack (3).png,265x448
02-opengameart/the-zombie-free-sprites_b6c8ea46.webp,OpenGameArt,The Zombie - Free Sprites,pzUH,,CC0,不要,https://opengameart.org/content/the-zombie-free-sprites,ZombieFiles.zip/png/male/Walk (7).png,271x474
02-opengameart/toon-characters-1_171f66b1.webp,OpenGameArt,Toon Characters 1,Kenney,,CC0,不要,https://opengameart.org/content/toon-characters-1,kenney_toonCharacters1.zip/Robot/Tilesheet/character_robot_sheetHD.png,145x200
02-opengameart/toon-characters-1_78dbcaf2.webp,OpenGameArt,Toon Characters 1,Kenney,,CC0,不要,https://opengameart.org/content/toon-characters-1,kenney_toonCharacters1.zip/Zombie/Tilesheet/character_zombie_sheetHD.png,194x204
02-opengameart/toon-characters-1_e8bf4e0d.webp,OpenGameArt,Toon Characters 1,Kenney,,CC0,不要,https://opengameart.org/content/toon-characters-1,kenney_toonCharacters1.zip/Zombie/PNG/Poses HD/character_zombie_fall.png,183x210
02-opengameart/top-down-simple-monsters_629d15c6.webp,OpenGameArt,Top down simple monsters,pracalic,,CC0,不要,https://opengameart.org/content/top-down-simple-monsters,monsters_2.zip/monsters.png,222x224
02-opengameart/top-down-simple-monsters_879db104.webp,OpenGameArt,Top down simple monsters,pracalic,,CC0,不要,https://opengameart.org/content/top-down-simple-monsters,monsters_2.zip/monsters.png,258x257
02-opengameart/top-down-simple-monsters_b955ac15.webp,OpenGameArt,Top down simple monsters,pracalic,,CC0,不要,https://opengameart.org/content/top-down-simple-monsters,monsters_2.zip/monsters.png,214x236
02-opengameart/top-down-tentacle-creature_6a078324.webp,OpenGameArt,Top Down Tentacle Creature,Sean Noonan,,CC0,不要,https://opengameart.org/content/top-down-tentacle-creature,monster_flesh_teeth_sheet.png,239x208
02-opengameart/totem-pole-enemy_7979b617.webp,OpenGameArt,Totem Pole Enemy,Blaze Fyruss,,CC0,不要,https://opengameart.org/content/totem-pole-enemy,TotemParts.png,1155x342
02-opengameart/troll-character-sprites_8053a1c4.webp,OpenGameArt,Troll Character Sprites,CraftPix.net 2D Game Assets,,OGA-BY 3.0,必要（CREDITS.md）,https://opengameart.org/content/troll-character-sprites,Troll-Character-Sprites-PNG.zip/Troll2/Walk_002.png,1064x645
02-opengameart/troll-character-sprites_894a8853.webp,OpenGameArt,Troll Character Sprites,CraftPix.net 2D Game Assets,,OGA-BY 3.0,必要（CREDITS.md）,https://opengameart.org/content/troll-character-sprites,Troll-Character-Sprites-PNG.zip/Troll1/Hurt_009.png,1023x719
02-opengameart/troll-character-sprites_939d8707.webp,OpenGameArt,Troll Character Sprites,CraftPix.net 2D Game Assets,,OGA-BY 3.0,必要（CREDITS.md）,https://opengameart.org/content/troll-character-sprites,Troll-Character-Sprites-PNG.zip/Troll1/Dead_009.png,987x395
02-opengameart/troll-sprites_096b7e8c.webp,OpenGameArt,Troll Sprites,MindChamber,,CC-BY 3.0,必要（CREDITS.md）,https://opengameart.org/content/troll-sprites,Troll_sprites.zip/Troll_sprites/onground/bigger/troll_onground0002.png,301x77
02-opengameart/troll-sprites_17ab7d62.webp,OpenGameArt,Troll Sprites,MindChamber,,CC-BY 3.0,必要（CREDITS.md）,https://opengameart.org/content/troll-sprites,Troll_sprites.zip/Troll_sprites/attack/bigger/troll_attack0013.png,369x174
02-opengameart/troll-sprites_660b6fa7.webp,OpenGameArt,Troll Sprites,MindChamber,,CC-BY 3.0,必要（CREDITS.md）,https://opengameart.org/content/troll-sprites,Troll_sprites.zip/Troll_sprites/death/bigger/troll_dead0010.png,357x147
02-opengameart/troll-sprites_9078ecc2.webp,OpenGameArt,Troll Sprites,MindChamber,,CC-BY 3.0,必要（CREDITS.md）,https://opengameart.org/content/troll-sprites,Troll_sprites.zip/Troll_sprites/pause/bigger/troll_pause0039.png,488x199
02-opengameart/troll-sprites_b7409c40.webp,OpenGameArt,Troll Sprites,MindChamber,,CC-BY 3.0,必要（CREDITS.md）,https://opengameart.org/content/troll-sprites,Troll_sprites.zip/Troll_sprites/walk/bigger/troll_walk0003.png,258x172
02-opengameart/troll-sprites_be69b5e5.webp,OpenGameArt,Troll Sprites,MindChamber,,CC-BY 3.0,必要（CREDITS.md）,https://opengameart.org/content/troll-sprites,Troll_sprites.zip/Troll_sprites/knockdown/bigger/troll_knockdown0011.png,238x132
02-opengameart/troll-sprites_c4f89959.webp,OpenGameArt,Troll Sprites,MindChamber,,CC-BY 3.0,必要（CREDITS.md）,https://opengameart.org/content/troll-sprites,Troll_sprites.zip/Troll_sprites/attack/bigger/troll_attack0012.png,357x174
02-opengameart/troll-sprites_cc010c7a.webp,OpenGameArt,Troll Sprites,MindChamber,,CC-BY 3.0,必要（CREDITS.md）,https://opengameart.org/content/troll-sprites,Troll_sprites.zip/Troll_sprites/attack/bigger/troll_attack0010.png,257x174
02-opengameart/troll-sprites_d13137e8.webp,OpenGameArt,Troll Sprites,MindChamber,,CC-BY 3.0,必要（CREDITS.md）,https://opengameart.org/content/troll-sprites,Troll_sprites.zip/Troll_sprites/onground/bigger/troll_onground0001.png,301x155
02-opengameart/troll-sprites_edca5a11.webp,OpenGameArt,Troll Sprites,MindChamber,,CC-BY 3.0,必要（CREDITS.md）,https://opengameart.org/content/troll-sprites,Troll_sprites.zip/Troll_sprites/throwback/bigger/troll_throwback0007.png,205x338
02-opengameart/viking-sprite_01b7e8aa.webp,OpenGameArt,Viking Sprite,MindChamber,,CC-BY 3.0,必要（CREDITS.md）,https://opengameart.org/content/viking-sprite,viking_Sprites.zip/viking_Sprites/swingC/vikingswingC0009.png,262x241
02-opengameart/viking-sprite_031cbef4.webp,OpenGameArt,Viking Sprite,MindChamber,,CC-BY 3.0,必要（CREDITS.md）,https://opengameart.org/content/viking-sprite,viking_Sprites.zip/viking_Sprites/idle/viking_idle0035.png,278x193
02-opengameart/viking-sprite_08d2a8ce.webp,OpenGameArt,Viking Sprite,MindChamber,,CC-BY 3.0,必要（CREDITS.md）,https://opengameart.org/content/viking-sprite,viking_Sprites.zip/viking_Sprites/jumpswingA/vikingjumpswingA0003.png,266x228
02-opengameart/viking-sprite_4d0443e4.webp,OpenGameArt,Viking Sprite,MindChamber,,CC-BY 3.0,必要（CREDITS.md）,https://opengameart.org/content/viking-sprite,viking_Sprites.zip/viking_Sprites/run/vikingrun0011.png,231x158
02-opengameart/viking-sprite_577aa57c.webp,OpenGameArt,Viking Sprite,MindChamber,,CC-BY 3.0,必要（CREDITS.md）,https://opengameart.org/content/viking-sprite,viking_Sprites.zip/viking_Sprites/jump/vikingjump0002.png,361x159
02-opengameart/viking-sprite_8ff3f4e1.webp,OpenGameArt,Viking Sprite,MindChamber,,CC-BY 3.0,必要（CREDITS.md）,https://opengameart.org/content/viking-sprite,viking_Sprites.zip/viking_Sprites/swingC/vikingswingC0008.png,312x245
02-opengameart/viking-sprite_94e18cf4.webp,OpenGameArt,Viking Sprite,MindChamber,,CC-BY 3.0,必要（CREDITS.md）,https://opengameart.org/content/viking-sprite,viking_Sprites.zip/viking_Sprites/swingB/vikingswingB0005.png,306x193
02-opengameart/viking-sprite_c3ca9049.webp,OpenGameArt,Viking Sprite,MindChamber,,CC-BY 3.0,必要（CREDITS.md）,https://opengameart.org/content/viking-sprite,viking_Sprites.zip/viking_Sprites/swingA/vikingswingA0004.png,278x190
02-opengameart/viking-sprite_d79677ef.webp,OpenGameArt,Viking Sprite,MindChamber,,CC-BY 3.0,必要（CREDITS.md）,https://opengameart.org/content/viking-sprite,viking_Sprites.zip/viking_Sprites/walk/vikingwalk0006.png,166x201
02-opengameart/viking-sprite_f216c70a.webp,OpenGameArt,Viking Sprite,MindChamber,,CC-BY 3.0,必要（CREDITS.md）,https://opengameart.org/content/viking-sprite,viking_Sprites.zip/viking_Sprites/swingC/vikingswingC0007.png,220x199
02-opengameart/witch-girl_4456af1c.webp,OpenGameArt,Witch Girl,Crysjreid,,CC-BY 3.0,必要（CREDITS.md）,https://opengameart.org/content/witch-girl,witch-girl_0.png,385x948
02-opengameart/wizard-5_debe89d3.webp,OpenGameArt,Wizard,Warspawn,,CC0,不要,https://opengameart.org/content/wizard-5,wizard_0.zip/master.svg,266x306
02-opengameart/wolf-spirit_59de22fa.webp,OpenGameArt,Wolf Spirit,zonked,,CC0,不要,https://opengameart.org/content/wolf-spirit,fondo_0.png,620x626
02-opengameart/zombie-smasher-pack_0a5320b1.webp,OpenGameArt,Zombie Smasher Pack,Arcade Dream,,CC0,不要,https://opengameart.org/content/zombie-smasher-pack,zombiesmasherpack.zip/ZombieSmasherGamePack/SpriteSheets/ZCatSpriteSheet.png,316x469
02-opengameart/zombie-smasher-pack_170534ec.webp,OpenGameArt,Zombie Smasher Pack,Arcade Dream,,CC0,不要,https://opengameart.org/content/zombie-smasher-pack,zombiesmasherpack.zip/ZombieSmasherGamePack/SpriteSheets/BunnySpriteSheet.png,423x421
02-opengameart/zombie-smasher-pack_3507e6fd.webp,OpenGameArt,Zombie Smasher Pack,Arcade Dream,,CC0,不要,https://opengameart.org/content/zombie-smasher-pack,zombiesmasherpack.zip/ZombieSmasherGamePack/SpriteSheets/ZBirdSpriteSheet.png,493x454
02-opengameart/zombie-smasher-pack_45ac7c9f.webp,OpenGameArt,Zombie Smasher Pack,Arcade Dream,,CC0,不要,https://opengameart.org/content/zombie-smasher-pack,zombiesmasherpack.zip/ZombieSmasherGamePack/SpriteSheets/DogSpriteSheet.png,285x479
02-opengameart/zombie-smasher-pack_4f37a2dc.webp,OpenGameArt,Zombie Smasher Pack,Arcade Dream,,CC0,不要,https://opengameart.org/content/zombie-smasher-pack,zombiesmasherpack.zip/ZombieSmasherGamePack/SpriteSheets/ZBirdSpriteSheet.png,512x473
02-opengameart/zombie-smasher-pack_5565c3eb.webp,OpenGameArt,Zombie Smasher Pack,Arcade Dream,,CC0,不要,https://opengameart.org/content/zombie-smasher-pack,zombiesmasherpack.zip/ZombieSmasherGamePack/Characters/Bunny/Zombiebunny/z-bunny_05.png,416x425
02-opengameart/zombie-smasher-pack_61757b28.webp,OpenGameArt,Zombie Smasher Pack,Arcade Dream,,CC0,不要,https://opengameart.org/content/zombie-smasher-pack,zombiesmasherpack.zip/ZombieSmasherGamePack/SpriteSheets/BunnySpriteSheet.png,408x460
02-opengameart/zombie-smasher-pack_716ea14a.webp,OpenGameArt,Zombie Smasher Pack,Arcade Dream,,CC0,不要,https://opengameart.org/content/zombie-smasher-pack,zombiesmasherpack.zip/ZombieSmasherGamePack/SpriteSheets/ZDogSpriteSheet.png,319x445
02-opengameart/zombie-smasher-pack_89206b39.webp,OpenGameArt,Zombie Smasher Pack,Arcade Dream,,CC0,不要,https://opengameart.org/content/zombie-smasher-pack,zombiesmasherpack.zip/ZombieSmasherGamePack/Characters/Bird/N_Bird_03.png,492x454
02-opengameart/zombie-smasher-pack_a259405f.webp,OpenGameArt,Zombie Smasher Pack,Arcade Dream,,CC0,不要,https://opengameart.org/content/zombie-smasher-pack,zombiesmasherpack.zip/ZombieSmasherGamePack/SpriteSheets/CatSpriteSheet.png,377x469
02-opengameart/zombie-smasher-pack_a3f25888.webp,OpenGameArt,Zombie Smasher Pack,Arcade Dream,,CC0,不要,https://opengameart.org/content/zombie-smasher-pack,zombiesmasherpack.zip/ZombieSmasherGamePack/Characters/Cat/ZombieCat/z_cat_03.png,395x463
02-opengameart/zombie-smasher-pack_b773d52f.webp,OpenGameArt,Zombie Smasher Pack,Arcade Dream,,CC0,不要,https://opengameart.org/content/zombie-smasher-pack,zombiesmasherpack.zip/ZombieSmasherGamePack/SpriteSheets/DogSpriteSheet.png,298x484
02-opengameart/zombie-smasher-pack_bd7f47cd.webp,OpenGameArt,Zombie Smasher Pack,Arcade Dream,,CC0,不要,https://opengameart.org/content/zombie-smasher-pack,zombiesmasherpack.zip/ZombieSmasherGamePack/SpriteSheets/BirdSpriteSheet.png,498x452
02-opengameart/zombie-smasher-pack_be2fd627.webp,OpenGameArt,Zombie Smasher Pack,Arcade Dream,,CC0,不要,https://opengameart.org/content/zombie-smasher-pack,zombiesmasherpack.zip/ZombieSmasherGamePack/SpriteSheets/CatSpriteSheet.png,268x450
02-opengameart/zombie-smasher-pack_cf5481ae.webp,OpenGameArt,Zombie Smasher Pack,Arcade Dream,,CC0,不要,https://opengameart.org/content/zombie-smasher-pack,zombiesmasherpack.zip/ZombieSmasherGamePack/Characters/Dog/Zombiedog/z_dog-01.png,395x454
03-museum-art/cma_a-flying-angel-recto_07cda5d8.webp,クリーブランド美術館,A Flying Angel (recto),"Giovanni Battista Piazzetta (Italian, 1682–1754)",1723–27,CC0（クリーブランド美術館 オープンアクセス）,不要（パブリックドメイン／CC0）,https://clevelandart.org/art/1938.388.a,,689x900
03-museum-art/cma_a-new-device-to-cleave-wild-beasts-f_347fb4b5.webp,クリーブランド美術館,A new device to cleave wild beasts from Head to Tail,"Filippo Morghen (Italian, 1730–after 1807); Jean-Pierre-Louis-Laurent Hoüel (French, 1735–1813)",about 1769,CC0（クリーブランド美術館 オープンアクセス）,不要（パブリックドメイン／CC0）,https://clevelandart.org/art/2023.19.3,,900x673
03-museum-art/cma_a-savage-mounted-on-a-winged-serpent_a3d2ee03.webp,クリーブランド美術館,A Savage mounted on a winged Serpent battling with a wild beast resembling a Porcupine,"Filippo Morghen (Italian, 1730–after 1807); Jean-Pierre-Louis-Laurent Hoüel (French, 1735–1813)",about 1769,CC0（クリーブランド美術館 オープンアクセス）,不要（パブリックドメイン／CC0）,https://clevelandart.org/art/2023.19.2,,900x673
03-museum-art/cma_altarpiece-with-relics-angel-lower-l_1ef0bbc7.webp,クリーブランド美術館,"Altarpiece with Relics - Angel, lower left","Joseph Matthias Götz (German, 1696–1760); Workshop",c. 1735–40,CC0（クリーブランド美術館 オープンアクセス）,不要（パブリックドメイン／CC0）,https://clevelandart.org/art/1964.357.g,,828x893
03-museum-art/cma_altarpiece-with-relics-angel-lower-r_d7edcfd0.webp,クリーブランド美術館,"Altarpiece with Relics - Angel, lower right","Joseph Matthias Götz (German, 1696–1760); Workshop",c. 1735–1740,CC0（クリーブランド美術館 オープンアクセス）,不要（パブリックドメイン／CC0）,https://clevelandart.org/art/1964.357.h,,845x893
03-museum-art/cma_bahram-gur-slays-a-dragon-verso-from_d10d8f0b.webp,クリーブランド美術館,"Bahram Gur Slays a Dragon (verso), from a Shahnama (Book of Kings) of Firdausi (940–1019 or 1025), known as the Great Mongol Shahnama",,1330–35,CC0（クリーブランド美術館 オープンアクセス）,不要（パブリックドメイン／CC0）,https://clevelandart.org/art/1943.658.b,,685x900
03-museum-art/cma_demon-in-chains_5f9a3726.webp,クリーブランド美術館,Demon in chains,Muhammad Siya Qalam (Iranian),c. 1453,CC0（クリーブランド美術館 オープンアクセス）,不要（パブリックドメイン／CC0）,https://clevelandart.org/art/1982.63,,1165x893
03-museum-art/cma_dragon-and-tiger_5ddc88fa.webp,クリーブランド美術館,Dragon and Tiger,"Sesson Shūkei (Japanese, c. 1492–c. 1577)",c. 1546–56,CC0（クリーブランド美術館 オープンアクセス）,不要（パブリックドメイン／CC0）,https://clevelandart.org/art/1959.136,,899x900
03-museum-art/cma_dragon-and-tiger_93e17bfe.webp,クリーブランド美術館,Dragon and Tiger,Soga Nichokuan (Japanese),early to mid-1600s,CC0（クリーブランド美術館 オープンアクセス）,不要（パブリックドメイン／CC0）,https://clevelandart.org/art/1985.134,,900x834
03-museum-art/cma_dragon-and-tiger_abfcf5e7.webp,クリーブランド美術館,Dragon and Tiger,"Sesson Shūkei (Japanese, c. 1492–c. 1577)",c. 1546–56,CC0（クリーブランド美術館 オープンアクセス）,不要（パブリックドメイン／CC0）,https://clevelandart.org/art/1959.136.1,,900x458
03-museum-art/cma_dragon-and-tiger_cffd6760.webp,クリーブランド美術館,Dragon and Tiger,"Sesson Shūkei (Japanese, c. 1492–c. 1577)",c. 1546–56,CC0（クリーブランド美術館 オープンアクセス）,不要（パブリックドメイン／CC0）,https://clevelandart.org/art/1959.136.2,,1263x632
03-museum-art/cma_dragon_2d610096.webp,クリーブランド美術館,Dragon,Soga Nichokuan (Japanese),early to mid-1600s,CC0（クリーブランド美術館 オープンアクセス）,不要（パブリックドメイン／CC0）,https://clevelandart.org/art/1985.134.1,,900x416
03-museum-art/cma_flowers-of-a-hundred-worlds-momoyogu_23be347b.webp,クリーブランド美術館,Flowers of a Hundred Worlds (Momoyogusa): God of Thunder (Raijin) (Kaminari),"Kamisaka Sekka (Japanese, 1866–1942)",1909–10,CC0（クリーブランド美術館 オープンアクセス）,不要（パブリックドメイン／CC0）,https://clevelandart.org/art/1988.23.2.19,,900x613
03-museum-art/cma_flowers-of-a-hundred-worlds-momoyogu_4e44f934.webp,クリーブランド美術館,Flowers of a Hundred Worlds (Momoyogusa): White Phoenix  (Hakuho),"Kamisaka Sekka (Japanese, 1866–1942)",1909–10,CC0（クリーブランド美術館 オープンアクセス）,不要（パブリックドメイン／CC0）,https://clevelandart.org/art/1988.23.1.16,,900x622
03-museum-art/cma_flowers-of-a-hundred-worlds-momoyogu_63e96bb7.webp,クリーブランド美術館,Flowers of a Hundred Worlds (Momoyogusa): Dragon (Ryū),"Kamisaka Sekka (Japanese, 1866–1942)",1909–10,CC0（クリーブランド美術館 オープンアクセス）,不要（パブリックドメイン／CC0）,https://clevelandart.org/art/1988.23.3.7,,900x611
03-museum-art/cma_flowers-of-a-hundred-worlds-momoyogu_a764f784.webp,クリーブランド美術館,Flowers of a Hundred Worlds (Momoyogusa): God of Thunder (Raijin),"Kamisaka Sekka (Japanese, 1866–1942)",1909,CC0（クリーブランド美術館 オープンアクセス）,不要（パブリックドメイン／CC0）,https://clevelandart.org/art/1989.85.1,,900x631
03-museum-art/cma_fountain-with-two-tritons-blowing-co_9835d42a.webp,クリーブランド美術館,Fountain with Two Tritons Blowing Conch Shells,"François Boucher (French, 1703–1770)",c. 1736,CC0（クリーブランド美術館 オープンアクセス）,不要（パブリックドメイン／CC0）,https://clevelandart.org/art/1952.529,,553x900
03-museum-art/cma_god-appearing-to-isaac_e502a3e0.webp,クリーブランド美術館,God Appearing to Isaac,"Antonio Maria I Zanetti (Italian, 1680–1757)",1723,CC0（クリーブランド美術館 オープンアクセス）,不要（パブリックドメイン／CC0）,https://clevelandart.org/art/1967.238,,1118x893
03-museum-art/cma_god-of-thunder-raijin_f50a2a69.webp,クリーブランド美術館,God of Thunder (Raijin),"Tawaraya Sōtatsu (Japanese, c. 1570–c. 1640)",mid-1600s,CC0（クリーブランド美術館 オープンアクセス）,不要（パブリックドメイン／CC0）,https://clevelandart.org/art/2004.86,,1263x585
03-museum-art/cma_gods-of-fortune-at-mt-penglai-from-s_8b6c1f6d.webp,クリーブランド美術館,Gods of Fortune at Mt. Penglai from Sketch Album,"Kawanabe Kyōsai (Japanese, 1831–1889)",mid- to late 1800s,CC0（クリーブランド美術館 オープンアクセス）,不要（パブリックドメイン／CC0）,https://clevelandart.org/art/1991.125.q,,900x718
03-museum-art/cma_gods-of-good-fortune-from-sketch-alb_9edfbde8.webp,クリーブランド美術館,Gods of Good Fortune from Sketch Album,"Kawanabe Kyōsai (Japanese, 1831–1889)",mid- to late 1800s,CC0（クリーブランド美術館 オープンアクセス）,不要（パブリックドメイン／CC0）,https://clevelandart.org/art/1991.125.v,,900x714
03-museum-art/cma_grotesque-masks-mask-13-book-i_0741030a.webp,クリーブランド美術館,"Grotesque Masks: Mask 13, Book I","Aloisio Giovannoli (Italian, 1550–1618)",c. 1610,CC0（クリーブランド美術館 オープンアクセス）,不要（パブリックドメイン／CC0）,https://clevelandart.org/art/2011.9,,642x900
03-museum-art/cma_grotesque-masks-mask-9-book-i_b81316e1.webp,クリーブランド美術館,"Grotesque Masks: Mask 9, Book I","Aloisio Giovannoli (Italian, 1550–1618)",c. 1610,CC0（クリーブランド美術館 オープンアクセス）,不要（パブリックドメイン／CC0）,https://clevelandart.org/art/2011.8,,641x900
03-museum-art/cma_hamlet-hamlet-rushes-to-follow-the-g_ccc657f5.webp,クリーブランド美術館,Hamlet: Hamlet Rushes to Follow the Ghost of His Father,"Eugène Delacroix (French, 1798–1863)",1835,CC0（クリーブランド美術館 オープンアクセス）,不要（パブリックドメイン／CC0）,https://clevelandart.org/art/1941.215.2,,716x893
03-museum-art/cma_hamlet-the-phantom-on-the-terrace_e31a2baf.webp,クリーブランド美術館,Hamlet:  The Phantom on the Terrace,"Eugène Delacroix (French, 1798–1863)",1843,CC0（クリーブランド美術館 オープンアクセス）,不要（パブリックドメイン／CC0）,https://clevelandart.org/art/1941.215.3,,690x893
03-museum-art/cma_knight-death-and-the-devil_b0ae8ce1.webp,クリーブランド美術館,"Knight, Death, and the Devil","Albrecht Dürer (German, 1471–1528)",1513,CC0（クリーブランド美術館 オープンアクセス）,不要（パブリックドメイン／CC0）,https://clevelandart.org/art/1965.231,,694x893
03-museum-art/cma_macbeth-consulting-the-witches_40179b81.webp,クリーブランド美術館,Macbeth Consulting the Witches,"Eugène Delacroix (French, 1798–1863)",1825,CC0（クリーブランド美術館 オープンアクセス）,不要（パブリックドメイン／CC0）,https://clevelandart.org/art/1962.109,,657x893
03-museum-art/cma_miniature-from-a-manuscript-of-the-a_fe3ffbb7.webp,クリーブランド美術館,Miniature from a Manuscript of the Apocalypse: The Woman upon the Scarlet Beast and The Fall of Babylon,,c. 1295,CC0（クリーブランド美術館 オープンアクセス）,不要（パブリックドメイン／CC0）,https://clevelandart.org/art/1983.73.1,,900x648
03-museum-art/cma_neptune-calming-the-tempest-that-aeo_4d4dd1b1.webp,クリーブランド美術館,Neptune Calming the Tempest That Aeolus Raised Against Aeneas's Fleet,"Marcantonio Raimondi (Italian, 1470/82–1527/34); Raphael (Italian, 1483–1520)",c. 1515–16,CC0（クリーブランド美術館 オープンアクセス）,不要（パブリックドメイン／CC0）,https://clevelandart.org/art/1930.580,,607x893
03-museum-art/cma_nine-dragon-pool_14b495b3.webp,クリーブランド美術館,Nine Dragon Pool,"Mei Qing (Chinese, 1623–1697)",1690s,CC0（クリーブランド美術館 オープンアクセス）,不要（パブリックドメイン／CC0）,https://clevelandart.org/art/1979.50,,431x893
03-museum-art/cma_no-6-fountain-with-two-tritons-blowi_ca40aa72.webp,クリーブランド美術館,No. 6: Fountain with Two Tritons Blowing Conch Shells,"Gabriel Huquier (French, 1695–1772); François Boucher (French, 1703–1770); Gabriel Huquier (French, 1695–1772)",c. 1736,CC0（クリーブランド美術館 オープンアクセス）,不要（パブリックドメイン／CC0）,https://clevelandart.org/art/1952.518,,580x900
03-museum-art/cma_pumpkins-used-as-dwellings-to-be-sec_1345451e.webp,クリーブランド美術館,Pumpkins Used as Dwellings to Be Secure against Wild Beasts,"Filippo Morghen (Italian, 1730–after 1807); Jean-Pierre-Louis-Laurent Hoüel (French, 1735–1813)",about 1769,CC0（クリーブランド美術館 オープンアクセス）,不要（パブリックドメイン／CC0）,https://clevelandart.org/art/2023.19.8,,900x673
03-museum-art/cma_sailing-vessels-two-galleys-sailing-_24a9e4c4.webp,クリーブランド美術館,Sailing Vessels: Two Galleys Sailing Behind an Armed Three-Master with Phaeton and Jupiter in the Sky,"Pieter Bruegel (Netherlandish, c. 1525/30–1569)",1561–65,CC0（クリーブランド美術館 オープンアクセス）,不要（パブリックドメイン／CC0）,https://clevelandart.org/art/1980.106,,1126x893
03-museum-art/cma_saint-george-slaying-the-dragon_31a36bfc.webp,クリーブランド美術館,Saint George Slaying the Dragon,"Lucas Cranach (German, 1472–1553)",c. 1510–1515,CC0（クリーブランド美術館 オープンアクセス）,不要（パブリックドメイン／CC0）,https://clevelandart.org/art/1999.47,,704x900
03-museum-art/cma_satan-starts-from-the-touch-of-ithur_a658440b.webp,クリーブランド美術館,Satan Starts from the Touch of Ithuriel's Spear,"Henry Fuseli (Swiss, 1741–1825)",1776,CC0（クリーブランド美術館 オープンアクセス）,不要（パブリックドメイン／CC0）,https://clevelandart.org/art/1954.365,,1182x893
03-museum-art/cma_satyr-and-flying-cupid_0213709d.webp,クリーブランド美術館,Satyr and Flying Cupid,"Ker Xavier Roussel (French, 1867–1944)",1900,CC0（クリーブランド美術館 オープンアクセス）,不要（パブリックドメイン／CC0）,https://clevelandart.org/art/1956.281,,1175x893
03-museum-art/cma_scenes-of-witchcraft-day_cc1ffc99.webp,クリーブランド美術館,Scenes of Witchcraft: Day,"Salvator Rosa (Italian, 1615–1673)",c. 1645–49,CC0（クリーブランド美術館 オープンアクセス）,不要（パブリックドメイン／CC0）,https://clevelandart.org/art/1977.37.2,,900x895
03-museum-art/cma_scenes-of-witchcraft-evening_3d65faf6.webp,クリーブランド美術館,Scenes of Witchcraft: Evening,"Salvator Rosa (Italian, 1615–1673)",c. 1645–49,CC0（クリーブランド美術館 オープンアクセス）,不要（パブリックドメイン／CC0）,https://clevelandart.org/art/1977.37.3,,900x896
03-museum-art/cma_scenes-of-witchcraft-morning_a3dc1ffe.webp,クリーブランド美術館,Scenes of Witchcraft: Morning,"Salvator Rosa (Italian, 1615–1673)",c. 1645–49,CC0（クリーブランド美術館 オープンアクセス）,不要（パブリックドメイン／CC0）,https://clevelandart.org/art/1977.37.1,,900x889
03-museum-art/cma_scenes-of-witchcraft-night_0822ba3d.webp,クリーブランド美術館,Scenes of Witchcraft: Night,"Salvator Rosa (Italian, 1615–1673)",c. 1645–49,CC0（クリーブランド美術館 オープンアクセス）,不要（パブリックドメイン／CC0）,https://clevelandart.org/art/1977.37.4,,900x897
03-museum-art/cma_scenes-of-witchcraft_e49d7b5c.webp,クリーブランド美術館,Scenes of Witchcraft,"Salvator Rosa (Italian, 1615–1673)",c. 1645–49,CC0（クリーブランド美術館 オープンアクセス）,不要（パブリックドメイン／CC0）,https://clevelandart.org/art/1977.37,,900x893
03-museum-art/cma_st-george-and-the-dragon-1_1b72a890.webp,クリーブランド美術館,St. George and the Dragon (1),"Claude-Ferdinand Gaillard (French, 1834–1887); Raphael (Italian, 1483–1520)",1885,CC0（クリーブランド美術館 オープンアクセス）,不要（パブリックドメイン／CC0）,https://clevelandart.org/art/1997.230,,660x900
03-museum-art/cma_st-george-and-the-dragon-2_65b29302.webp,クリーブランド美術館,St. George and the Dragon (2),"Claude-Ferdinand Gaillard (French, 1834–1887); Raphael (Italian, 1483–1520)",1885,CC0（クリーブランド美術館 オープンアクセス）,不要（パブリックドメイン／CC0）,https://clevelandart.org/art/1997.231,,672x900
03-museum-art/cma_st-george-and-the-dragon-3_d01b834d.webp,クリーブランド美術館,St. George and the Dragon (3),"Claude-Ferdinand Gaillard (French, 1834–1887); Raphael (Italian, 1483–1520)",1885,CC0（クリーブランド美術館 オープンアクセス）,不要（パブリックドメイン／CC0）,https://clevelandart.org/art/1997.232,,626x900
03-museum-art/cma_st-george-and-the-dragon-4_44820485.webp,クリーブランド美術館,St. George and the Dragon (4),"Claude-Ferdinand Gaillard (French, 1834–1887); Raphael (Italian, 1483–1520)",1885,CC0（クリーブランド美術館 オープンアクセス）,不要（パブリックドメイン／CC0）,https://clevelandart.org/art/1997.233,,659x900
03-museum-art/cma_study-for-the-sleeping-beauty-the-ag_7b7afe5f.webp,クリーブランド美術館,Study for The Sleeping Beauty: The Aged King Pleads with the Good Fairy,"Léon Bakst (Russian, 1866–1924)",1915,CC0（クリーブランド美術館 オープンアクセス）,不要（パブリックドメイン／CC0）,https://clevelandart.org/art/1979.92,,452x893
03-museum-art/cma_the-abduction-on-a-unicorn_45cae5f3.webp,クリーブランド美術館,The Abduction on a Unicorn,"Albrecht Dürer (German, 1471–1528)",1516,CC0（クリーブランド美術館 オープンアクセス）,不要（パブリックドメイン／CC0）,https://clevelandart.org/art/1963.469,,624x893
03-museum-art/cma_the-angel-with-the-sudarium_c700a30d.webp,クリーブランド美術館,The Angel with the Sudarium,"Albrecht Dürer (German, 1471–1528)",1516,CC0（クリーブランド美術館 オープンアクセス）,不要（パブリックドメイン／CC0）,https://clevelandart.org/art/1963.230,,663x893
03-museum-art/cma_the-apocalypse-a-star-falls-and-make_2c5df124.webp,クリーブランド美術館,The Apocalypse:  A Star Falls and Makes Hell to Open,"Jean Duvet (French, 1485–1561)",1546–56,CC0（クリーブランド美術館 オープンアクセス）,不要（パブリックドメイン／CC0）,https://clevelandart.org/art/1953.213.11,,618x893
03-museum-art/cma_the-apocalypse-an-innumerable-multit_07791872.webp,クリーブランド美術館,The Apocalypse: An Innumerable Multitude which stand before the Throne,"Jean Duvet (French, 1485–1561)",1555,CC0（クリーブランド美術館 オープンアクセス）,不要（パブリックドメイン／CC0）,https://clevelandart.org/art/1939.672,,634x893
03-museum-art/cma_the-apocalypse-an-innumerable-multit_819b32ca.webp,クリーブランド美術館,The Apocalypse:  An Innumerable Multitude Which Stand before the Throne,"Jean Duvet (French, 1485–1561)",1546–56,CC0（クリーブランド美術館 オープンアクセス）,不要（パブリックドメイン／CC0）,https://clevelandart.org/art/1953.213.13,,617x893
03-museum-art/cma_the-apocalypse-babylon-the-harlot-se_17b82b83.webp,クリーブランド美術館,"The Apocalypse:  Babylon the Harlot, Seated on the Seven-headed Beast","Jean Duvet (French, 1485–1561)",1546–56,CC0（クリーブランド美術館 オープンアクセス）,不要（パブリックドメイン／CC0）,https://clevelandart.org/art/1953.213.23,,627x893
03-museum-art/cma_the-apocalypse-duvet-studying-the-ap_b90522a1.webp,クリーブランド美術館,The Apocalypse:  Duvet Studying the Apocalypse,"Jean Duvet (French, 1485–1561)",1555,CC0（クリーブランド美術館 オープンアクセス）,不要（パブリックドメイン／CC0）,https://clevelandart.org/art/1953.213.1,,615x893
03-museum-art/cma_the-apocalypse-four-angels-holding-b_c144533c.webp,クリーブランド美術館,The Apocalypse:  Four Angels Holding Back the Winds,"Jean Duvet (French, 1485–1561)",1546–56,CC0（クリーブランド美術館 オープンアクセス）,不要（パブリックドメイン／CC0）,https://clevelandart.org/art/1953.213.12,,619x893
03-museum-art/cma_the-apocalypse-saint-michael-and-the_872fa573.webp,クリーブランド美術館,The Apocalypse: Saint Michael and the Dragon,"Jean Duvet (French, 1485–1561)",1546–56,CC0（クリーブランド美術館 オープンアクセス）,不要（パブリックドメイン／CC0）,https://clevelandart.org/art/1953.213.18,,621x893
03-museum-art/cma_the-apocalypse-satan-bound-for-a-tho_b38e1f0e.webp,クリーブランド美術館,The Apocalypse:  Satan Bound for a Thousand Years,"Jean Duvet (French, 1485–1561)",1546–55,CC0（クリーブランド美術館 オープンアクセス）,不要（パブリックドメイン／CC0）,https://clevelandart.org/art/1953.213.27,,646x893
03-museum-art/cma_the-apocalypse-the-angel-sounding-th_0c7ecf70.webp,クリーブランド美術館,The Apocalypse:  The Angel Sounding the Sixth Trumpet,"Jean Duvet (French, 1485–1561)",1546–56,CC0（クリーブランド美術館 オープンアクセス）,不要（パブリックドメイン／CC0）,https://clevelandart.org/art/1953.213.15,,634x893
03-museum-art/cma_the-apocalypse-the-beast-with-seven-_79c8766e.webp,クリーブランド美術館,The Apocalypse:  The Beast with Seven Heads and Ten Horns,"Jean Duvet (French, 1485–1561)",1546–56,CC0（クリーブランド美術館 オープンアクセス）,不要（パブリックドメイン／CC0）,https://clevelandart.org/art/1953.213.22,,634x893
03-museum-art/cma_the-apocalypse-the-measurement-of-th_e6bcc326.webp,クリーブランド美術館,The Apocalypse:  The Measurement of the Temple,"Jean Duvet (French, 1485–1561)",1546–56,CC0（クリーブランド美術館 オープンアクセス）,不要（パブリックドメイン／CC0）,https://clevelandart.org/art/1953.213.17,,632x893
03-museum-art/cma_the-apocalypse-the-opening-of-the-se_89c482d5.webp,クリーブランド美術館,The Apocalypse:  The Opening of the Seventh Seal,"Jean Duvet (French, 1485–1561)",1546–56,CC0（クリーブランド美術館 オープンアクセス）,不要（パブリックドメイン／CC0）,https://clevelandart.org/art/1953.213.14,,621x893
03-museum-art/cma_the-apocalypse-the-winepress-of-the-_147f82f1.webp,クリーブランド美術館,The Apocalypse:  The Winepress of the Wrath of God,"Jean Duvet (French, 1485–1561)",1546–56,CC0（クリーブランド美術館 オープンアクセス）,不要（パブリックドメイン／CC0）,https://clevelandart.org/art/1953.213.21,,613x893
03-museum-art/cma_the-apocalypse-the-woman-clothed-wit_e2bcaa8a.webp,クリーブランド美術館,The Apocalypse:  The Woman Clothed with the Sun,"Jean Duvet (French, 1485–1561)",1546–56,CC0（クリーブランド美術館 オープンアクセス）,不要（パブリックドメイン／CC0）,https://clevelandart.org/art/1953.213.19,,648x893
03-museum-art/cma_the-bewitched-groom_c9dbd36d.webp,クリーブランド美術館,The Bewitched Groom,"Hans Baldung (German, 1484/85–1545)",1544–45,CC0（クリーブランド美術館 オープンアクセス）,不要（パブリックドメイン／CC0）,https://clevelandart.org/art/1966.172,,554x893
03-museum-art/cma_the-chimera-gazed-at-all-things-with_9584cac2.webp,クリーブランド美術館,The Chimera Gazed at All Things with Fear,"Odilon Redon (French, 1840–1916); Lemercier & Cie.",1886,CC0（クリーブランド美術館 オープンアクセス）,不要（パブリックドメイン／CC0）,https://clevelandart.org/art/1926.277,,643x900
03-museum-art/cma_the-deities-demogorgon-in-the-cave-o_c3fc3322.webp,クリーブランド美術館,The Deities: Demogorgon in the Cave of Eternity,"Hendrick Goltzius (Dutch, 1558–1617)",1588–90,CC0（クリーブランド美術館 オープンアクセス）,不要（パブリックドメイン／CC0）,https://clevelandart.org/art/1952.204,,679x893
03-museum-art/cma_the-fall-and-redemption-of-man-desce_27a0012b.webp,クリーブランド美術館,The Fall and Redemption of Man: Descent into Hell,"Albrecht Altdorfer (German, c. 1480–1538)",c. 1515,CC0（クリーブランド美術館 オープンアクセス）,不要（パブリックドメイン／CC0）,https://clevelandart.org/art/1932.330.34,,609x893
03-museum-art/cma_the-fall-and-redemption-of-man-the-m_00f0379c.webp,クリーブランド美術館,The Fall and Redemption of Man:  The Message of the Angel to Joachim,"Albrecht Altdorfer (German, c. 1480–1538)",c. 1515,CC0（クリーブランド美術館 オープンアクセス）,不要（パブリックドメイン／CC0）,https://clevelandart.org/art/1932.330.4,,622x893
03-museum-art/cma_the-holy-family-with-two-musician-an_3f19aceb.webp,クリーブランド美術館,The Holy Family with Two Musician Angels,"Albrecht Dürer (German, 1471–1528)",1511,CC0（クリーブランド美術館 オープンアクセス）,不要（パブリックドメイン／CC0）,https://clevelandart.org/art/1965.538,,888x893
03-museum-art/cma_the-third-suitor-who-is-an-archer-sh_523c81fd.webp,クリーブランド美術館,"The third suitor, who is an archer, shoots the wicked fairy who has imprisoned Zuhra. He rides on a magic horse prepared by the second suitor and is led to the spot by the divining prowess of the first, from a Tuti-nama (Tales of a Parrot): Thirty-fourth Night",,c. 1560,CC0（クリーブランド美術館 オープンアクセス）,不要（パブリックドメイン／CC0）,https://clevelandart.org/art/1962.279.226.a,,584x900
03-museum-art/cma_the-transformations-of-god-the-divin_368c3a34.webp,クリーブランド美術館,The Transformations of God:  The Divine Beggar,"Ernst Barlach (German, 1870–1938)",1921,CC0（クリーブランド美術館 オープンアクセス）,不要（パブリックドメイン／CC0）,https://clevelandart.org/art/1956.292,,1199x893
03-museum-art/cma_the-witch-night-piece_0fc17148.webp,クリーブランド美術館,The Witch (Night Piece),"Jan van de Velde II (Dutch, c. 1593–1641)",1626,CC0（クリーブランド美術館 オープンアクセス）,不要（パブリックドメイン／CC0）,https://clevelandart.org/art/1943.635,,1153x893
03-museum-art/cma_winners-and-losers-all-are-food-for-_2e9a2ed0.webp,クリーブランド美術館,"Winners and Losers, All Are Food for the Devil","Nicolas Toussaint Charlet (French, 1792–1845); Gihaut",1822,CC0（クリーブランド美術館 オープンアクセス）,不要（パブリックドメイン／CC0）,https://clevelandart.org/art/1997.229,,707x900
03-museum-art/met_a-flock-of-winged-cherubs-in-the-sky_32177583.webp,メトロポリタン美術館,"A Flock of Winged Cherubs in the Sky, One Holding a Martyr's Palm",Giovanni Domenico Tiepolo,ca. 1770–90,CC0（メトロポリタン美術館 オープンアクセス）,不要（パブリックドメイン／CC0）,https://www.metmuseum.org/art/collection/search/459717,,600x424
03-museum-art/met_a-giant-supporting-a-rock_ee139361.webp,メトロポリタン美術館,A giant supporting a rock,Bartolomeo Coriolano,1638,CC0（メトロポリタン美術館 オープンアクセス）,不要（パブリックドメイン／CC0）,https://www.metmuseum.org/art/collection/search/631984,,481x624
03-museum-art/met_a-group-of-angels-embracing-in-fligh_c5f0427a.webp,メトロポリタン美術館,"A group of angels embracing in flight, framed by clouds",Guido Reni,ca. 1607,CC0（メトロポリタン美術館 オープンアクセス）,不要（パブリックドメイン／CC0）,https://www.metmuseum.org/art/collection/search/397049,,424x624
03-museum-art/met_a-king-with-his-horse-alarmed-by-gho_afec701f.webp,メトロポリタン美術館,"A king with his horse, alarmed by ghostly women",William Hamilton,1770–80,CC0（メトロポリタン美術館 オープンアクセス）,不要（パブリックドメイン／CC0）,https://www.metmuseum.org/art/collection/search/670266,,600x503
03-museum-art/met_a-lion-dragon-and-fox-fighting-each-_676d26af.webp,メトロポリタン美術館,"A lion, dragon and fox fighting each other, an inscribed banderole above, an oval composition",Marco Dente,ca. 1515–27,CC0（メトロポリタン美術館 オープンアクセス）,不要（パブリックドメイン／CC0）,https://www.metmuseum.org/art/collection/search/342509,,600x407
03-museum-art/met_a-lion-dragon-and-fox-fighting-each-_84d72d01.webp,メトロポリタン美術館,"A lion, dragon and fox fighting each other, boats on the sea in the background, an oval composition","Anonymous, Italian, 16th to early 17th century",ca. 1515–1600,CC0（メトロポリタン美術館 オープンアクセス）,不要（パブリックドメイン／CC0）,https://www.metmuseum.org/art/collection/search/342512,,600x411
03-museum-art/met_a-lion-dragon-and-fox-fighting-each-_869fea7f.webp,メトロポリタン美術館,"A lion, dragon and fox fighting each other, an inscribed banderole above, an oval composition",Marco Dente,ca. 1515–27,CC0（メトロポリタン美術館 オープンアクセス）,不要（パブリックドメイン／CC0）,https://www.metmuseum.org/art/collection/search/342510,,600x433
03-museum-art/met_a-lion-dragon-and-fox-fighting-each-_fb659bc6.webp,メトロポリタン美術館,"A lion, dragon and fox fighting each other, an inscribed banderole above, an oval composition",Marco Dente,ca. 1515–27,CC0（メトロポリタン美術館 オープンアクセス）,不要（パブリックドメイン／CC0）,https://www.metmuseum.org/art/collection/search/342511,,600x445
03-museum-art/met_a-male-and-female-skeleton-talking-v_6ac988a6.webp,メトロポリタン美術館,A male and female skeleton talking (vignette for the feast of the dead),José Guadalupe Posada,ca. 1890–1910,CC0（メトロポリタン美術館 オープンアクセス）,不要（パブリックドメイン／CC0）,https://www.metmuseum.org/art/collection/search/717596,,509x625
03-museum-art/met_a-male-skeleton-leading-a-female-ske_c70d5934.webp,メトロポリタン美術館,"A male skeleton leading a female skeleton to the left, from a broaside entitled 'La Calavera de Cupido', published by Antonio Vanegas Arroyo.",José Guadalupe Posada,ca. 1892,CC0（メトロポリタン美術館 オープンアクセス）,不要（パブリックドメイン／CC0）,https://www.metmuseum.org/art/collection/search/735208,,510x624
03-museum-art/met_a-male-skeleton-on-his-knees-before-_38bf4db2.webp,メトロポリタン美術館,A male skeleton on his knees before a female skeleton (vignette for the feast of the dead),José Guadalupe Posada,ca. 1892,CC0（メトロポリタン美術館 オープンアクセス）,不要（パブリックドメイン／CC0）,https://www.metmuseum.org/art/collection/search/717594,,519x625
03-museum-art/met_a-male-skeleton-walking-behind-a-fem_945c315d.webp,メトロポリタン美術館,A male skeleton walking behind a female skeleton (vignette for the feast of the dead),José Guadalupe Posada,ca. 1894,CC0（メトロポリタン美術館 オープンアクセス）,不要（パブリックドメイン／CC0）,https://www.metmuseum.org/art/collection/search/717595,,545x625
03-museum-art/met_a-man-on-horseback-stabbing-a-monste_1fcf6a19.webp,メトロポリタン美術館,"A man on horseback stabbing a monster with a lance, illustration from 'The King and His Three Sons'",José Guadalupe Posada,ca. 1880–1910 (a later impression),CC0（メトロポリタン美術館 オープンアクセス）,不要（パブリックドメイン／CC0）,https://www.metmuseum.org/art/collection/search/735935,,600x583
03-museum-art/met_a-profile-of-a-skeleton-with-a-topha_7a04a754.webp,メトロポリタン美術館,"A profile of a skeleton with a tophat, a coat, and glasses, from a broaside entitled 'La Calavera de Cupido', published by Antonio Vanegas Arroyo.",José Guadalupe Posada,ca. 1892,CC0（メトロポリタン美術館 オープンアクセス）,不要（パブリックドメイン／CC0）,https://www.metmuseum.org/art/collection/search/735219,,513x624
03-museum-art/met_a-silver-statuette-of-an-angel-playi_2db102b9.webp,メトロポリタン美術館,"A Silver Statuette of an Angel Playing the Harp, from the ""Wittenberg Reliquaries""",Lucas Cranach the Elder,1509,CC0（メトロポリタン美術館 オープンアクセス）,不要（パブリックドメイン／CC0）,https://www.metmuseum.org/art/collection/search/432301,,439x624
03-museum-art/met_a-skeleton-dressed-as-a-military-fig_fd9a6d75.webp,メトロポリタン美術館,A skeleton dressed as a military figure (vignette for the feast of the dead),José Guadalupe Posada,ca. 1890–1910,CC0（メトロポリタン美術館 オープンアクセス）,不要（パブリックドメイン／CC0）,https://www.metmuseum.org/art/collection/search/717601,,515x624
03-museum-art/met_a-skeleton-holding-a-bone-and-leapin_3bcaa3d9.webp,メトロポリタン美術館,"A skeleton holding a bone and leaping over a pile of skulls while people flee, from a broadside entitled 'Las bravisimas calaveras Guatemaltecas'",José Guadalupe Posada,ca. 1907 (a later impression),CC0（メトロポリタン美術館 オープンアクセス）,不要（パブリックドメイン／CC0）,https://www.metmuseum.org/art/collection/search/735936,,547x625
03-museum-art/met_a-skeleton-holding-a-knife-leaping-o_e9ddad8f.webp,メトロポリタン美術館,"A skeleton holding a knife leaping over a pile of skulls, people flee in the background, from a broadside entitled 'Las bravisimas calaveras Guatemaltecas'",José Guadalupe Posada,ca. 1907 (a later impression),CC0（メトロポリタン美術館 オープンアクセス）,不要（パブリックドメイン／CC0）,https://www.metmuseum.org/art/collection/search/735938,,525x624
03-museum-art/met_a-skeleton-in-a-torero-costume-turni_43b1c8ac.webp,メトロポリタン美術館,"A skeleton in a torero costume turning away from a kneeling skeleton in a shawl and dress, from the broadside ""El gran panteón amoroso""",José Guadalupe Posada,ca. 1894,CC0（メトロポリタン美術館 オープンアクセス）,不要（パブリックドメイン／CC0）,https://www.metmuseum.org/art/collection/search/735213,,496x625
03-museum-art/met_a-skeleton-in-farming-clothes-speaki_44f520b8.webp,メトロポリタン美術館,"A skeleton in farming clothes speaking to a skeleton in a dress, from a broaside entitled 'La Calavera de Cupido', published by Antonio Vanegas Arroyo.",José Guadalupe Posada,ca. 1892,CC0（メトロポリタン美術館 オープンアクセス）,不要（パブリックドメイン／CC0）,https://www.metmuseum.org/art/collection/search/735226,,504x625
03-museum-art/met_a-skeleton-picking-crops-in-a-field-_4b9768aa.webp,メトロポリタン美術館,A skeleton picking crops in a field while carrying a baby skeleton on its back,José Guadalupe Posada,ca. 1880–1910 (a later impression),CC0（メトロポリタン美術館 オープンアクセス）,不要（パブリックドメイン／CC0）,https://www.metmuseum.org/art/collection/search/735941,,530x624
03-museum-art/met_a-skeleton-selling-cheese-from-a-bro_334daa47.webp,メトロポリタン美術館,A skeleton selling cheese from a broadside entitled 'Una Calavera Chusca',José Guadalupe Posada,ca. 1880–1910 (a later impression),CC0（メトロポリタン美術館 オープンアクセス）,不要（パブリックドメイン／CC0）,https://www.metmuseum.org/art/collection/search/735944,,546x625
03-museum-art/met_a-skeleton-selling-fish-from-a-broad_eadbaa82.webp,メトロポリタン美術館,A skeleton selling fish from a broadside entitled 'Una Calavera Chusca',José Guadalupe Posada,ca. 1880–1910 (a later impression),CC0（メトロポリタン美術館 オープンアクセス）,不要（パブリックドメイン／CC0）,https://www.metmuseum.org/art/collection/search/736220,,539x624
03-museum-art/met_a-skeleton-selling-hot-liquid-in-bas_41f6e6ff.webp,メトロポリタン美術館,"A skeleton selling hot liquid in basins, from a broadside entitled 'Una Calavera Chusca'",José Guadalupe Posada,ca. 1880–1910 (a later impression),CC0（メトロポリタン美術館 オープンアクセス）,不要（パブリックドメイン／CC0）,https://www.metmuseum.org/art/collection/search/735947,,540x625
03-museum-art/met_a-skeleton-selling-plucked-chickens-_2926ab00.webp,メトロポリタン美術館,A skeleton selling plucked chickens from a broadside entitled 'Una Calavera Chusca',José Guadalupe Posada,ca. 1880–1910 (a later impression),CC0（メトロポリタン美術館 オープンアクセス）,不要（パブリックドメイン／CC0）,https://www.metmuseum.org/art/collection/search/735942,,541x625
03-museum-art/met_a-skeleton-selling-tortillas-from-a-_9b3bcbc5.webp,メトロポリタン美術館,A skeleton selling tortillas from a broadside entitled 'Una Calavera Chusca',José Guadalupe Posada,ca. 1880–1910 (a later impression),CC0（メトロポリタン美術館 オープンアクセス）,不要（パブリックドメイン／CC0）,https://www.metmuseum.org/art/collection/search/735945,,539x624
03-museum-art/met_a-skeleton-serving-alcohol-from-a-br_20ed0c01.webp,メトロポリタン美術館,"A skeleton serving alcohol, from a broadside enitled 'Medicinas de Patente de mas Fama'",José Guadalupe Posada,ca. 1880–1910,CC0（メトロポリタン美術館 オープンアクセス）,不要（パブリックドメイン／CC0）,https://www.metmuseum.org/art/collection/search/735443,,599x581
03-museum-art/met_a-skeleton-wearing-a-bishop-s-mitre-_6a9685cf.webp,メトロポリタン美術館,A skeleton wearing a bishop's mitre reading a book (vignette for the feast of the dead),José Guadalupe Posada,ca. 1892,CC0（メトロポリタン美術館 オープンアクセス）,不要（パブリックドメイン／CC0）,https://www.metmuseum.org/art/collection/search/717600,,565x624
03-museum-art/met_a-skeleton-wearing-a-hat-having-a-dr_f9f6db7e.webp,メトロポリタン美術館,A skeleton wearing a hat having a drink (vignette for the feast of the dead),José Guadalupe Posada,ca. 1892,CC0（メトロポリタン美術館 オープンアクセス）,不要（パブリックドメイン／CC0）,https://www.metmuseum.org/art/collection/search/717602,,496x625
03-museum-art/met_a-skeleton-wearing-a-hat-holding-new_6dac71af.webp,メトロポリタン美術館,"A skeleton wearing a hat, holding newspapers and running",José Guadalupe Posada,ca. 1880–1910,CC0（メトロポリタン美術館 オープンアクセス）,不要（パブリックドメイン／CC0）,https://www.metmuseum.org/art/collection/search/735215,,591x625
03-museum-art/met_a-skeleton-with-her-back-turned-wear_b2007049.webp,メトロポリタン美術館,"A skeleton with her back turned wearing a coat and hat, from a broaside entitled 'La Calavera de Cupido', published by Antonio Vanegas Arroyo.",José Guadalupe Posada,ca. 1892,CC0（メトロポリタン美術館 オープンアクセス）,不要（パブリックドメイン／CC0）,https://www.metmuseum.org/art/collection/search/735222,,523x624
03-museum-art/met_a-winged-putto-flogging-a-satyr-tied_d0801504.webp,メトロポリタン美術館,A winged putto flogging a satyr tied to a tree,Jusepe de Ribera (called Lo Spagnoletto),ca. 1625–50,CC0（メトロポリタン美術館 オープンアクセス）,不要（パブリックドメイン／CC0）,https://www.metmuseum.org/art/collection/search/650833,,599x485
03-museum-art/met_a-witch-carrying-a-child-on-her-broo_a1106d23.webp,メトロポリタン美術館,A witch carrying a child on her broom,José Guadalupe Posada,ca. 1880–1910 (a later impression),CC0（メトロポリタン美術館 オープンアクセス）,不要（パブリックドメイン／CC0）,https://www.metmuseum.org/art/collection/search/736031,,600x560
03-museum-art/met_a-witch-sailing-to-aleppo-in-a-sieve_746be8df.webp,メトロポリタン美術館,A Witch Sailing to Aleppo in a Sieve,Charles Turner,"December 1, 1807",CC0（メトロポリタン美術館 オープンアクセス）,不要（パブリックドメイン／CC0）,https://www.metmuseum.org/art/collection/search/654259,,534x624
03-museum-art/met_a-woman-surrounded-by-demons-stabbin_395237ad.webp,メトロポリタン美術館,A woman surrounded by demons stabbing a man to death from a broadside entitled 'Horroroso Asesinato',José Guadalupe Posada,ca. 1902 (a later impression),CC0（メトロポリタン美術館 オープンアクセス）,不要（パブリックドメイン／CC0）,https://www.metmuseum.org/art/collection/search/735933,,600x435
03-museum-art/met_a-young-boy-cowering-from-a-demon-il_812fabb1.webp,メトロポリタン美術館,"A young boy cowering from a demon, illustration from 'El cuento Nniño de los dulces'",José Guadalupe Posada,ca. 1880–1910 (a later impression),CC0（メトロポリタン美術館 オープンアクセス）,不要（パブリックドメイン／CC0）,https://www.metmuseum.org/art/collection/search/735920,,600x342
03-museum-art/met_abraham-entertaining-the-three-angel_09268c7e.webp,メトロポリタン美術館,Abraham Entertaining the Three Angels,Leonaert Bramer,1620–28,CC0（メトロポリタン美術館 オープンアクセス）,不要（パブリックドメイン／CC0）,https://www.metmuseum.org/art/collection/search/820744,,600x420
03-museum-art/met_allegorical-composition-with-six-oly_42854e3e.webp,メトロポリタン美術館,Allegorical composition with six Olympian gods gathered around a figure in armor,Oliviero Gatti,1615–35,CC0（メトロポリタン美術館 オープンアクセス）,不要（パブリックドメイン／CC0）,https://www.metmuseum.org/art/collection/search/816040,,600x552
03-museum-art/met_an-angel-holding-a-carafe-on-a-plate_5e1476be.webp,メトロポリタン美術館,An Angel Holding a Carafe on a Plate,David-Pierre Giottino Humbert de Superville,n.d.,CC0（メトロポリタン美術館 オープンアクセス）,不要（パブリックドメイン／CC0）,https://www.metmuseum.org/art/collection/search/365800,,522x625
03-museum-art/met_angel-seated-on-clouds_f6d9eb15.webp,メトロポリタン美術館,Angel Seated on Clouds,Pedro  Duque Cornejo,ca. 1700–50,CC0（メトロポリタン美術館 オープンアクセス）,不要（パブリックドメイン／CC0）,https://www.metmuseum.org/art/collection/search/336640,,600x593
03-museum-art/met_angel-with-a-banderole_65a03c41.webp,メトロポリタン美術館,Angel with a Banderole,Claude Mellan,,CC0（メトロポリタン美術館 オープンアクセス）,不要（パブリックドメイン／CC0）,https://www.metmuseum.org/art/collection/search/393334,,377x625
03-museum-art/met_angels-giving-dates-to-child-from-ep_fe884280.webp,メトロポリタン美術館,"Angels Giving Dates to Child, from ""Episodes from the New Testament""",Pierre Brebiette,1610–42,CC0（メトロポリタン美術館 オープンアクセス）,不要（パブリックドメイン／CC0）,https://www.metmuseum.org/art/collection/search/334208,,600x429
03-museum-art/met_angels-giving-fruit-to-the-sleeping-_144c9682.webp,メトロポリタン美術館,"Angels Giving Fruit to the Sleeping Holy Family, from ""Episodes from the New Testament""",Pierre Brebiette,1610–42,CC0（メトロポリタン美術館 オープンアクセス）,不要（パブリックドメイン／CC0）,https://www.metmuseum.org/art/collection/search/334206,,600x425
03-museum-art/met_angels-in-the-sky_626553f9.webp,メトロポリタン美術館,Angels in the Sky,Giovanni Domenico Tiepolo,before 1762,CC0（メトロポリタン美術館 オープンアクセス）,不要（パブリックドメイン／CC0）,https://www.metmuseum.org/art/collection/search/459716,,600x451
03-museum-art/met_apollo-and-aurora_de8cd40c.webp,メトロポリタン美術館,Apollo and Aurora,Gerard de Lairesse,1671,CC0（メトロポリタン美術館 オープンアクセス）,不要（パブリックドメイン／CC0）,https://www.metmuseum.org/art/collection/search/436843,,594x625
03-museum-art/met_apollo-mercury-and-the-shepherdesses_9e196be3.webp,メトロポリタン美術館,"Apollo, Mercury, and the Shepherdesses, Fable X in ""Fables Nouvelles""",Charles Nicolas Cochin I,1719,CC0（メトロポリタン美術館 オープンアクセス）,不要（パブリックドメイン／CC0）,https://www.metmuseum.org/art/collection/search/819894,,600x490
03-museum-art/met_archimede-riant-des-efforts-impuissa_77d327fd.webp,メトロポリタン美術館,"Archimède riant des efforts impuissants que font les Anglais pour mettre à flot le Leviathan, from ""Actualités""",Honoré Daumier,"December 5, 1857",CC0（メトロポリタン美術館 オープンアクセス）,不要（パブリックドメイン／CC0）,https://www.metmuseum.org/art/collection/search/678724,,600x413
03-museum-art/met_artisan-skeletons_7b6332e4.webp,メトロポリタン美術館,Artisan skeletons,José Guadalupe Posada,ca. 1892,CC0（メトロポリタン美術館 オープンアクセス）,不要（パブリックドメイン／CC0）,https://www.metmuseum.org/art/collection/search/717626,,600x389
03-museum-art/met_bacchic-scene-of-centaur-playing-hor_2ad75531.webp,メトロポリタン美術館,Bacchic Scene of Centaur Playing Horns and Satyr with Drum,"Anonymous, French, 18th century",18th century,CC0（メトロポリタン美術館 オープンアクセス）,不要（パブリックドメイン／CC0）,https://www.metmuseum.org/art/collection/search/357099,,600x596
03-museum-art/met_bahram-gur-slays-the-dragon-folio-fr_03cb6b97.webp,メトロポリタン美術館,"""Bahram Gur Slays the Dragon"", Folio from a Shahnama (Book of Kings)",Abu'l Qasim Firdausi,second half 17th century,CC0（メトロポリタン美術館 オープンアクセス）,不要（パブリックドメイン／CC0）,https://www.metmuseum.org/art/collection/search/452763,,379x625
03-museum-art/met_beauty-and-the-beast_098768ba.webp,メトロポリタン美術館,Beauty and the Beast,Thomas Rowlandson,18th–19th century,CC0（メトロポリタン美術館 オープンアクセス）,不要（パブリックドメイン／CC0）,https://www.metmuseum.org/art/collection/search/354226,,600x372
03-museum-art/met_benzaiten-goddess-of-music-and-good-_aa966053.webp,メトロポリタン美術館,Benzaiten (Goddess of Music and Good Fortune) Seated on a White Dragon,Aoigaoka Keisei,1832,CC0（メトロポリタン美術館 オープンアクセス）,不要（パブリックドメイン／CC0）,https://www.metmuseum.org/art/collection/search/54820,,544x625
03-museum-art/met_birth-of-the-satyrs_1a43da3f.webp,メトロポリタン美術館,Birth of the Satyrs,Pierre Brebiette,1610–42,CC0（メトロポリタン美術館 オープンアクセス）,不要（パブリックドメイン／CC0）,https://www.metmuseum.org/art/collection/search/333871,,600x504
03-museum-art/met_book-1-fable-13-the-lottery-of-jupit_72ddae51.webp,メトロポリタン美術館,"Book 1, Fable 13: the Lottery of Jupiter (La Lotterie de Jupiter), from ""Fables Nouvelles""",Nicolas Henry Tardieu,1719,CC0（メトロポリタン美術館 オープンアクセス）,不要（パブリックドメイン／CC0）,https://www.metmuseum.org/art/collection/search/820029,,599x494
03-museum-art/met_book-2-fable-17-the-man-and-the-sire_71f7d8c3.webp,メトロポリタン美術館,"Book 2, Fable 17: the Man and the Siren (L'Homme et la Sirene), from ""Fables Nouvelles""",Nicolas Henry Tardieu,1719,CC0（メトロポリタン美術館 オープンアクセス）,不要（パブリックドメイン／CC0）,https://www.metmuseum.org/art/collection/search/820033,,600x497
03-museum-art/met_book-3-fable-12-pluto-and-proserpina_482aa90b.webp,メトロポリタン美術館,"Book 3, Fable 12: Pluto and Proserpina, from ""Fables Nouvelles""",Nicolas Henry Tardieu,1719,CC0（メトロポリタン美術館 オープンアクセス）,不要（パブリックドメイン／CC0）,https://www.metmuseum.org/art/collection/search/820037,,600x499
03-museum-art/met_bust-of-jupiter_08024e51.webp,メトロポリタン美術館,Bust of Jupiter,Giulio Bonasone,ca. 1531–76,CC0（メトロポリタン美術館 オープンアクセス）,不要（パブリックドメイン／CC0）,https://www.metmuseum.org/art/collection/search/392798,,445x625
03-museum-art/met_buy-from-us-with-a-golden-curl-for-t_f218f053.webp,メトロポリタン美術館,"Buy from us with a golden curl, for ""The Goblin Market""",Dante Gabriel Rossetti,1861–62,CC0（メトロポリタン美術館 オープンアクセス）,不要（パブリックドメイン／CC0）,https://www.metmuseum.org/art/collection/search/753513,,549x624
03-museum-art/met_cadmus-killing-the-dragon_420a3c4f.webp,メトロポリタン美術館,Cadmus killing the Dragon,Léon Davent,ca. 1540–45,CC0（メトロポリタン美術館 オープンアクセス）,不要（パブリックドメイン／CC0）,https://www.metmuseum.org/art/collection/search/336570,,600x485
03-museum-art/met_caricature-showing-marie-antoinette-_ebbe2fb1.webp,メトロポリタン美術館,Caricature Showing Marie Antoinette as a Dragon,"Anonymous, French, 18th century",18th century,CC0（メトロポリタン美術館 オープンアクセス）,不要（パブリックドメイン／CC0）,https://www.metmuseum.org/art/collection/search/393247,,527x625
03-museum-art/met_centaur-carrying-a-vase-with-fire_70927042.webp,メトロポリタン美術館,Centaur Carrying a Vase with Fire,Albrecht Altdorfer,,CC0（メトロポリタン美術館 オープンアクセス）,不要（パブリックドメイン／CC0）,https://www.metmuseum.org/art/collection/search/430161,,520x625
03-museum-art/met_centaur-carrying-off-a-nymph_107fb05b.webp,メトロポリタン美術館,Centaur Carrying Off a Nymph,Giovanni Domenico Tiepolo,mid-18th–late 18th century,CC0（メトロポリタン美術館 オープンアクセス）,不要（パブリックドメイン／CC0）,https://www.metmuseum.org/art/collection/search/459749,,600x546
03-museum-art/met_centaur-with-club-and-maiden-on-bull_2a9429e8.webp,メトロポリタン美術館,Centaur with Club and Maiden on Bull,"Anonymous, French, 18th century",18th century,CC0（メトロポリタン美術館 オープンアクセス）,不要（パブリックドメイン／CC0）,https://www.metmuseum.org/art/collection/search/357105,,599x328
03-museum-art/met_chilins-chinese-chimerical-creatures_62f654c6.webp,メトロポリタン美術館,Chilins (Chinese Chimerical Creatures) Fighting with a Dragon,,16th century,CC0（メトロポリタン美術館 オープンアクセス）,不要（パブリックドメイン／CC0）,https://www.metmuseum.org/art/collection/search/451319,,599x405
03-museum-art/met_chinese-sage-evoking-a-dragon_605fcefb.webp,メトロポリタン美術館,Chinese Sage Evoking a Dragon,Yashima Gakutei,ca. 1825,CC0（メトロポリタン美術館 オープンアクセス）,不要（パブリックドメイン／CC0）,https://www.metmuseum.org/art/collection/search/54336,,556x625
03-museum-art/met_constantine-defeating-the-tyrant-max_1141ed54.webp,メトロポリタン美術館,"Constantine defeating the tyrant Maxentius, angels carrying swords fly above",Giulio Bonasone,1544,CC0（メトロポリタン美術館 オープンアクセス）,不要（パブリックドメイン／CC0）,https://www.metmuseum.org/art/collection/search/679286,,599x503
03-museum-art/met_copy-of-the-rich-man-transported-to-_bbe7ea71.webp,メトロポリタン美術館,"Copy of The Rich Man Transported to Hell, from ""The Parable of the Rich Man and Lazarus""",Heinrich Aldegrever,after 1554,CC0（メトロポリタン美術館 オープンアクセス）,不要（パブリックドメイン／CC0）,https://www.metmuseum.org/art/collection/search/427969,,600x437
03-museum-art/met_daoist-immortal-with-dragon_b033c47b.webp,メトロポリタン美術館,Daoist Immortal with Dragon,Unidentified artist,probably 19th century,CC0（メトロポリタン美術館 オープンアクセス）,不要（パブリックドメイン／CC0）,https://www.metmuseum.org/art/collection/search/55629,,387x624
03-museum-art/met_daphne-fleeing-from-apollo-with-cupi_08411194.webp,メトロポリタン美術館,"Daphne fleeing from Apollo, with Cupid overhead",Willem Panneels,1631,CC0（メトロポリタン美術館 オープンアクセス）,不要（パブリックドメイン／CC0）,https://www.metmuseum.org/art/collection/search/771386,,362x624
03-museum-art/met_death-and-the-devil-surprising-two-w_cfc6589a.webp,メトロポリタン美術館,Death and the Devil Surprising Two Women,Daniel Hopfer,ca. 1515,CC0（メトロポリタン美術館 オープンアクセス）,不要（パブリックドメイン／CC0）,https://www.metmuseum.org/art/collection/search/336272,,600x422
03-museum-art/met_decoration-of-an-arch-archangel-with_d6b44e89.webp,メトロポリタン美術館,Decoration of an Arch: Archangel with a Sword,Eduard Jakob von Steinle,1825–86,CC0（メトロポリタン美術館 オープンアクセス）,不要（パブリックドメイン／CC0）,https://www.metmuseum.org/art/collection/search/334975,,514x625
03-museum-art/met_dejanira-being-abducted-by-the-centa_075187db.webp,メトロポリタン美術館,"Dejanira being abducted by the centaur Nessos, a man with bow and arrow at right, after Reni",Charles Clément Bervic,1802,CC0（メトロポリタン美術館 オープンアクセス）,不要（パブリックドメイン／CC0）,https://www.metmuseum.org/art/collection/search/670185,,462x624
03-museum-art/met_dejanira-being-abducted-by-the-centa_b52ab976.webp,メトロポリタン美術館,"Dejanira being abducted by the centaur Nessos, a man with bow and arrow at right, after Reni",A. Lovison,1800–1840,CC0（メトロポリタン美術館 オープンアクセス）,不要（パブリックドメイン／CC0）,https://www.metmuseum.org/art/collection/search/670180,,474x625
03-museum-art/met_dejanira-being-abducted-by-the-centa_beda11b3.webp,メトロポリタン美術館,"Dejanira being abducted by the centaur Nessos, a man with bow and arrow at right, after Reni",Anonymous,ca. 1800–1850,CC0（メトロポリタン美術館 オープンアクセス）,不要（パブリックドメイン／CC0）,https://www.metmuseum.org/art/collection/search/669403,,430x624
03-museum-art/met_demons-engulfed-in-flames_5991280b.webp,メトロポリタン美術館,Demons engulfed in flames,Anonymous Mexican Artist,19th century,CC0（メトロポリタン美術館 オープンアクセス）,不要（パブリックドメイン／CC0）,https://www.metmuseum.org/art/collection/search/736592,,599x365
03-museum-art/met_design-for-a-fountain-with-neptune-i_78568ebb.webp,メトロポリタン美術館,Design for a Fountain with Neptune in his Chariot,Francesco Fontebasso,ca. 1740–60,CC0（メトロポリタン美術館 オープンアクセス）,不要（パブリックドメイン／CC0）,https://www.metmuseum.org/art/collection/search/428752,,599x603
03-museum-art/met_design-for-a-leonine-grotesque-head_24856586.webp,メトロポリタン美術館,Design for a Leonine Grotesque Head,"Anonymous, Italian, 16th to 17th century",16th–17th century,CC0（メトロポリタン美術館 オープンアクセス）,不要（パブリックドメイン／CC0）,https://www.metmuseum.org/art/collection/search/388707,,600x536
03-museum-art/met_design-with-an-eagle-fighting-with-a_1cdc31d9.webp,メトロポリタン美術館,Design with an Eagle Fighting with a Serpent and a Putto in the Sky Holding an Inscribed Banner,Pietro da Cortona (Pietro Berrettini),17th century,CC0（メトロポリタン美術館 オープンアクセス）,不要（パブリックドメイン／CC0）,https://www.metmuseum.org/art/collection/search/343630,,480x625
03-museum-art/met_designation-of-the-elect-plate-6-fro_143e7f32.webp,メトロポリタン美術館,"Designation of the Elect, plate 6 from ""The Apocalypse""",Hans Burgkmair,1523–24,CC0（メトロポリタン美術館 オープンアクセス）,不要（パブリックドメイン／CC0）,https://www.metmuseum.org/art/collection/search/430641,,501x625
03-museum-art/met_destruction-of-the-tower-of-babel-at_3cc86834.webp,メトロポリタン美術館,"Destruction of the Tower of Babel: at right men and women flee from the burning tower, at left men and women raise their hands toward two flying angels, from ""Liber Genesis""",Crispijn de Passe the Elder,1612,CC0（メトロポリタン美術館 オープンアクセス）,不要（パブリックドメイン／CC0）,https://www.metmuseum.org/art/collection/search/414782,,599x402
03-museum-art/met_dragon-in-a-landscape_1dfbb5ea.webp,メトロポリタン美術館,Dragon in a Landscape,,16th century,CC0（メトロポリタン美術館 オープンアクセス）,不要（パブリックドメイン／CC0）,https://www.metmuseum.org/art/collection/search/450590,,599x388
03-museum-art/met_dragon-in-rocky-landscapes_405f3bc7.webp,メトロポリタン美術館,Dragon in Rocky Landscapes,,17th–18th century,CC0（メトロポリタン美術館 オープンアクセス）,不要（パブリックドメイン／CC0）,https://www.metmuseum.org/art/collection/search/452747,,495x624
03-museum-art/met_dragon_7c181357.webp,メトロポリタン美術館,Dragon,,after 1200,CC0（メトロポリタン美術館 オープンアクセス）,不要（パブリックドメイン／CC0）,https://www.metmuseum.org/art/collection/search/471062,,599x615
03-museum-art/met_dragon_810f5707.webp,メトロポリタン美術館,Dragon,,16th–17th century,CC0（メトロポリタン美術館 オープンアクセス）,不要（パブリックドメイン／CC0）,https://www.metmuseum.org/art/collection/search/451896,,600x342
03-museum-art/met_ebisu-and-daikoku-two-of-the-seven-g_13d4bfde.webp,メトロポリタン美術館,Ebisu and Daikoku; Two of the Seven Gods of Good Fortune,Totoya Hokkei,19th century,CC0（メトロポリタン美術館 オープンアクセス）,不要（パブリックドメイン／CC0）,https://www.metmuseum.org/art/collection/search/54017,,575x625
03-museum-art/met_elegantly-dressed-male-and-female-sk_311b3be3.webp,メトロポリタン美術館,Elegantly dressed male and female skeletons arm in arm (vignette for the feast of the dead),José Guadalupe Posada,ca. 1894,CC0（メトロポリタン美術館 オープンアクセス）,不要（パブリックドメイン／CC0）,https://www.metmuseum.org/art/collection/search/717597,,509x624
03-museum-art/met_female-grotesque-and-harpy-recto-fan_2fee6433.webp,メトロポリタン美術館,Female grotesque and harpy (recto); fantastical creatures and masks (verso),Andrés de Melgar,ca. 1545–60,CC0（メトロポリタン美術館 オープンアクセス）,不要（パブリックドメイン／CC0）,https://www.metmuseum.org/art/collection/search/337502,,596x625
03-museum-art/met_female-skeleton-playing-the-guitar-v_92d7c418.webp,メトロポリタン美術館,Female skeleton playing the guitar (vignette for the feast of the dead),José Guadalupe Posada,ca. 1890–1910,CC0（メトロポリタン美術館 オープンアクセス）,不要（パブリックドメイン／CC0）,https://www.metmuseum.org/art/collection/search/717603,,563x624
03-museum-art/met_figure-pierced-by-an-arrow-holding-a_3f4e4b56.webp,メトロポリタン美術館,"Figure pierced by an arrow, holding a serpent and surrounded by flames",José Guadalupe Posada,ca 1890–1910,CC0（メトロポリタン美術館 オープンアクセス）,不要（パブリックドメイン／CC0）,https://www.metmuseum.org/art/collection/search/736574,,490x624
03-museum-art/met_five-men-fighting-beasts-at-lower-le_c0f24050.webp,メトロポリタン美術館,"Five men fighting beasts, at lower left is a fallen boar",Master of the Die,1532,CC0（メトロポリタン美術館 オープンアクセス）,不要（パブリックドメイン／CC0）,https://www.metmuseum.org/art/collection/search/682103,,599x405
03-museum-art/met_foliate-grotesque-head_70c8f9f5.webp,メトロポリタン美術館,Foliate Grotesque Head,"Anonymous, Italian, 16th to 17th century",16th–17th century,CC0（メトロポリタン美術館 オープンアクセス）,不要（パブリックドメイン／CC0）,https://www.metmuseum.org/art/collection/search/388704,,567x625
03-museum-art/met_four-captive-demons_1cc58dea.webp,メトロポリタン美術館,Four Captive Demons,,1470–1500,CC0（メトロポリタン美術館 オープンアクセス）,不要（パブリックドメイン／CC0）,https://www.metmuseum.org/art/collection/search/451991,,599x367
03-museum-art/met_galatea-standing-in-a-water-chariot-_8a023bd9.webp,メトロポリタン美術館,"Galatea standing in a water-chariot pulled by two dolphins, surrounded by tritons, nereids, and putti, three of which prepare to shoot arrows from above",Marcantonio Raimondi,1515–16,CC0（メトロポリタン美術館 オープンアクセス）,不要（パブリックドメイン／CC0）,https://www.metmuseum.org/art/collection/search/416042,,451x624
03-museum-art/met_god-carried-by-angels-appearing-to-n_23506e1f.webp,メトロポリタン美術館,"God carried by angels, appearing to Noah and his family, after the Flood",Marcantonio Raimondi,ca. 1513–15,CC0（メトロポリタン美術館 オープンアクセス）,不要（パブリックドメイン／CC0）,https://www.metmuseum.org/art/collection/search/342524,,510x624
03-museum-art/met_god-enters-into-a-covenant-with-noah_0938cffa.webp,メトロポリタン美術館,"God enters into a covenant with Noah: next to a smoking pyre Noah kneels in a gesture of prayer, surrounded by members of his family, a rainbow stretches over them, from ""Liber Genesis""",Crispijn de Passe the Elder,1612,CC0（メトロポリタン美術館 オープンアクセス）,不要（パブリックドメイン／CC0）,https://www.metmuseum.org/art/collection/search/414784,,599x389
03-museum-art/met_god-save-us-from-such-a-bitter-fate-_d0685f5a.webp,メトロポリタン美術館,"God save us from such a bitter fate; a bandit threatening a woman and a child with a knife, page 41 from the ""Black Border Album"" (E)",Goya (Francisco de Goya y Lucientes),ca. 1816–20,CC0（メトロポリタン美術館 オープンアクセス）,不要（パブリックドメイン／CC0）,https://www.metmuseum.org/art/collection/search/334050,,439x624
03-museum-art/met_grotesque-head-with-a-bulging-forehe_bf3a1fa4.webp,メトロポリタン美術館,Grotesque Head With a Bulging Forehead Looking to the Right Within a Circle,Gaetano Piccini,1727,CC0（メトロポリタン美術館 オープンアクセス）,不要（パブリックドメイン／CC0）,https://www.metmuseum.org/art/collection/search/345847,,600x591
03-museum-art/met_grotesque-head-with-a-large-ear-and-_0f6a0580.webp,メトロポリタン美術館,Grotesque Head With a Large Ear and an Open Mouth Looking to the Right Within a Circle,Gaetano Piccini,1727,CC0（メトロポリタン美術館 オープンアクセス）,不要（パブリックドメイン／CC0）,https://www.metmuseum.org/art/collection/search/345843,,600x589
03-museum-art/met_grotesque-head-with-a-large-eyebrow-_2f4220be.webp,メトロポリタン美術館,Grotesque Head With a Large Eyebrow Looking to the Left Within a Circle,Gaetano Piccini,1727,CC0（メトロポリタン美術館 オープンアクセス）,不要（パブリックドメイン／CC0）,https://www.metmuseum.org/art/collection/search/345848,,600x593
03-museum-art/met_grotesque-head-with-curly-beard_9e90227c.webp,メトロポリタン美術館,Grotesque Head with Curly Beard,"Anonymous, Italian, 16th to 17th century",16th–17th century,CC0（メトロポリタン美術館 オープンアクセス）,不要（パブリックドメイン／CC0）,https://www.metmuseum.org/art/collection/search/388708,,529x625
03-museum-art/met_guardian-angel-leading-a-child-throu_e7adbd8d.webp,メトロポリタン美術館,"Guardian angel leading a child through danger, with a snake at lower left and a demon at lower right",Domenico Maria Bonavera,1670–1731,CC0（メトロポリタン美術館 オープンアクセス）,不要（パブリックドメイン／CC0）,https://www.metmuseum.org/art/collection/search/814477,,445x624
03-museum-art/met_hagar-and-the-angel_f6f20504.webp,メトロポリタン美術館,Hagar and the Angel,Francesco Maffei,ca. 1657,CC0（メトロポリタン美術館 オープンアクセス）,不要（パブリックドメイン／CC0）,https://www.metmuseum.org/art/collection/search/441229,,600x465
03-museum-art/met_hamlet-tries-to-follow-his-father-s-_f331595b.webp,メトロポリタン美術館,Hamlet Tries To Follow His Father's Ghost,Eugène Delacroix,1835,CC0（メトロポリタン美術館 オープンアクセス）,不要（パブリックドメイン／CC0）,https://www.metmuseum.org/art/collection/search/337349,,476x624
03-museum-art/met_head-of-a-man-and-a-satyr_dcf424b3.webp,メトロポリタン美術館,Head of a man and a satyr,Louis Marin Bonnet,ca. 1755–93,CC0（メトロポリタン美術館 オープンアクセス）,不要（パブリックドメイン／CC0）,https://www.metmuseum.org/art/collection/search/771729,,599x460
03-museum-art/met_head-of-a-satyr-silenus_a2645187.webp,メトロポリタン美術館,Head of a Satyr (Silenus),Peter Paul Rubens,ca. 1620–30,CC0（メトロポリタン美術館 オープンアクセス）,不要（パブリックドメイン／CC0）,https://www.metmuseum.org/art/collection/search/348057,,481x624
03-museum-art/met_head-of-a-satyr_f27310a2.webp,メトロポリタン美術館,Head of a Satyr,Antoine Watteau,n.d.,CC0（メトロポリタン美術館 オープンアクセス）,不要（パブリックドメイン／CC0）,https://www.metmuseum.org/art/collection/search/339843,,484x625
03-museum-art/met_head-of-a-satyr_f298b3cb.webp,メトロポリタン美術館,Head of a satyr,Louis Marin Bonnet,ca. 1755–93,CC0（メトロポリタン美術館 オープンアクセス）,不要（パブリックドメイン／CC0）,https://www.metmuseum.org/art/collection/search/771733,,474x624
03-museum-art/met_hell-broke-loose-or-the-devil-to-pay_d1ebf4fa.webp,メトロポリタン美術館,"Hell Broke Loose, or the Devil to Pay Among the Darling Angels",Thomas Rowlandson,"July 9, 1809",CC0（メトロポリタン美術館 オープンアクセス）,不要（パブリックドメイン／CC0）,https://www.metmuseum.org/art/collection/search/786249,,600x441
03-museum-art/met_hell-copy_12e14e66.webp,メトロポリタン美術館,Hell (copy),Hans Baldung (called Hans Baldung Grien),after 1511,CC0（メトロポリタン美術館 オープンアクセス）,不要（パブリックドメイン／CC0）,https://www.metmuseum.org/art/collection/search/416712,,488x624
03-museum-art/met_hell_61029391.webp,メトロポリタン美術館,Hell,Abraham van Diepenbeeck,1655,CC0（メトロポリタン美術館 オープンアクセス）,不要（パブリックドメイン／CC0）,https://www.metmuseum.org/art/collection/search/860988,,419x624
03-museum-art/met_hera-aphrodite-and-athena-preparing-_d74bcd92.webp,メトロポリタン美術館,"Hera, Aphrodite, and Athena preparing themselves for the contest of beauty before Paris; from 'Recueil d'estampes d'après les plus beaux tableaux et d'après les plus beaux desseins qui sont en France, Cabinet Crozat' after Perino del Vaga",Philippe Simonneau,ca. 1729–40,CC0（メトロポリタン美術館 オープンアクセス）,不要（パブリックドメイン／CC0）,https://www.metmuseum.org/art/collection/search/698000,,480x624
03-museum-art/met_heraldic-device-a-circular-design-wi_8f238ba9.webp,メトロポリタン美術館,Heraldic Device: A Circular Design with a Ram's Head Framed by a Dragon Biting its Own Tail,"Anonymous, Italian, 17th century",1572–85,CC0（メトロポリタン美術館 オープンアクセス）,不要（パブリックドメイン／CC0）,https://www.metmuseum.org/art/collection/search/367239,,599x567
03-museum-art/met_hercules-and-cerberus-from-the-labor_b7421dcb.webp,メトロポリタン美術館,"Hercules and Cerberus, from ""The Labors of Hercules""",Heinrich Aldegrever,1550,CC0（メトロポリタン美術館 オープンアクセス）,不要（パブリックドメイン／CC0）,https://www.metmuseum.org/art/collection/search/428422,,408x625
03-museum-art/met_hercules-and-cerberus-hercules-grasp_2c7932ce.webp,メトロポリタン美術館,"Hercules and Cerberus: Hercules grasps the collar of Cerberus, two demons appear at left, from ""The Labors of Hercules""",Antonio Tempesta,1608,CC0（メトロポリタン美術館 オープンアクセス）,不要（パブリックドメイン／CC0）,https://www.metmuseum.org/art/collection/search/397664,,600x426
03-museum-art/met_hercules-and-cerberus_868c4acd.webp,メトロポリタン美術館,Hercules and Cerberus,Aegidius Sadeler II,1586–1629,CC0（メトロポリタン美術館 オープンアクセス）,不要（パブリックドメイン／CC0）,https://www.metmuseum.org/art/collection/search/720340,,427x624
03-museum-art/met_hercules-and-the-centaurs-from-the-l_096ee3af.webp,メトロポリタン美術館,"Hercules and the Centaurs, from ""The Labors of Hercules""",Antonio Tempesta,1608,CC0（メトロポリタン美術館 オープンアクセス）,不要（パブリックドメイン／CC0）,https://www.metmuseum.org/art/collection/search/397667,,600x427
03-museum-art/met_hercules-and-the-hydra-of-lerna-from_346a1175.webp,メトロポリタン美術館,"Hercules and the Hydra of Lerna, from ""The Labors of Hercules""",Antonio Tempesta,1608,CC0（メトロポリタン美術館 オープンアクセス）,不要（パブリックドメイン／CC0）,https://www.metmuseum.org/art/collection/search/397673,,600x421
03-museum-art/met_hercules-and-the-hydra-of-lerna_0cf72304.webp,メトロポリタン美術館,Hercules and the Hydra of Lerna,Marco Angolo del Moro,,CC0（メトロポリタン美術館 オープンアクセス）,不要（パブリックドメイン／CC0）,https://www.metmuseum.org/art/collection/search/359999,,600x427
03-museum-art/met_hercules-and-the-hydra-wielding-a-to_a828989b.webp,メトロポリタン美術館,"Hercules and the Hydra; wielding a torch he attacks the winged, multi-headed Hydra in rocky landscape, a hawk attacks a heron in the sky",Cristofano di Michele Martini (Il Robetta),ca. 1500–1520,CC0（メトロポリタン美術館 オープンアクセス）,不要（パブリックドメイン／CC0）,https://www.metmuseum.org/art/collection/search/663542,,504x624
03-museum-art/met_hercules-and-the-hydra_e27a4636.webp,メトロポリタン美術館,Hercules and the Hydra,Michel Dorigny,1651,CC0（メトロポリタン美術館 オープンアクセス）,不要（パブリックドメイン／CC0）,https://www.metmuseum.org/art/collection/search/821725,,487x625
03-museum-art/met_hercules-and-the-serpent-ladon-from-_6fc2f406.webp,メトロポリタン美術館,"Hercules and the Serpent Ladon, from ""The Labors of Hercules""",Antonio Tempesta,1608,CC0（メトロポリタン美術館 オープンアクセス）,不要（パブリックドメイン／CC0）,https://www.metmuseum.org/art/collection/search/397668,,600x425
03-museum-art/met_hercules-fight-adragon-in-the-centre_e9111442.webp,メトロポリタン美術館,"Hercules fight adragon in the centre, Achelous carrying off Deianeira upper left",Giulio Bonasone,1531–76,CC0（メトロポリタン美術館 オープンアクセス）,不要（パブリックドメイン／CC0）,https://www.metmuseum.org/art/collection/search/392929,,600x385
03-museum-art/met_hercules-fighting-the-hydra-of-lerna_29fb8ebb.webp,メトロポリタン美術館,"Hercules Fighting the Hydra of Lerna, from The Labors of Hercules",Heinrich Aldegrever,1550,CC0（メトロポリタン美術館 オープンアクセス）,不要（パブリックドメイン／CC0）,https://www.metmuseum.org/art/collection/search/428421,,406x625
03-museum-art/met_hercules-fighting-the-river-god-ache_5b9503e6.webp,メトロポリタン美術館,"Hercules Fighting the River-God Achelous, from The Labors of Hercules",Heinrich Aldegrever,1550,CC0（メトロポリタン美術館 オープンアクセス）,不要（パブリックドメイン／CC0）,https://www.metmuseum.org/art/collection/search/428679,,391x624
03-museum-art/met_hercules-killing-the-dragon-ladon-fr_22d9b6ac.webp,メトロポリタン美術館,"Hercules Killing the Dragon Ladon, from ""The Labors of Hercules""",Heinrich Aldegrever,1550,CC0（メトロポリタン美術館 オープンアクセス）,不要（パブリックドメイン／CC0）,https://www.metmuseum.org/art/collection/search/428428,,402x625
03-museum-art/met_hercules-killing-the-dragon-ladon-fr_bc06e7fa.webp,メトロポリタン美術館,"Hercules Killing the Dragon Ladon, from The Labors of Hercules",Heinrich Aldegrever,1550,CC0（メトロポリタン美術館 オープンアクセス）,不要（パブリックドメイン／CC0）,https://www.metmuseum.org/art/collection/search/428680,,406x624
03-museum-art/met_hercules-with-his-club-in-center-fig_58ac278a.webp,メトロポリタン美術館,"Hercules with his club in center fighting a centaur, other men fighting centaurs to left and right, from ""The Labors of Hercules""",Sebald Beham,1542,CC0（メトロポリタン美術館 オープンアクセス）,不要（パブリックドメイン／CC0）,https://www.metmuseum.org/art/collection/search/414798,,599x392
03-museum-art/met_hermit-and-angel-in-a-landscape_f98bea06.webp,メトロポリタン美術館,Hermit and Angel in a Landscape,Etienne de Lavallée-Poussin,18th century,CC0（メトロポリタン美術館 オープンアクセス）,不要（パブリックドメイン／CC0）,https://www.metmuseum.org/art/collection/search/385458,,448x625
03-museum-art/met_hero-and-dragon_4d5f3642.webp,メトロポリタン美術館,Hero and Dragon,,third quarter 16th century,CC0（メトロポリタン美術館 オープンアクセス）,不要（パブリックドメイン／CC0）,https://www.metmuseum.org/art/collection/search/447805,,432x625
03-museum-art/met_ichikawa-yonezo-as-the-ghost-of-oiwa_32cc1af7.webp,メトロポリタン美術館,Ichikawa Yonezō as the Ghost of Oiwa,Enjaku 猿雀,1865,CC0（メトロポリタン美術館 オープンアクセス）,不要（パブリックドメイン／CC0）,https://www.metmuseum.org/art/collection/search/76582,,489x624
03-museum-art/met_insects-and-the-head-of-a-wind-god_f5a26ea6.webp,メトロポリタン美術館,Insects and the Head of a Wind God,Joris Hoefnagel,ca. 1590–1600,CC0（メトロポリタン美術館 オープンアクセス）,不要（パブリックドメイン／CC0）,https://www.metmuseum.org/art/collection/search/335631,,600x411
03-museum-art/met_isfandiyar-s-fourth-course-he-slays-_aa39e384.webp,メトロポリタン美術館,"""Isfandiyar's Fourth Course: He Slays a Sorceress"", Folio 435v from the Shahnama (Book of Kings) of Shah Tahmasp",Abu'l Qasim Firdausi,ca. 1525–30,CC0（メトロポリタン美術館 オープンアクセス）,不要（パブリックドメイン／CC0）,https://www.metmuseum.org/art/collection/search/452161,,416x625
03-museum-art/met_isfandiyar-s-third-course-he-slays-a_6fb8d8a4.webp,メトロポリタン美術館,"""Isfandiyar's Third Course: He Slays a Dragon"", Folio 434v from the Shahnama (Book of Kings) of Shah Tahmasp",Abu'l Qasim Firdausi,ca. 1530,CC0（メトロポリタン美術館 オープンアクセス）,不要（パブリックドメイン／CC0）,https://www.metmuseum.org/art/collection/search/452160,,424x625
03-museum-art/met_job-tempted-by-a-demon_3f833902.webp,メトロポリタン美術館,Job Tempted by a Demon,Hans Baldung (called Hans Baldung Grien),1509,CC0（メトロポリタン美術館 オープンアクセス）,不要（パブリックドメイン／CC0）,https://www.metmuseum.org/art/collection/search/416037,,473x624
03-museum-art/met_jupiter-and-danae-from-game-of-mytho_d2544dc0.webp,メトロポリタン美術館,"Jupiter and Danaë, from ""Game of Mythology"" (Jeu de la Mythologie)",Stefano della Bella,1644,CC0（メトロポリタン美術館 オープンアクセス）,不要（パブリックドメイン／CC0）,https://www.metmuseum.org/art/collection/search/412375,,599x457
03-museum-art/met_jupiter-and-europa-from-game-of-myth_88f54059.webp,メトロポリタン美術館,"Jupiter and Europa, from ""Game of Mythology"" (Jeu de la Mythologie)",Stefano della Bella,1644,CC0（メトロポリタン美術館 オープンアクセス）,不要（パブリックドメイン／CC0）,https://www.metmuseum.org/art/collection/search/412351,,600x510
03-museum-art/met_jupiter-and-ganymede-from-game-of-my_43d52296.webp,メトロポリタン美術館,"Jupiter and Ganymede, from ""Game of Mythology"" (Jeu de la Mythologie)",Stefano della Bella,1644,CC0（メトロポリタン美術館 オープンアクセス）,不要（パブリックドメイン／CC0）,https://www.metmuseum.org/art/collection/search/412352,,599x501
03-museum-art/met_jupiter-and-semele-from-game-of-myth_1daade58.webp,メトロポリタン美術館,"Jupiter and Semele, from ""Game of Mythology"" (Jeu de la Mythologie)",Stefano della Bella,1644,CC0（メトロポリタン美術館 オープンアクセス）,不要（パブリックドメイン／CC0）,https://www.metmuseum.org/art/collection/search/412357,,600x522
03-museum-art/met_jupiter-fighting-the-giants_a964b65d.webp,メトロポリタン美術館,Jupiter Fighting the Giants,Jacopo Zucchi,1540–96,CC0（メトロポリタン美術館 オープンアクセス）,不要（パブリックドメイン／CC0）,https://www.metmuseum.org/art/collection/search/337896,,453x624
03-museum-art/met_jupiter-from-game-of-mythology-jeu-d_18a298df.webp,メトロポリタン美術館,"Jupiter, from 'Game of Mythology' (Jeu de la Mythologie)",Stefano della Bella,1644,CC0（メトロポリタン美術館 オープンアクセス）,不要（パブリックドメイン／CC0）,https://www.metmuseum.org/art/collection/search/376752,,600x473
03-museum-art/met_jupiter-from-game-of-mythology-jeu-d_8b07a684.webp,メトロポリタン美術館,"Jupiter, from ""Game of Mythology"" (Jeu de la Mythologie)",Stefano della Bella,1644,CC0（メトロポリタン美術館 オープンアクセス）,不要（パブリックドメイン／CC0）,https://www.metmuseum.org/art/collection/search/412345,,600x515
03-museum-art/met_jupiter_472f8fc0.webp,メトロポリタン美術館,Jupiter,Sir Nicolas Dorigny,1695,CC0（メトロポリタン美術館 オープンアクセス）,不要（パブリックドメイン／CC0）,https://www.metmuseum.org/art/collection/search/821717,,483x624
03-museum-art/met_kabuki-actor-arashi-rikan-ii-as-iemo_f6e1287f.webp,メトロポリタン美術館,"Kabuki Actor Arashi Rikan II as Iemon Confronted by an Image of His Murdered Wife, Oiwa, on a Broken Lantern, Referring to Katsushika Hokusai’s Hyaku monogatari (One Hundred Ghost Stories)",Shunbaisai Hokuei 春梅斎北英,1832,CC0（メトロポリタン美術館 オープンアクセス）,不要（パブリックドメイン／CC0）,https://www.metmuseum.org/art/collection/search/76565,,438x624
03-museum-art/met_king-david-playing-the-harp-with-ang_582e1570.webp,メトロポリタン美術館,King David Playing the Harp with Angels Dancing and Playing Music,Johann Sadeler I,ca. 1590–1600,CC0（メトロポリタン美術館 オープンアクセス）,不要（パブリックドメイン／CC0）,https://www.metmuseum.org/art/collection/search/728467,,430x625
03-museum-art/met_kneeling-angel-with-hands-outstretch_cb56eb08.webp,メトロポリタン美術館,Kneeling Angel With Hands Outstretched,Pedro  Duque Cornejo,ca. 1700–50,CC0（メトロポリタン美術館 オープンアクセス）,不要（パブリックドメイン／CC0）,https://www.metmuseum.org/art/collection/search/336600,,588x625
03-museum-art/met_knight-death-and-the-devil-copy_43318ca3.webp,メトロポリタン美術館,"Knight, Death, and the Devil (copy)",Albrecht Dürer,n.d.,CC0（メトロポリタン美術館 オープンアクセス）,不要（パブリックドメイン／CC0）,https://www.metmuseum.org/art/collection/search/391260,,492x625
03-museum-art/met_knight-death-and-the-devil-copy_6cf60976.webp,メトロポリタン美術館,"Knight, Death, and the Devil (copy)",Albrecht Dürer,n.d.,CC0（メトロポリタン美術館 オープンアクセス）,不要（パブリックドメイン／CC0）,https://www.metmuseum.org/art/collection/search/391261,,488x625
03-museum-art/met_knight-death-and-the-devil_1d1bbfcf.webp,メトロポリタン美術館,"Knight, Death, and the Devil",Albrecht Dürer,1513,CC0（メトロポリタン美術館 オープンアクセス）,不要（パブリックドメイン／CC0）,https://www.metmuseum.org/art/collection/search/391255,,495x625
03-museum-art/met_knight-death-and-the-devil_464a6028.webp,メトロポリタン美術館,"Knight, Death and the Devil",Albrecht Dürer,1513,CC0（メトロポリタン美術館 オープンアクセス）,不要（パブリックドメイン／CC0）,https://www.metmuseum.org/art/collection/search/377280,,485x625
03-museum-art/met_knight-death-and-the-devil_acd6030d.webp,メトロポリタン美術館,"Knight, Death, and the Devil",Albrecht Dürer,1513,CC0（メトロポリタン美術館 オープンアクセス）,不要（パブリックドメイン／CC0）,https://www.metmuseum.org/art/collection/search/336223,,487x625
03-museum-art/met_l-ange-gardien-the-guardian-angel-in_6087e7be.webp,メトロポリタン美術館,"L'ange gardien (The Guardian Angel), in an album containing Recueil de Compositions par Lagrenée Le Jeune (Collection of Compositions by Lagrenée the Younger)",Jean Jacques Lagrenée,1782–1821,CC0（メトロポリタン美術館 オープンアクセス）,不要（パブリックドメイン／CC0）,https://www.metmuseum.org/art/collection/search/424202,,599x470
03-museum-art/met_l-estropie-au-capuchon-the-beggar-we_736703de.webp,メトロポリタン美術館,"L'Estropié au Capuchon (The Beggar Wearing a Hood), from ""Varie Figure Gobbi, suite appelée aussi Les Bossus, Les Pygmées, Les Nains Grotesques"" (Various Hunchbacked Figures, The Hunchbacks, The Pygmes, The Grotesque Dwarfs)",Jacques Callot,1616–22,CC0（メトロポリタン美術館 オープンアクセス）,不要（パブリックドメイン／CC0）,https://www.metmuseum.org/art/collection/search/398581,,600x367
03-museum-art/met_laban-searching-for-his-household-go_9ba57c82.webp,メトロポリタン美術館,Laban Searching for his Household Gods,Gabriel de Saint-Aubin,ca. 1753,CC0（メトロポリタン美術館 オープンアクセス）,不要（パブリックドメイン／CC0）,https://www.metmuseum.org/art/collection/search/711181,,599x442
03-museum-art/met_large-bronze-dragon-incense-burner_1c1475b7.webp,メトロポリタン美術館,Large Bronze Dragon Incense Burner,Henri Charles Guérard,1882–83,CC0（メトロポリタン美術館 オープンアクセス）,不要（パブリックドメイン／CC0）,https://www.metmuseum.org/art/collection/search/812244,,443x624
03-museum-art/met_large-grotesque-head-being-strangled_46ac4312.webp,メトロポリタン美術館,Large Grotesque Head Being Strangled by its Own Hair,Gaetano Piccini,1727,CC0（メトロポリタン美術館 オープンアクセス）,不要（パブリックドメイン／CC0）,https://www.metmuseum.org/art/collection/search/345846,,420x625
03-museum-art/met_large-grotesque-head-with-an-open-mo_f4450741.webp,メトロポリタン美術館,Large Grotesque Head With an Open Mouth Looking to the Left Within a Frame,Gaetano Piccini,1727,CC0（メトロポリタン美術館 オープンアクセス）,不要（パブリックドメイン／CC0）,https://www.metmuseum.org/art/collection/search/345845,,586x625
03-museum-art/met_le-beveur-vu-de-face-the-drinker-vie_480f65e7.webp,メトロポリタン美術館,"Le Beveur vu de Face (The Drinker Viewed from the Front), from ""Varie Figure Gobbi, suite appelée aussi Les Bossus, Les Pygmées, Les Nains Grotesques"" (Various Hunchbacked Figures, The Hunchbacks, The Pygmes, The Grotesque Dwarfs)",Jacques Callot,1616–22,CC0（メトロポリタン美術館 オープンアクセス）,不要（パブリックドメイン／CC0）,https://www.metmuseum.org/art/collection/search/398582,,600x430
03-museum-art/met_leopold-i-of-austria-as-jupiter-with_1e71ccf5.webp,メトロポリタン美術館,Leopold I of Austria as Jupiter with his wife enthroned in the clouds,Mathäus Küsel,ca. 1659–82,CC0（メトロポリタン美術館 オープンアクセス）,不要（パブリックドメイン／CC0）,https://www.metmuseum.org/art/collection/search/698352,,443x625
03-museum-art/met_lion-and-dragon-in-combat_c6116801.webp,メトロポリタン美術館,Lion and Dragon in Combat,Muhammad Baqir,second half 18th century,CC0（メトロポリタン美術館 オープンアクセス）,不要（パブリックドメイン／CC0）,https://www.metmuseum.org/art/collection/search/452514,,600x401
03-museum-art/met_lion-and-serpent_60c40314.webp,メトロポリタン美術館,Lion and Serpent,Jules Laurens,ca. 1868,CC0（メトロポリタン美術館 オープンアクセス）,不要（パブリックドメイン／CC0）,https://www.metmuseum.org/art/collection/search/692419,,599x461
03-museum-art/met_male-skeleton-wearing-military-dress_d3f660fc.webp,メトロポリタン美術館,Male skeleton wearing military dress (vignette for the feast of the dead),José Guadalupe Posada,ca. 1892,CC0（メトロポリタン美術館 オープンアクセス）,不要（パブリックドメイン／CC0）,https://www.metmuseum.org/art/collection/search/717604,,537x624
03-museum-art/met_massacre-of-the-innocents-group-of-w_4fa3be20.webp,メトロポリタン美術館,"Massacre of the Innocents; group of women and children being attacked, two angels at upper left, after Reni",Gian Battista Bolognini,ca. 1640–70,CC0（メトロポリタン美術館 オープンアクセス）,不要（パブリックドメイン／CC0）,https://www.metmuseum.org/art/collection/search/668771,,411x624
03-museum-art/met_massacre-of-the-innocents-group-of-w_65e9351d.webp,メトロポリタン美術館,"Massacre of the Innocents; group of women and children being attacked, two angels at upper left, after Reni",Gian Battista Bolognini,ca. 1640–70,CC0（メトロポリタン美術館 オープンアクセス）,不要（パブリックドメイン／CC0）,https://www.metmuseum.org/art/collection/search/668692,,359x625
03-museum-art/met_massacre-of-the-innocents-group-of-w_6a526b2f.webp,メトロポリタン美術館,"Massacre of the Innocents; group of women and children being attacked, two angels at upper left, after Reni",Anonymous,ca. 1640–1700,CC0（メトロポリタン美術館 オープンアクセス）,不要（パブリックドメイン／CC0）,https://www.metmuseum.org/art/collection/search/668745,,445x624
03-museum-art/met_minerva-armed-with-a-shield-and-lanc_2991612c.webp,メトロポリタン美術館,Minerva armed with a shield and lance attacking three nearly prone figures,Grégoire Huret,17th century,CC0（メトロポリタン美術館 オープンアクセス）,不要（パブリックドメイン／CC0）,https://www.metmuseum.org/art/collection/search/645764,,599x447
03-museum-art/met_minerva-assisting-prometheus-as-he-a_5170fc1b.webp,メトロポリタン美術館,Minerva assisting Prometheus as he attempts to scale the heavens,Bartolomeo Crivellari,1756,CC0（メトロポリタン美術館 オープンアクセス）,不要（パブリックドメイン／CC0）,https://www.metmuseum.org/art/collection/search/818436,,288x623
03-museum-art/met_neptune-and-amphitrite_91a20d2b.webp,メトロポリタン美術館,Neptune and Amphitrite,Bartholomeus Spranger,mid-16th–early 17th century,CC0（メトロポリタン美術館 オープンアクセス）,不要（パブリックドメイン／CC0）,https://www.metmuseum.org/art/collection/search/337851,,469x625
03-museum-art/met_neptune-and-amymone_b684f40c.webp,メトロポリタン美術館,Neptune and Amymone,Jean Claude Danzel,18th century,CC0（メトロポリタン美術館 オープンアクセス）,不要（パブリックドメイン／CC0）,https://www.metmuseum.org/art/collection/search/414305,,600x532
03-museum-art/met_neptune-apaisant-la-tempete-neptune-_00c55fbc.webp,メトロポリタン美術館,Neptune apaisant la tempête (Neptune Calming the Storm),François Antoine Aveline,18th century,CC0（メトロポリタン美術館 オープンアクセス）,不要（パブリックドメイン／CC0）,https://www.metmuseum.org/art/collection/search/414309,,438x624
03-museum-art/met_neptune-from-game-of-mythology-jeu-d_172a5136.webp,メトロポリタン美術館,"Neptune, from ""Game of Mythology"" (Jeu de la Mythologie)",Stefano della Bella,1644,CC0（メトロポリタン美術館 オープンアクセス）,不要（パブリックドメイン／CC0）,https://www.metmuseum.org/art/collection/search/412367,,600x493
03-museum-art/met_neptune-in-his-chariot_4fb3e74a.webp,メトロポリタン美術館,Neptune in his Chariot,Pieter de Jode I,late 16th–mid 17th century,CC0（メトロポリタン美術館 オープンアクセス）,不要（パブリックドメイン／CC0）,https://www.metmuseum.org/art/collection/search/334883,,599x612
03-museum-art/met_neptune-pursuing-coronis-minerva-int_10e2a289.webp,メトロポリタン美術館,Neptune pursuing Coronis; Minerva interposes herself and turns Coronis into a crow,Francisco Vieira de Mattos (Il Lusitano),1724,CC0（メトロポリタン美術館 オープンアクセス）,不要（パブリックドメイン／CC0）,https://www.metmuseum.org/art/collection/search/820158,,478x625
03-museum-art/met_noh-mask-of-a-demoness-hannya_663bef39.webp,メトロポリタン美術館,Noh Mask of a Demoness (Hannya),Ogawa Haritsu (Ritsuō),18th century,CC0（メトロポリタン美術館 オープンアクセス）,不要（パブリックドメイン／CC0）,https://www.metmuseum.org/art/collection/search/49104,,599x568
03-museum-art/met_nothing-is-known-of-this-two-figures_e9eaca86.webp,メトロポリタン美術館,"Nothing is Known of This; two figures picking up a body in front of a church, a monk singing next to them and another in the background; page 7 from the ""Witches and Old Women"" Album (D)",Goya (Francisco de Goya y Lucientes),ca. 1819–23,CC0（メトロポリタン美術館 オープンアクセス）,不要（パブリックドメイン／CC0）,https://www.metmuseum.org/art/collection/search/334024,,396x625
03-museum-art/met_oedipus-and-the-sphinx_670c7ffc.webp,メトロポリタン美術館,Oedipus and the Sphinx,Gustave Moreau,1864,CC0（メトロポリタン美術館 オープンアクセス）,不要（パブリックドメイン／CC0）,https://www.metmuseum.org/art/collection/search/437153,,323x624
03-museum-art/met_once-upon-a-time-a-book-of-ghost-sto_573bb526.webp,メトロポリタン美術館,Once Upon a Time (A Book of Ghost Stories) (Imawa mukashi) 怪談百鬼図会,Katsukawa Shun'ei 勝川春英,1790,CC0（メトロポリタン美術館 オープンアクセス）,不要（パブリックドメイン／CC0）,https://www.metmuseum.org/art/collection/search/78709,,599x400
03-museum-art/met_oni_edf379f4.webp,メトロポリタン美術館,Oni,Hokusai School,19th century,CC0（メトロポリタン美術館 オープンアクセス）,不要（パブリックドメイン／CC0）,https://www.metmuseum.org/art/collection/search/57299,,600x457
03-museum-art/met_onoe-matsusuke-as-the-ghost-of-the-m_66b86650.webp,メトロポリタン美術館,"Onoe Matsusuke as the Ghost of the Murdered Wife Oiwa, in ""A Tale of Horror from the Yotsuya Station on the Tokaido Road""",Utagawa Toyokuni I,1812,CC0（メトロポリタン美術館 オープンアクセス）,不要（パブリックドメイン／CC0）,https://www.metmuseum.org/art/collection/search/45290,,453x625
03-museum-art/met_perseus-and-medusa-from-game-of-myth_9303355d.webp,メトロポリタン美術館,"Perseus and Medusa, from ""Game of Mythology"" (Jeu de la Mythologie)",Stefano della Bella,1644,CC0（メトロポリタン美術館 オープンアクセス）,不要（パブリックドメイン／CC0）,https://www.metmuseum.org/art/collection/search/412348,,600x498
03-museum-art/met_phoenix-fenghuang_044803f8.webp,メトロポリタン美術館,Phoenix (Fenghuang),Unidentified artist,,CC0（メトロポリタン美術館 オープンアクセス）,不要（パブリックドメイン／CC0）,https://www.metmuseum.org/art/collection/search/51587,,271x625
03-museum-art/met_plate-100-apollo-killing-the-serpent_16a2d332.webp,メトロポリタン美術館,"Plate 100: Apollo Killing the Serpent Attacking Opheus's Head (Serpens Orphei caput dilaniaturus in saxum ab Apolline convertitur), from Ovid's 'Metamorphoses'",Antonio Tempesta,1606,CC0（メトロポリタン美術館 オープンアクセス）,不要（パブリックドメイン／CC0）,https://www.metmuseum.org/art/collection/search/401013,,599x527
03-museum-art/met_plate-103-neptune-sending-a-deluge-t_d222695a.webp,メトロポリタン美術館,"Plate 103: Neptune Sending a Deluge to Troy (Neptunus ob violatum a Laomendonte pactum eluviem Troianis agris immittit), from Ovid's 'Metamorphoses'",Antonio Tempesta,1606,CC0（メトロポリタン美術館 オープンアクセス）,不要（パブリックドメイン／CC0）,https://www.metmuseum.org/art/collection/search/400999,,599x515
03-museum-art/met_plate-116-the-battle-of-the-lapithae_0bd53304.webp,メトロポリタン美術館,"Plate 116: The Battle of the Lapithae and the Centaurs (Caeneus in Perithoi nuptijs a Centauris interficitur), from Ovid's 'Metamorphoses'",Antonio Tempesta,1606,CC0（メトロポリタン美術館 オープンアクセス）,不要（パブリックドメイン／CC0）,https://www.metmuseum.org/art/collection/search/400997,,599x525
03-museum-art/met_plate-15-rivers-and-goddesses-with-f_c5f53a20.webp,メトロポリタン美術館,"Plate 15: Rivers and goddesses, with floating islands, from ""The magnificent pageant on the river Arno in Florence for the marriage of the Grand Duke"" (Le Magnifique carousel fait sur le fleuve de l'Arne a Florence, pour le mariage du Grand Duc)",Anonymous,1664,CC0（メトロポリタン美術館 オープンアクセス）,不要（パブリックドメイン／CC0）,https://www.metmuseum.org/art/collection/search/412669,,600x429
03-museum-art/met_plate-16-a-white-bird-tells-psyche-o_437e6c0a.webp,メトロポリタン美術館,"Plate 16: A white bird tells Psyche of Cupid's illness, as she rides dolphins on the sea accompanied by tritons and nereids, from ""The Story of Cupid and Psyche as told by Apuleius""",Master of the Die,1530–60,CC0（メトロポリタン美術館 オープンアクセス）,不要（パブリックドメイン／CC0）,https://www.metmuseum.org/art/collection/search/653066,,599x513
03-museum-art/met_plate-16-ship-of-musicians-with-the-_f2c40276.webp,メトロポリタン美術館,"Plate 16: Ship of musicians with the sea god Claucus and tritons (Barcha di musici rapra Clauco dio marino e Tritoni), from ""The magnificent pageant on the river Arno in Florence for the marriage of the Grand Duke"" (Le Magnifique carousel fait sur le fleuve de l'Arne a Florence, pour le mariage du Grand Duc)",Anonymous,1664,CC0（メトロポリタン美術館 オープンアクセス）,不要（パブリックドメイン／CC0）,https://www.metmuseum.org/art/collection/search/412673,,600x411
03-museum-art/met_plate-22-cadmus-s-men-killed-by-the-_461ba9ac.webp,メトロポリタン美術館,"Plate 22: Cadmus's Men Killed by the Serpent (Draco Martius Cadmi socios depascit), from Ovid's 'Metamorphoses'",Antonio Tempesta,1606,CC0（メトロポリタン美術館 オープンアクセス）,不要（パブリックドメイン／CC0）,https://www.metmuseum.org/art/collection/search/401140,,599x537
03-museum-art/met_plate-23-cadmus-killing-the-serpent-_95fc5a6d.webp,メトロポリタン美術館,"Plate 23: Cadmus Killing the Serpent (Draco a Cadmo interficitur), from Ovid's 'Metamorphoses'",Antonio Tempesta,1606,CC0（メトロポリタン美術館 オープンアクセス）,不要（パブリックドメイン／CC0）,https://www.metmuseum.org/art/collection/search/401141,,600x522
03-museum-art/met_plate-32-venus-asking-jupiter-for-pr_c76306a8.webp,メトロポリタン美術館,"Plate 32: Venus asking Jupiter for protection; from Guillielmus Becanus's 'Serenissimi Principis Ferdinandi, Hispaniarum Infantis...'",Johannes Meursius,1636,CC0（メトロポリタン美術館 オープンアクセス）,不要（パブリックドメイン／CC0）,https://www.metmuseum.org/art/collection/search/701489,,600x415
03-museum-art/met_plate-34-king-ferdinand-as-neptune-s_7b2230f8.webp,メトロポリタン美術館,"Plate 34: King Ferdinand as Neptune, seated on a whale at center, with putti atop two small fish on either side; from Guillielmus Becanus's 'Serenissimi Principis Ferdinandi, Hispaniarum Infantis...'",Jacob Neeffs,1636,CC0（メトロポリタン美術館 オープンアクセス）,不要（パブリックドメイン／CC0）,https://www.metmuseum.org/art/collection/search/701567,,600x470
03-museum-art/met_plate-35-philip-of-spain-as-neptune-_fdeae26f.webp,メトロポリタン美術館,"Plate 35: Philip of Spain as Neptune, riding in a chariot drawn by two sea horses; from Guillielmus Becanus's 'Serenissimi Principis Ferdinandi, Hispaniarum Infantis...'",Pieter de Jode II,1636,CC0（メトロポリタン美術館 オープンアクセス）,不要（パブリックドメイン／CC0）,https://www.metmuseum.org/art/collection/search/701643,,600x465
03-museum-art/met_plate-41-perseus-killing-medusa-angu_a37abad6.webp,メトロポリタン美術館,"Plate 41: Perseus Killing Medusa (Anguiparum Meduse caput praescundit Perseus), from Ovid's 'Metamorphoses'",Antonio Tempesta,1606,CC0（メトロポリタン美術館 オープンアクセス）,不要（パブリックドメイン／CC0）,https://www.metmuseum.org/art/collection/search/401129,,599x534
03-museum-art/met_plate-6-allegory-with-hercules-chasi_a4b9ded6.webp,メトロポリタン美術館,"Plate 6: Allegory with Hercules chasing off the Harpies as Justice and Plenty aid the poor, from ""Barberinae aulae fornix""","Anonymous, Italian, 17th century",ca. 1677,CC0（メトロポリタン美術館 オープンアクセス）,不要（パブリックドメイン／CC0）,https://www.metmuseum.org/art/collection/search/647639,,600x566
03-museum-art/met_plate-6-terrible-fate-of-a-young-wom_b68a2b61.webp,メトロポリタン美術館,Plate 6: Terrible fate of a young woman who after a calumny was snatched by the devil and dragged to hell,José Guadalupe Posada,ca. 1896,CC0（メトロポリタン美術館 オープンアクセス）,不要（パブリックドメイン／CC0）,https://www.metmuseum.org/art/collection/search/717630,,599x423
03-museum-art/met_plate-68-hercules-and-cerberus-cerbe_90be5b8a.webp,メトロポリタン美術館,"Plate 68: Hercules and Cerberus (Cerberum domat Hercules), from Ovid's 'Metamorphoses'",Antonio Tempesta,1606,CC0（メトロポリタン美術館 オープンアクセス）,不要（パブリックドメイン／CC0）,https://www.metmuseum.org/art/collection/search/401055,,599x528
03-museum-art/met_plate-7-suicide-of-an-invidious-plut_189a34a6.webp,メトロポリタン美術館,Plate 7: suicide of an invidious plutocrat,José Guadalupe Posada,ca. 1894,CC0（メトロポリタン美術館 オープンアクセス）,不要（パブリックドメイン／CC0）,https://www.metmuseum.org/art/collection/search/717628,,599x420
03-museum-art/met_plate-9-allegory-of-temperance-with-_5a33d67b.webp,メトロポリタン美術館,"Plate 9: Allegory of Temperance with a unicorn and Publius Scipio Africanus at bottom, from ""Barberinae aulae fornix""","Anonymous, Italian, 17th century",ca. 1677,CC0（メトロポリタン美術館 オープンアクセス）,不要（パブリックドメイン／CC0）,https://www.metmuseum.org/art/collection/search/647626,,497x624
03-museum-art/met_plate-9-apollo-killing-python-python_217b5798.webp,メトロポリタン美術館,"Plate 9: Apollo Killing Python (Python ab Apolline interficitur), from Ovid's 'Metamorphoses'",Antonio Tempesta,1606,CC0（メトロポリタン美術館 オープンアクセス）,不要（パブリックドメイン／CC0）,https://www.metmuseum.org/art/collection/search/400882,,600x533
03-museum-art/met_plate-9-argonauts-hicleus-and-naucle_5a7874e6.webp,メトロポリタン美術館,"Plate 9: Argonauts Hicleus and Naucleus led in the float of Neptune (Hicleo e Naucleo Argon. condotti nel carro di Nattunno), from ""The magnificent pageant on the river Arno in Florence for the marriage of the Grand Duke"" (Le Magnifique carousel fait sur le fleuve de l'Arne a Florence, pour le mariage du Grand Duc)",Anonymous,1664,CC0（メトロポリタン美術館 オープンアクセス）,不要（パブリックドメイン／CC0）,https://www.metmuseum.org/art/collection/search/412679,,600x419
03-museum-art/met_plate-9-bust-of-minerva-wearing-a-he_7d3c80f4.webp,メトロポリタン美術館,"Plate 9: Bust of Minerva, wearing a helmet with feathers, looking towards the left, from ""Various heads and figures"" (Diverses têtes et figures)",Stefano della Bella,1650,CC0（メトロポリタン美術館 オープンアクセス）,不要（パブリックドメイン／CC0）,https://www.metmuseum.org/art/collection/search/412263,,473x624
03-museum-art/met_plate-94-jupiter-and-ganymede-in-aqu_b1df7b17.webp,メトロポリタン美術館,"Plate 94: Jupiter and Ganymede (In aquilam transformatus Iupiter Ganymedem rapit), from Ovid's 'Metamorphoses'",Antonio Tempesta,1606,CC0（メトロポリタン美術館 オープンアクセス）,不要（パブリックドメイン／CC0）,https://www.metmuseum.org/art/collection/search/401006,,599x535
03-museum-art/met_pluto-from-game-of-mythology-jeu-de-_a0cdcab5.webp,メトロポリタン美術館,"Pluto, from ""Game of Mythology"" (Jeu de la Mythologie)",Stefano della Bella,1644,CC0（メトロポリタン美術館 オープンアクセス）,不要（パブリックドメイン／CC0）,https://www.metmuseum.org/art/collection/search/412361,,600x523
03-museum-art/met_poems-on-one-hundred-ghost-stories-k_9a6ac0b1.webp,メトロポリタン美術館,Poems on One Hundred Ghost Stories (Kyōka hyaku monogatari) 狂歌百物語,Masazumi Ryusai 正澄竜斎,1853,CC0（メトロポリタン美術館 オープンアクセス）,不要（パブリックドメイン／CC0）,https://www.metmuseum.org/art/collection/search/45447,,600x478
03-museum-art/met_profile-of-a-female-skeleton-with-a-_d6940954.webp,メトロポリタン美術館,"Profile of a female skeleton with a fur vest, from a broaside entitled 'La Calavera de Cupido', published by Antonio Vanegas Arroyo.",José Guadalupe Posada,ca. 1892,CC0（メトロポリタン美術館 オープンアクセス）,不要（パブリックドメイン／CC0）,https://www.metmuseum.org/art/collection/search/735206,,481x624
03-museum-art/met_rape-of-a-woman-by-a-satyr_c4ef7f34.webp,メトロポリタン美術館,Rape of a Woman by a Satyr,Heinrich Aldegrever,1530,CC0（メトロポリタン美術館 オープンアクセス）,不要（パブリックドメイン／CC0）,https://www.metmuseum.org/art/collection/search/428385,,437x625
03-museum-art/met_recovering-the-stolen-jewel-from-the_ce568f7e.webp,メトロポリタン美術館,Recovering the Stolen Jewel from the Palace of the Dragon King,Utagawa Kuniyoshi,1853,CC0（メトロポリタン美術館 オープンアクセス）,不要（パブリックドメイン／CC0）,https://www.metmuseum.org/art/collection/search/45281,,599x303
03-museum-art/met_river-god-and-another-male-figure_b3281ad9.webp,メトロポリタン美術館,River God and Another Male Figure,Charles Antoine Coypel,18th century,CC0（メトロポリタン美術館 オープンアクセス）,不要（パブリックドメイン／CC0）,https://www.metmuseum.org/art/collection/search/336664,,468x625
03-museum-art/met_saint-george-and-the-dragon_12339ddd.webp,メトロポリタン美術館,Saint George and the Dragon,Albrecht Dürer,ca. 1504,CC0（メトロポリタン美術館 オープンアクセス）,不要（パブリックドメイン／CC0）,https://www.metmuseum.org/art/collection/search/387574,,430x625
03-museum-art/met_saint-george-killing-the-dragon_3d78bd0c.webp,メトロポリタン美術館,Saint George Killing the Dragon,Albrecht Altdorfer,1511,CC0（メトロポリタン美術館 オープンアクセス）,不要（パブリックドメイン／CC0）,https://www.metmuseum.org/art/collection/search/428955,,485x624
03-museum-art/met_saint-george-killing-the-dragon_cd672fcd.webp,メトロポリタン美術館,Saint George Killing the Dragon,Albrecht Altdorfer,,CC0（メトロポリタン美術館 オープンアクセス）,不要（パブリックドメイン／CC0）,https://www.metmuseum.org/art/collection/search/430047,,422x625
03-museum-art/met_saint-michael-and-the-dragon-from-th_44059e89.webp,メトロポリタン美術館,"Saint Michael and the Dragon, from ""The Apocalypse""",Albrecht Dürer,ca. 1498,CC0（メトロポリタン美術館 オープンアクセス）,不要（パブリックドメイン／CC0）,https://www.metmuseum.org/art/collection/search/388591,,467x625
03-museum-art/met_saint-michael-and-the-dragon_9ccbbdbf.webp,メトロポリタン美術館,Saint Michael and the Dragon,Spanish (Valencian) Painter(?),ca. 1405,CC0（メトロポリタン美術館 オープンアクセス）,不要（パブリックドメイン／CC0）,https://www.metmuseum.org/art/collection/search/437742,,600x616
03-museum-art/met_saint-michael-expelling-the-fallen-a_6fa68161.webp,メトロポリタン美術館,Saint Michael Expelling the Fallen Angels,Ercole Procaccini The Younger,16th century,CC0（メトロポリタン美術館 オープンアクセス）,不要（パブリックドメイン／CC0）,https://www.metmuseum.org/art/collection/search/340194,,453x624
03-museum-art/met_saint-michael-the-archangel_c4e73b48.webp,メトロポリタン美術館,Saint Michael the Archangel,Ignacio de Ries,1640s,CC0（メトロポリタン美術館 オープンアクセス）,不要（パブリックドメイン／CC0）,https://www.metmuseum.org/art/collection/search/437729,,420x624
03-museum-art/met_satan-sin-and-death-death-and-sin-me_36818fc2.webp,メトロポリタン美術館,"Satan, Sin, and Death: ""Death and Sin met by Satan on his Return from Earth""",James Barry,1792–95,CC0（メトロポリタン美術館 オープンアクセス）,不要（パブリックドメイン／CC0）,https://www.metmuseum.org/art/collection/search/428755,,436x624
03-museum-art/met_satan-sin-and-death-paradise-lost-bo_791c0760.webp,メトロポリタン美術館,"Satan, Sin and Death (Paradise Lost, Book II)",Samuel Ireland,"May 1, 1788",CC0（メトロポリタン美術館 オープンアクセス）,不要（パブリックドメイン／CC0）,https://www.metmuseum.org/art/collection/search/416896,,600x537
03-museum-art/met_satyr-and-bacchante_a3458a1d.webp,メトロポリタン美術館,Satyr and Bacchante,Cornelis van Poelenburch,ca. 1650–67,CC0（メトロポリタン美術館 オープンアクセス）,不要（パブリックドメイン／CC0）,https://www.metmuseum.org/art/collection/search/771481,,473x625
03-museum-art/met_satyr-leading-a-centaur-who-carries-_6efe37f5.webp,メトロポリタン美術館,"Satyr Leading a Centaur, Who Carries a Club, Bow and Quiver, Outside the Walls of a City",Giovanni Domenico Tiepolo,ca. 1771–91,CC0（メトロポリタン美術館 オープンアクセス）,不要（パブリックドメイン／CC0）,https://www.metmuseum.org/art/collection/search/459753,,600x420
03-museum-art/met_satyr-mask-with-a-crown-of-ivy-facin_9f21b3e3.webp,メトロポリタン美術館,"Satyr Mask with a Crown of Ivy, Facing Right, from ""Divers Masques""",François Chauveau,ca. 1635–45,CC0（メトロポリタン美術館 オープンアクセス）,不要（パブリックドメイン／CC0）,https://www.metmuseum.org/art/collection/search/425527,,421x625
03-museum-art/met_satyr-mask-with-a-laurel-wreath-drap_bb74e1c5.webp,メトロポリタン美術館,"Satyr Mask with a Laurel Wreath Draped Over the Horns, from ""Divers Masques""",François Chauveau,ca. 1635–45,CC0（メトロポリタン美術館 オープンアクセス）,不要（パブリックドメイン／CC0）,https://www.metmuseum.org/art/collection/search/425532,,427x624
03-museum-art/met_satyr-mask-with-a-spiral-shaped-bear_0b3fde77.webp,メトロポリタン美術館,"Satyr Mask with a Spiral-Shaped Beard and Ivy Grouped Around Each Horn, from ""Divers Masques""",François Chauveau,ca. 1635–45,CC0（メトロポリタン美術館 オープンアクセス）,不要（パブリックドメイン／CC0）,https://www.metmuseum.org/art/collection/search/425533,,434x624
03-museum-art/met_satyr-mask-with-an-indented-snout-an_c7c97dd3.webp,メトロポリタン美術館,"Satyr Mask with an Indented Snout and a Wreath of Oak Leaves, from ""Divers Masques""",François Chauveau,ca. 1635–45,CC0（メトロポリタン美術館 オープンアクセス）,不要（パブリックドメイン／CC0）,https://www.metmuseum.org/art/collection/search/425529,,433x625
03-museum-art/met_satyr-mask-with-curled-horns-leafy-e_2e7bc38a.webp,メトロポリタン美術館,"Satyr Mask with Curled Horns, Leafy Eyebrows and a Cloth Hanging Beneath the Chin, from ""Divers Masques""",François Chauveau,ca. 1635–45,CC0（メトロポリタン美術館 オープンアクセス）,不要（パブリックドメイン／CC0）,https://www.metmuseum.org/art/collection/search/425531,,401x625
03-museum-art/met_satyr-mask-with-curled-horns-looking_c2f3b57f.webp,メトロポリタン美術館,"Satyr Mask with Curled Horns Looking Down, from ""Divers Masques""",François Chauveau,ca. 1635–45,CC0（メトロポリタン美術館 オープンアクセス）,不要（パブリックドメイン／CC0）,https://www.metmuseum.org/art/collection/search/425524,,430x624
03-museum-art/met_satyr-mask-with-hooked-horns-and-an-_7b27ae1e.webp,メトロポリタン美術館,"Satyr Mask with Hooked Horns and an Ivy Wreath, from ""Divers Masques""",François Chauveau,ca. 1635–45,CC0（メトロポリタン美術館 オープンアクセス）,不要（パブリックドメイン／CC0）,https://www.metmuseum.org/art/collection/search/425537,,363x624
03-museum-art/met_satyr-mask-with-horns-and-a-twisted-_f0aebc62.webp,メトロポリタン美術館,"Satyr Mask with Horns and a Twisted Beard Wearing an Ivy Wreath, from ""Divers Masques""",François Chauveau,ca. 1635–45,CC0（メトロポリタン美術館 オープンアクセス）,不要（パブリックドメイン／CC0）,https://www.metmuseum.org/art/collection/search/425519,,385x625
03-museum-art/met_satyr-mask-with-overlapping-horns-an_cbab0039.webp,メトロポリタン美術館,"Satyr Mask with Overlapping Horns and Four Braided Strands of Beard, from ""Divers Masques""",François Chauveau,ca. 1635–45,CC0（メトロポリタン美術館 オープンアクセス）,不要（パブリックドメイン／CC0）,https://www.metmuseum.org/art/collection/search/425522,,389x624
03-museum-art/met_satyr-s-head_0ed5ca10.webp,メトロポリタン美術館,Satyr's Head,Adamo (Ghisi) Scultori,1566–80,CC0（メトロポリタン美術館 オープンアクセス）,不要（パブリックドメイン／CC0）,https://www.metmuseum.org/art/collection/search/346151,,470x625
03-museum-art/met_satyrs-jousting_f5384f52.webp,メトロポリタン美術館,Satyrs Jousting,"Anonymous, French, 18th century",ca. 1790,CC0（メトロポリタン美術館 オープンアクセス）,不要（パブリックドメイン／CC0）,https://www.metmuseum.org/art/collection/search/359990,,600x308
03-museum-art/met_saz-style-drawing-of-a-dragon-amid-f_65912673.webp,メトロポリタン美術館,'Saz'-Style Drawing of a Dragon Amid Foliage,Shah Quli,ca. 1540–50,CC0（メトロポリタン美術館 オープンアクセス）,不要（パブリックドメイン／CC0）,https://www.metmuseum.org/art/collection/search/451405,,599x421
03-museum-art/met_seated-giant_4123676b.webp,メトロポリタン美術館,Seated Giant,Goya (Francisco de Goya y Lucientes),by 1818 (possibly 1814–18),CC0（メトロポリタン美術館 オープンアクセス）,不要（パブリックドメイン／CC0）,https://www.metmuseum.org/art/collection/search/334002,,437x624
03-museum-art/met_sitting-satyrs_701c89ff.webp,メトロポリタン美術館,Sitting Satyrs,G. King,after 1732,CC0（メトロポリタン美術館 オープンアクセス）,不要（パブリックドメイン／CC0）,https://www.metmuseum.org/art/collection/search/396545,,375x625
03-museum-art/met_sitting-satyrs_eeec9fcb.webp,メトロポリタン美術館,Sitting Satyrs,G. King,after 1732,CC0（メトロポリタン美術館 オープンアクセス）,不要（パブリックドメイン／CC0）,https://www.metmuseum.org/art/collection/search/396544,,371x625
03-museum-art/met_skeleton-firing-a-canon-from-a-broad_064e571a.webp,メトロポリタン美術館,"Skeleton firing a canon, from a broadside entitled 'De este famoso hipodromo en la pista, no faltara ni un solo periodista', published by Antonio Vanegas Arroyo.",José Guadalupe Posada,ca. 1889–1895,CC0（メトロポリタン美術館 オープンアクセス）,不要（パブリックドメイン／CC0）,https://www.metmuseum.org/art/collection/search/735204,,599x500
03-museum-art/met_skeleton-playing-the-guitar-from-a-b_441600ef.webp,メトロポリタン美術館,"Skeleton playing the guitar, from a broadside entitled 'De este famoso hipodromo en la pista, no faltara ni un solo periodista', published by Antonio Vanegas Arroyo.",José Guadalupe Posada,ca. 1889–1895,CC0（メトロポリタン美術館 オープンアクセス）,不要（パブリックドメイン／CC0）,https://www.metmuseum.org/art/collection/search/735196,,527x624
03-museum-art/met_skeleton-sitting-on-a-chair-and-read_05879b4a.webp,メトロポリタン美術館,"Skeleton sitting on a chair and reading a newspaper, from a broaside entitled 'De este famoso hipodromo en la pista, no faltara ni un solo periodista', published by Antonio Vanegas Arroyo.",José Guadalupe Posada,ca. 1889–1895,CC0（メトロポリタン美術館 オープンアクセス）,不要（パブリックドメイン／CC0）,https://www.metmuseum.org/art/collection/search/735198,,487x624
03-museum-art/met_skeleton-standing-in-a-pulpit-from-a_2f0998de.webp,メトロポリタン美術館,"Skeleton standing in a pulpit, from a broaside entitled 'De este famoso hipodromo en la pista, no faltara ni un solo periodista', published by Antonio Vanegas Arroyo.",José Guadalupe Posada,ca. 1889–1895,CC0（メトロポリタン美術館 オープンアクセス）,不要（パブリックドメイン／CC0）,https://www.metmuseum.org/art/collection/search/734873,,506x624
03-museum-art/met_skeleton-standing-with-his-arms-rais_2bf9561b.webp,メトロポリタン美術館,Skeleton standing with his arms raised,José Guadalupe Posada,ca. 1880–1910,CC0（メトロポリタン美術館 オープンアクセス）,不要（パブリックドメイン／CC0）,https://www.metmuseum.org/art/collection/search/734875,,359x624
03-museum-art/met_skeleton-wearing-a-hat-and-carrying-_6a0e63b5.webp,メトロポリタン美術館,Skeleton wearing a hat and carrying a towel,José Guadalupe Posada,ca. 1880–1910,CC0（メトロポリタン美術館 オープンアクセス）,不要（パブリックドメイン／CC0）,https://www.metmuseum.org/art/collection/search/735201,,492x624
03-museum-art/met_sphinx-in-a-grotto-poet-king-and-war_1de5ecca.webp,メトロポリタン美術館,"Sphinx in a Grotto (Poet, King and Warrior)",Gustave Moreau,1887–1888,CC0（メトロポリタン美術館 オープンアクセス）,不要（パブリックドメイン／CC0）,https://www.metmuseum.org/art/collection/search/337812,,600x564
03-museum-art/met_sphinx-with-two-bodies_81b0b851.webp,メトロポリタン美術館,Sphinx with Two Bodies,Wenceslaus Hollar,1652,CC0（メトロポリタン美術館 オープンアクセス）,不要（パブリックドメイン／CC0）,https://www.metmuseum.org/art/collection/search/360729,,600x437
03-museum-art/met_st-george-on-horseback-with-the-dead_555de89a.webp,メトロポリタン美術館,St George on Horseback with the Dead Dragon,Lucas Cranach the Elder,,CC0（メトロポリタン美術館 オープンアクセス）,不要（パブリックドメイン／CC0）,https://www.metmuseum.org/art/collection/search/622934,,454x624
03-museum-art/met_standing-figure-of-an-angel_5f6711ec.webp,メトロポリタン美術館,Standing Figure of an Angel,Pedro  Duque Cornejo,ca. 1700–50,CC0（メトロポリタン美術館 オープンアクセス）,不要（パブリックドメイン／CC0）,https://www.metmuseum.org/art/collection/search/336445,,386x625
03-museum-art/met_studies-for-five-figures-of-angels-s_95d4d35c.webp,メトロポリタン美術館,"Studies for Five Figures of Angels Standing, and Seated on Clouds","Anonymous, Spanish, School of Seville, 17th century",17th century,CC0（メトロポリタン美術館 オープンアクセス）,不要（パブリックドメイン／CC0）,https://www.metmuseum.org/art/collection/search/336535,,600x512
03-museum-art/met_study-for-the-archangel-gabriel_58767027.webp,メトロポリタン美術館,Study for the Archangel Gabriel,Nicolas Mignard,17th century,CC0（メトロポリタン美術館 オープンアクセス）,不要（パブリックドメイン／CC0）,https://www.metmuseum.org/art/collection/search/337905,,445x625
03-museum-art/met_tethys-reclining-in-a-giant-shell-ch_f92a3570.webp,メトロポリタン美術館,"Tethys reclining in a giant shell chariot pulled by two sea creatures, from ""The Deities""",Hendrick Goltzius,1588–90,CC0（メトロポリタン美術館 オープンアクセス）,不要（パブリックドメイン／CC0）,https://www.metmuseum.org/art/collection/search/400162,,483x625
03-museum-art/met_the-advent-of-a-demon-scene-from-a-p_a95c6c90.webp,メトロポリタン美術館,The Advent of a Demon; Scene from a Performance in an old Kabuki Theatre,Unidentified artist,,CC0（メトロポリタン美術館 オープンアクセス）,不要（パブリックドメイン／CC0）,https://www.metmuseum.org/art/collection/search/55240,,599x437
03-museum-art/met_the-angel-appearing-to-hagar-in-the-_8ed412cb.webp,メトロポリタン美術館,The angel appearing to Hagar in the wilderness as she folds her hands next to the sleeping Ishmael,Charles Simonneau,1700–28,CC0（メトロポリタン美術館 オープンアクセス）,不要（パブリックドメイン／CC0）,https://www.metmuseum.org/art/collection/search/818088,,599x563
03-museum-art/met_the-angel-surush-rescues-khusrau-par_8bb2a4a1.webp,メトロポリタン美術館,"""The Angel Surush Rescues Khusrau Parviz from a Cul-de-sac"", Folio 708v from the Shahnama (Book of Kings) of Shah Tahmasp",Abu'l Qasim Firdausi,ca. 1530–35,CC0（メトロポリタン美術館 オープンアクセス）,不要（パブリックドメイン／CC0）,https://www.metmuseum.org/art/collection/search/452182,,425x625
03-museum-art/met_the-angelic-guards_b32c96e1.webp,メトロポリタン美術館,The Angelic Guards,James Barry,1808,CC0（メトロポリタン美術館 オープンアクセス）,不要（パブリックドメイン／CC0）,https://www.metmuseum.org/art/collection/search/729246,,433x624
03-museum-art/met_the-apocalyptic-riders-plate-3-from-_edbeb8ef.webp,メトロポリタン美術館,"The Apocalyptic Riders, plate 3 from ""The Apocalypse""",Hans Burgkmair,1523–24,CC0（メトロポリタン美術館 オープンアクセス）,不要（パブリックドメイン／CC0）,https://www.metmuseum.org/art/collection/search/430640,,489x625
03-museum-art/met_the-archangel-michael-defeating-sata_ddc21e7b.webp,メトロポリタン美術館,"The Archangel Michael Defeating Satan, in a Niche",Lucas Kilian,1588 or later,CC0（メトロポリタン美術館 オープンアクセス）,不要（パブリックドメイン／CC0）,https://www.metmuseum.org/art/collection/search/728470,,448x624
03-museum-art/met_the-archangel-michael-defeats-satan_6e538007.webp,メトロポリタン美術館,The Archangel Michael defeats Satan,Lorenzo Zucchi,1725–79,CC0（メトロポリタン美術館 オープンアクセス）,不要（パブリックドメイン／CC0）,https://www.metmuseum.org/art/collection/search/818478,,317x623
03-museum-art/met_the-beast-with-the-seven-heads-and-t_295a78e1.webp,メトロポリタン美術館,The Beast with the Seven Heads and the Beast with Lamb's Horns,Albrecht Dürer,1511,CC0（メトロポリタン美術館 オープンアクセス）,不要（パブリックドメイン／CC0）,https://www.metmuseum.org/art/collection/search/387583,,460x624
03-museum-art/met_the-centaur-nessus-abducting-deianir_f6710aa8.webp,メトロポリタン美術館,The Centaur Nessus Abducting Deianira,Nicolai Abraham Abildgaard,1763–1809,CC0（メトロポリタン美術館 オープンアクセス）,不要（パブリックドメイン／CC0）,https://www.metmuseum.org/art/collection/search/415532,,506x624
03-museum-art/met_the-chimera-la-chimere-de-monsieur-d_49faa623.webp,メトロポリタン美術館,The Chimera (La Chimère de Monsieur Desprez),Louis Jean Desprez,ca. 1777–84,CC0（メトロポリタン美術館 オープンアクセス）,不要（パブリックドメイン／CC0）,https://www.metmuseum.org/art/collection/search/336133,,600x472
03-museum-art/met_the-clothing-of-the-elect-plate-4-fr_2d7b13b0.webp,メトロポリタン美術館,"The Clothing of the Elect, plate 4 from ""The Apocalypse""",Hans Burgkmair,1523–24,CC0（メトロポリタン美術館 オープンアクセス）,不要（パブリックドメイン／CC0）,https://www.metmuseum.org/art/collection/search/430672,,507x624
03-museum-art/met_the-culte-du-demon-the-cult-of-the-d_1664d2b1.webp,メトロポリタン美術館,"The Culte du Démon (The Cult of the Demon), from ""Les Sacrifices"" (The Sacrifices)",Jacques Callot,ca. 1625,CC0（メトロポリタン美術館 オープンアクセス）,不要（パブリックドメイン／CC0）,https://www.metmuseum.org/art/collection/search/418399,,487x625
03-museum-art/met_the-devil-offering-poison-to-a-knigh_61eba465.webp,メトロポリタン美術館,"The Devil Offering Poison to a Knight, from Hymmelwagen auff dem, wer wol lebt...",Hans Schäufelein,1517,CC0（メトロポリタン美術館 オープンアクセス）,不要（パブリックドメイン／CC0）,https://www.metmuseum.org/art/collection/search/669850,,574x625
03-museum-art/met_the-dog-the-devil_23ab7fe7.webp,メトロポリタン美術館,The Dog & The Devil,Thomas Rowlandson,"November 21, 1807",CC0（メトロポリタン美術館 オープンアクセス）,不要（パブリックドメイン／CC0）,https://www.metmuseum.org/art/collection/search/811974,,479x625
03-museum-art/met_the-dog-the-devil_99811a69.webp,メトロポリタン美術館,The Dog & The Devil,Thomas Rowlandson,"November 21, 1807",CC0（メトロポリタン美術館 オープンアクセス）,不要（パブリックドメイン／CC0）,https://www.metmuseum.org/art/collection/search/742832,,494x625
03-museum-art/met_the-dragon-devouring-the-companions-_6fa4b2c6.webp,メトロポリタン美術館,The Dragon Devouring  the Companions of Cadmus,Hendrick Goltzius,1588,CC0（メトロポリタン美術館 オープンアクセス）,不要（パブリックドメイン／CC0）,https://www.metmuseum.org/art/collection/search/399874,,600x474
03-museum-art/met_the-dragon-devouring-the-companions-_ad9751b9.webp,メトロポリタン美術館,The Dragon Devouring the Companions of Cadmus,Hendrick Goltzius,1588,CC0（メトロポリタン美術館 オープンアクセス）,不要（パブリックドメイン／CC0）,https://www.metmuseum.org/art/collection/search/336569,,600x456
03-museum-art/met_the-drunken-man-on-a-chariot-on-his-_9cf2e9b1.webp,メトロポリタン美術館,"The Drunken Man on a Chariot on his Way to Hell, from Hymmelwagen auff dem, wer wol lebt...",Hans Schäufelein,1517,CC0（メトロポリタン美術館 オープンアクセス）,不要（パブリックドメイン／CC0）,https://www.metmuseum.org/art/collection/search/670543,,422x624
03-museum-art/met_the-drunken-silenus-holding-a-cup-al_85b8071e.webp,メトロポリタン美術館,The Drunken Silenus holding a cup aloft into which a Satyr pours wine,Jusepe de Ribera (called Lo Spagnoletto),1628,CC0（メトロポリタン美術館 オープンアクセス）,不要（パブリックドメイン／CC0）,https://www.metmuseum.org/art/collection/search/650859,,599x470
03-museum-art/met_the-fabulous-creature-buraq_27bfbb73.webp,メトロポリタン美術館,The Fabulous Creature Buraq,,ca. 1660–80,CC0（メトロポリタン美術館 オープンアクセス）,不要（パブリックドメイン／CC0）,https://www.metmuseum.org/art/collection/search/453334,,600x418
03-museum-art/met_the-fall-of-the-giants_ea0b7d1e.webp,メトロポリタン美術館,The Fall of the Giants,Salvator Rosa,ca. 1663,CC0（メトロポリタン美術館 オープンアクセス）,不要（パブリックドメイン／CC0）,https://www.metmuseum.org/art/collection/search/340644,,470x625
03-museum-art/met_the-feast-of-venus-with-groups-of-sa_2f0c795b.webp,メトロポリタン美術館,"The Feast of Venus, with groups of satyrs, nymphs, and putti dancing around a statue of Venus",Anton Joseph von Prenner,1732,CC0（メトロポリタン美術館 オープンアクセス）,不要（パブリックドメイン／CC0）,https://www.metmuseum.org/art/collection/search/771384,,599x438
03-museum-art/met_the-fifth-trombone-plate-8-from-the-_5f306d40.webp,メトロポリタン美術館,"The Fifth Trombone, plate 8 from ""The Apocalypse""",Hans Burgkmair,1523–24,CC0（メトロポリタン美術館 オープンアクセス）,不要（パブリックドメイン／CC0）,https://www.metmuseum.org/art/collection/search/430670,,500x625
03-museum-art/met_the-fire-rain-plate-5-from-the-apoca_b5b4cfb3.webp,メトロポリタン美術館,"The Fire-Rain, plate 5 from ""The Apocalypse""",Hans Burgkmair,1523–24,CC0（メトロポリタン美術館 オープンアクセス）,不要（パブリックドメイン／CC0）,https://www.metmuseum.org/art/collection/search/430674,,495x625
03-museum-art/met_the-first-four-trombones-plate-7-fro_17166bde.webp,メトロポリタン美術館,"The First Four Trombones, plate 7 from ""The Apocalypse""",Hans Burgkmair,1523–24,CC0（メトロポリタン美術館 オープンアクセス）,不要（パブリックドメイン／CC0）,https://www.metmuseum.org/art/collection/search/430642,,502x625
03-museum-art/met_the-flight-of-bonaparte-from-hell-ba_b5d64daf.webp,メトロポリタン美術館,The Flight of Bonaparte from Hell-Bay,Thomas Rowlandson,"April 7, 1803",CC0（メトロポリタン美術館 オープンアクセス）,不要（パブリックドメイン／CC0）,https://www.metmuseum.org/art/collection/search/742569,,452x625
03-museum-art/met_the-ghost-on-the-terrace_38b06294.webp,メトロポリタン美術館,The Ghost on the Terrace,Eugène Delacroix,1843,CC0（メトロポリタン美術館 オープンアクセス）,不要（パブリックドメイン／CC0）,https://www.metmuseum.org/art/collection/search/337329,,470x625
03-museum-art/met_the-goddess-of-discord-in-the-garden_97693b39.webp,メトロポリタン美術館,"The Goddess of Discord in the Garden of the Hesperides, from ""lllustrated London News""",Henry Linton,"January 31, 1857",CC0（メトロポリタン美術館 オープンアクセス）,不要（パブリックドメイン／CC0）,https://www.metmuseum.org/art/collection/search/700958,,600x430
03-museum-art/met_the-lord-on-the-throne-surrounded-by_86903790.webp,メトロポリタン美術館,"The Lord on the Throne Surrounded by Four Evangelists, plate 2 from ""The Apocalypse""",Hans Burgkmair,1523–24,CC0（メトロポリタン美術館 オープンアクセス）,不要（パブリックドメイン／CC0）,https://www.metmuseum.org/art/collection/search/430639,,487x625
03-museum-art/met_the-rape-of-ganymede-by-jupiter-in-t_221bead9.webp,メトロポリタン美術館,"The Rape of Ganymede by Jupiter in the guise of an eagle carrying him into the heavens, his dog barking below",Nicolas Beatrizet,1542,CC0（メトロポリタン美術館 オープンアクセス）,不要（パブリックドメイン／CC0）,https://www.metmuseum.org/art/collection/search/679192,,428x624
03-museum-art/met_the-rest-on-the-flight-to-egypt-with_bac0798a.webp,メトロポリタン美術館,"The Rest on the Flight to Egypt, with Dancing Angels",Lucas Cranach the Elder,,CC0（メトロポリタン美術館 オープンアクセス）,不要（パブリックドメイン／CC0）,https://www.metmuseum.org/art/collection/search/434218,,444x624
03-museum-art/met_the-rich-man-in-hell-and-the-poor-la_3c777034.webp,メトロポリタン美術館,"The Rich Man in Hell and the Poor Lazarus in Abraham's Lap, from Das Plenarium",Hans Schäufelein,1517,CC0（メトロポリタン美術館 オープンアクセス）,不要（パブリックドメイン／CC0）,https://www.metmuseum.org/art/collection/search/670721,,468x624
03-museum-art/met_the-rich-man-in-hell-seeing-lazarus-_0c92c1ad.webp,メトロポリタン美術館,"The Rich Man in Hell, Seeing Lazarus Embraced by Abraham, from ""The Parable of the Rich Man and Lazarus""",Heinrich Aldegrever,1554,CC0（メトロポリタン美術館 オープンアクセス）,不要（パブリックドメイン／CC0）,https://www.metmuseum.org/art/collection/search/428042,,599x446
03-museum-art/met_the-rich-man-transported-to-hell-fro_d6b3cd09.webp,メトロポリタン美術館,"The Rich Man Transported to Hell, from The Parable of the Rich Man and Lazarus, from ""The Parable of the Rich Man and Lazarus""",Heinrich Aldegrever,1554,CC0（メトロポリタン美術館 オープンアクセス）,不要（パブリックドメイン／CC0）,https://www.metmuseum.org/art/collection/search/428041,,600x444
03-museum-art/met_the-round-of-the-sabbath-or-witches-_f46319ab.webp,メトロポリタン美術館,The Round of the Sabbath or Witches' Sabbath,Louis Boulanger,1835,CC0（メトロポリタン美術館 オープンアクセス）,不要（パブリックドメイン／CC0）,https://www.metmuseum.org/art/collection/search/698437,,469x624
03-museum-art/met_the-servants-of-the-dragon-king-of-t_2056aafe.webp,メトロポリタン美術館,The Servants of the Dragon King of the Sea: Fish and Shells (Tatsu no miyatsuko gyokai fu) 龍の宮津子魚貝譜,Kuwagata Keisai 鍬形蕙斎,"1802, early autumn, (Kyōwa 2)",CC0（メトロポリタン美術館 オープンアクセス）,不要（パブリックドメイン／CC0）,https://www.metmuseum.org/art/collection/search/78679,,599x400
03-museum-art/met_the-sorcerer-atlante-abducting-pinab_21b3b050.webp,メトロポリタン美術館,"The Sorcerer Atlante Abducting Pinabello's Lady (Ariosto, Orlando Furioso, canto II, 38)",Nicolas Poussin,ca. 1635–38,CC0（メトロポリタン美術館 オープンアクセス）,不要（パブリックドメイン／CC0）,https://www.metmuseum.org/art/collection/search/339655,,367x625
03-museum-art/met_the-triumph-of-the-sea-gods_f52a69fd.webp,メトロポリタン美術館,The Triumph of the Sea-Gods,Albrecht Altdorfer,,CC0（メトロポリタン美術館 オープンアクセス）,不要（パブリックドメイン／CC0）,https://www.metmuseum.org/art/collection/search/430185,,600x352
03-museum-art/met_the-winged-archangel-saint-michael-h_58831ab7.webp,メトロポリタン美術館,"The winged archangel Saint Michael holding a sword and standing on the head of the devil, who descends into hell, an oval composition","Anonymous, 17th century",1600–40,CC0（メトロポリタン美術館 オープンアクセス）,不要（パブリックドメイン／CC0）,https://www.metmuseum.org/art/collection/search/397018,,454x624
03-museum-art/met_the-winged-archangel-saint-michael-h_81755b3c.webp,メトロポリタン美術館,"The winged archangel Saint Michael holding a sword and standing on the head of the devil, who descends into hell, an oval composition","Anonymous, 17th century",1600–40,CC0（メトロポリタン美術館 オープンアクセス）,不要（パブリックドメイン／CC0）,https://www.metmuseum.org/art/collection/search/396976,,450x625
03-museum-art/met_the-witches_7e21b1a5.webp,メトロポリタン美術館,The Witches,Hans Baldung (called Hans Baldung Grien),1510,CC0（メトロポリタン美術館 オープンアクセス）,不要（パブリックドメイン／CC0）,https://www.metmuseum.org/art/collection/search/416796,,444x624
03-museum-art/met_three-angels-carrying-gideon-s-fleec_a076d65d.webp,メトロポリタン美術館,"Three angels carrying Gideon's fleece;  from 'Recueil d'estampes d'après les plus beaux tableaux et d'après les plus beaux desseins qui sont en France, Cabinet Crozat' after a drawing by Orazi","Anne Claude Philippe de Tubières, comte de Caylus",ca. 1729–64,CC0（メトロポリタン美術館 オープンアクセス）,不要（パブリックドメイン／CC0）,https://www.metmuseum.org/art/collection/search/698246,,380x624
03-museum-art/met_titania-and-bottom-shakespeare-midsu_efdf3be7.webp,メトロポリタン美術館,"Titania and Bottom (Shakespeare, Midsummer Night's Dream, Act 3, Scene 1)",Charles Heath,1825–40,CC0（メトロポリタン美術館 オープンアクセス）,不要（パブリックドメイン／CC0）,https://www.metmuseum.org/art/collection/search/739717,,503x624
03-museum-art/met_tobias-and-the-angel_055b3e3c.webp,メトロポリタン美術館,Tobias and the Angel,Paolo De Matteis,1662–1728,CC0（メトロポリタン美術館 オープンアクセス）,不要（パブリックドメイン／CC0）,https://www.metmuseum.org/art/collection/search/340780,,521x624
03-museum-art/met_tobias-and-the-angel_1db2e802.webp,メトロポリタン美術館,Tobias and the Angel,"Anonymous, Spanish, 17th century",17th century,CC0（メトロポリタン美術館 オープンアクセス）,不要（パブリックドメイン／CC0）,https://www.metmuseum.org/art/collection/search/336417,,464x625
03-museum-art/met_tobias-and-the-archangel-raphael-fro_f084cd82.webp,メトロポリタン美術館,"Tobias and the Archangel Raphael, from The Story of Tobias",Georg Pencz,1543,CC0（メトロポリタン美術館 オープンアクセス）,不要（パブリックドメイン／CC0）,https://www.metmuseum.org/art/collection/search/432085,,600x390
03-museum-art/met_tornadozeus-battling-typhon-from-era_9c88d649.webp,メトロポリタン美術館,"Tornado–Zeus Battling Typhon, from Erasmus Darwin's ""The Botanic Garden""",William Blake,"August 1, 1795",CC0（メトロポリタン美術館 オープンアクセス）,不要（パブリックドメイン／CC0）,https://www.metmuseum.org/art/collection/search/383666,,463x625
03-museum-art/met_two-angels_29d11821.webp,メトロポリタン美術館,Two Angels,North Italian Painter (Verona?),ca. 1330,CC0（メトロポリタン美術館 オープンアクセス）,不要（パブリックドメイン／CC0）,https://www.metmuseum.org/art/collection/search/436745,,600x448
03-museum-art/met_two-angels_36c18339.webp,メトロポリタン美術館,Two Angels,Ercole Procaccini The Younger,17th century,CC0（メトロポリタン美術館 オープンアクセス）,不要（パブリックドメイン／CC0）,https://www.metmuseum.org/art/collection/search/340146,,599x553
03-museum-art/met_two-beasts-and-a-human-mask-within-a_42ec32c9.webp,メトロポリタン美術館,Two Beasts and a Human Mask within a Circle,Gaetano Piccini,1727,CC0（メトロポリタン美術館 オープンアクセス）,不要（パブリックドメイン／CC0）,https://www.metmuseum.org/art/collection/search/345836,,600x599
03-museum-art/met_two-elegantly-dressed-skeletons-walk_82a03de2.webp,メトロポリタン美術館,"Two elegantly dressed skeletons walking, from a broadside entitled, 'El Gran Panteon Amoroso,' published by Antonio Vanegas Arroyo.",José Guadalupe Posada,ca. 1894,CC0（メトロポリタン美術館 オープンアクセス）,不要（パブリックドメイン／CC0）,https://www.metmuseum.org/art/collection/search/735223,,505x624
03-museum-art/met_two-elegantly-dressed-skeletons-walk_e0224d67.webp,メトロポリタン美術館,"Two elegantly dressed skeletons walking, from a broadside entitled, 'El Gran Panteon Amoroso,' published by Antonio Vanegas Arroyo.",José Guadalupe Posada,ca. 1894,CC0（メトロポリタン美術館 オープンアクセス）,不要（パブリックドメイン／CC0）,https://www.metmuseum.org/art/collection/search/735225,,524x624
03-museum-art/met_two-grotesque-heads-facing-one-anoth_bdb90d46.webp,メトロポリタン美術館,Two Grotesque Heads Facing One Another and Touching Tongues Within a Circle,Gaetano Piccini,1727,CC0（メトロポリタン美術館 オープンアクセス）,不要（パブリックドメイン／CC0）,https://www.metmuseum.org/art/collection/search/345842,,600x601
03-museum-art/met_two-male-skeletons-in-suits-dancing-_24132ff3.webp,メトロポリタン美術館,Two male skeletons in suits dancing (vignette for the feast of the dead),José Guadalupe Posada,1894,CC0（メトロポリタン美術館 オープンアクセス）,不要（パブリックドメイン／CC0）,https://www.metmuseum.org/art/collection/search/717593,,600x480
03-museum-art/met_two-putti-presenting-cups-full-of-go_2a29338d.webp,メトロポリタン美術館,"Two putti presenting cups full of gold to a putto in the guise of the god of riches, from a series of tapestries made for Leo X",Master of the Die,ca. 1530–40,CC0（メトロポリタン美術館 オープンアクセス）,不要（パブリックドメイン／CC0）,https://www.metmuseum.org/art/collection/search/396190,,600x434
03-museum-art/met_two-satyrs-fighting-over-a-nymph_7899bf9c.webp,メトロポリタン美術館,Two Satyrs Fighting Over a Nymph,Albrecht Altdorfer,,CC0（メトロポリタン美術館 オープンアクセス）,不要（パブリックドメイン／CC0）,https://www.metmuseum.org/art/collection/search/430175,,461x625
03-museum-art/met_two-skeletons-smiling-and-dancing_3566e34e.webp,メトロポリタン美術館,Two skeletons smiling and dancing,José Guadalupe Posada,ca. 1880–1910 (a later impression),CC0（メトロポリタン美術館 オープンアクセス）,不要（パブリックドメイン／CC0）,https://www.metmuseum.org/art/collection/search/735939,,536x624
03-museum-art/met_two-studies-for-a-grotesque-head_7d518d39.webp,メトロポリタン美術館,Two Studies for a Grotesque Head,"Anonymous, Italian, 16th to 17th century",16th–17th century,CC0（メトロポリタン美術館 オープンアクセス）,不要（パブリックドメイン／CC0）,https://www.metmuseum.org/art/collection/search/388706,,448x625
03-museum-art/met_two-women-holding-a-banner-at-center_5e54a696.webp,メトロポリタン美術館,Two women holding a banner at center as a phoenix rises above; set design from 'Il Fuoco Eterno',Mathäus Küsel,1674,CC0（メトロポリタン美術館 オープンアクセス）,不要（パブリックドメイン／CC0）,https://www.metmuseum.org/art/collection/search/700619,,416x624
03-museum-art/met_winged-angel-holding-a-palm-in-his-r_8de3a2fc.webp,メトロポリタン美術館,Winged angel holding a palm in his right hand and with drapery behind him,Cherubino Alberti (Zaccaria Mattia),17th century,CC0（メトロポリタン美術館 オープンアクセス）,不要（パブリックドメイン／CC0）,https://www.metmuseum.org/art/collection/search/651746,,462x624
03-museum-art/met_winged-putto-holding-a-cardinal-s-ha_ed8b1c31.webp,メトロポリタン美術館,Winged putto holding a cardinal's hat over a dragon head,Cherubino Alberti (Zaccaria Mattia),17th century,CC0（メトロポリタン美術館 オープンアクセス）,不要（パブリックドメイン／CC0）,https://www.metmuseum.org/art/collection/search/651962,,438x624
03-museum-art/met_winged-putto-whipping-a-satyr_e7ac19ea.webp,メトロポリタン美術館,Winged putto whipping a satyr,"H. Cooke, Sr.",17th century,CC0（メトロポリタン美術館 オープンアクセス）,不要（パブリックドメイン／CC0）,https://www.metmuseum.org/art/collection/search/650864,,599x465
03-museum-art/met_wisteria-maiden-with-an-otsu-demon-d_8628bf1d.webp,メトロポリタン美術館,"Wisteria Maiden with an Ōtsu Demon Dressed as an Itinerant Monk, from the series Souvenir Paintings from Ōtsu, Stocked in Edo (Edo Shi-ire Ōtsu Miyage)",Kitagawa Utamaro,ca. 1802–3,CC0（メトロポリタン美術館 オープンアクセス）,不要（パブリックドメイン／CC0）,https://www.metmuseum.org/art/collection/search/45292,,419x624
03-museum-art/met_witch-s-sabbath-sabbat_aeda54d4.webp,メトロポリタン美術館,Witch's Sabbath (Sabbat),Auguste Rodin,ca. 1900–1905,CC0（メトロポリタン美術館 オープンアクセス）,不要（パブリックドメイン／CC0）,https://www.metmuseum.org/art/collection/search/339722,,480x625
03-museum-art/met_witches-in-a-hay-loft_42fb8964.webp,メトロポリタン美術館,Witches in a Hay Loft,Thomas Rowlandson,"April 29, 1807",CC0（メトロポリタン美術館 オープンアクセス）,不要（パブリックドメイン／CC0）,https://www.metmuseum.org/art/collection/search/811248,,599x429
03-museum-art/met_witches-preparing-for-sabbath_66b1ecd4.webp,メトロポリタン美術館,Witches Preparing for Sabbath,Andries Stock,ca. 1610,CC0（メトロポリタン美術館 オープンアクセス）,不要（パブリックドメイン／CC0）,https://www.metmuseum.org/art/collection/search/336411,,599x405
03-museum-art/met_witches-sabbath_55bd90c3.webp,メトロポリタン美術館,Witches' Sabbath,Jacques de Gheyn II,late 16th–early 17th century,CC0（メトロポリタン美術館 オープンアクセス）,不要（パブリックドメイン／CC0）,https://www.metmuseum.org/art/collection/search/335532,,599x389
03-museum-art/met_young-woman-riding-a-phoenix_0acec3da.webp,メトロポリタン美術館,Young Woman Riding a Phoenix,Suzuki Harunobu,1766,CC0（メトロポリタン美術館 オープンアクセス）,不要（パブリックドメイン／CC0）,https://www.metmuseum.org/art/collection/search/44943,,599x431
03-museum-art/met_zeus-as-an-eagle-abducting-ganymede_5fa90ff7.webp,メトロポリタン美術館,"Zeus as an eagle, abducting Ganymede",Giovanni Battista Palumba,1500–1510,CC0（メトロポリタン美術館 オープンアクセス）,不要（パブリックドメイン／CC0）,https://www.metmuseum.org/art/collection/search/648115,,440x624
03-museum-art/met_zeus-handing-the-golden-apple-to-her_aa9d305d.webp,メトロポリタン美術館,"Zeus handing the golden apple to Hermes, above the sleeping figure of Paris",Fabio Berardi,1748–88,CC0（メトロポリタン美術館 オープンアクセス）,不要（パブリックドメイン／CC0）,https://www.metmuseum.org/art/collection/search/818212,,401x624
03-museum-art/nga_a-group-of-angels-in-glory_c64e0b02.webp,ナショナル・ギャラリー・オブ・アート,A Group of Angels in Glory,"Italian 17th Century, after Guido Reni, after Luca Cambiaso",1607,CC0（ナショナル・ギャラリー・オブ・アート オープンアクセス）,不要（パブリックドメイン／CC0）,https://www.nga.gov/collection/art-object-page.158613.html,,651x843
03-museum-art/nga_a-monk-with-an-angel_0bf2be6e.webp,ナショナル・ギャラリー・オブ・アート,A Monk with an Angel,German 15th Century,1480/1490,CC0（ナショナル・ギャラリー・オブ・アート オープンアクセス）,不要（パブリックドメイン／CC0）,https://www.nga.gov/collection/art-object-page.3970.html,,499x843
03-museum-art/nga_a-star-falls-and-makes-hell-to-open_df24f03e.webp,ナショナル・ギャラリー・オブ・アート,A Star Falls and Makes Hell to Open,Jean Duvet,1546/1556,CC0（ナショナル・ギャラリー・オブ・アート オープンアクセス）,不要（パブリックドメイン／CC0）,https://www.nga.gov/collection/art-object-page.33800.html,,603x843
03-museum-art/nga_a-winged-skeleton-holding-an-anatomi_f0185522.webp,ナショナル・ギャラリー・オブ・アート,A Winged Skeleton Holding an Anatomical Drawing,Jacques Gamelin,1779,CC0（ナショナル・ギャラリー・オブ・アート オープンアクセス）,不要（パブリックドメイン／CC0）,https://www.nga.gov/collection/art-object-page.162365.html,,602x843
03-museum-art/nga_ancient-sacrifice-and-head-of-a-saty_d301fd6f.webp,ナショナル・ギャラリー・オブ・アート,Ancient Sacrifice and Head of a Satyr,Felice Giani,,CC0（ナショナル・ギャラリー・オブ・アート オープンアクセス）,不要（パブリックドメイン／CC0）,https://www.nga.gov/collection/art-object-page.151238.html,,843x641
03-museum-art/nga_angel-holding-a-palm-and-a-crown_f8938ab9.webp,ナショナル・ギャラリー・オブ・アート,Angel Holding a Palm and a Crown,Jean-Honoré Fragonard after Annibale Carracci,1763/1764,CC0（ナショナル・ギャラリー・オブ・アート オープンアクセス）,不要（パブリックドメイン／CC0）,https://www.nga.gov/collection/art-object-page.165527.html,,843x554
03-museum-art/nga_angel-of-the-resurrection_063a80bc.webp,ナショナル・ギャラリー・オブ・アート,Angel of the Resurrection,Benjamin West,1801,CC0（ナショナル・ギャラリー・オブ・アート オープンアクセス）,不要（パブリックドメイン／CC0）,https://www.nga.gov/collection/art-object-page.33893.html,,596x843
03-museum-art/nga_angels-in-glory_b3ba67a5.webp,ナショナル・ギャラリー・オブ・アート,Angels in Glory,"Guido Reni, after Luca Cambiaso",1607,CC0（ナショナル・ギャラリー・オブ・アート オープンアクセス）,不要（パブリックドメイン／CC0）,https://www.nga.gov/collection/art-object-page.158608.html,,579x843
03-museum-art/nga_apollo-and-daphne_098ade30.webp,ナショナル・ギャラリー・オブ・アート,Apollo and Daphne,Hans Süss von Kulmbach,published 1502,CC0（ナショナル・ギャラリー・オブ・アート オープンアクセス）,不要（パブリックドメイン／CC0）,https://www.nga.gov/collection/art-object-page.30326.html,,572x843
03-museum-art/nga_apollo-and-daphne_163aef3a.webp,ナショナル・ギャラリー・オブ・アート,Apollo and Daphne,Antoine Jacquard,,CC0（ナショナル・ギャラリー・オブ・アート オープンアクセス）,不要（パブリックドメイン／CC0）,https://www.nga.gov/collection/art-object-page.48261.html,,659x843
03-museum-art/nga_apollo_b94a3ed4.webp,ナショナル・ギャラリー・オブ・アート,Apollo,comte de Anne-Claude-Philippe de Tubières Caylus after Edme Bouchardon,,CC0（ナショナル・ギャラリー・オブ・アート オープンアクセス）,不要（パブリックドメイン／CC0）,https://www.nga.gov/collection/art-object-page.111729.html,,697x843
03-museum-art/nga_apres-cela-je-vis-descendre-du-ciel-_29be39ef.webp,ナショナル・ギャラリー・オブ・アート,"Apres cela je vis descendre du ciel un ange qui avait la clef de l'abime, et une grande chaine en sa main (And I saw an angel come down from heaven, having the key of the bottomless pit and a great chain in his hand)",Odilon Redon,1899,CC0（ナショナル・ギャラリー・オブ・アート オープンアクセス）,不要（パブリックドメイン／CC0）,https://www.nga.gov/collection/art-object-page.10173.html,,621x843
03-museum-art/nga_bacchanalian-scene-with-satyrs-and-a_4bdfbda6.webp,ナショナル・ギャラリー・オブ・アート,Bacchanalian Scene with Satyrs and a Maenad,Master of 1515,c. 1515,CC0（ナショナル・ギャラリー・オブ・アート オープンアクセス）,不要（パブリックドメイン／CC0）,https://www.nga.gov/collection/art-object-page.50672.html,,843x701
03-museum-art/nga_battle-between-a-centaur-and-a-trito_b0828df5.webp,ナショナル・ギャラリー・オブ・アート,Battle between a Centaur and a Triton,Circle of Jusepe de Ribera,c. 1620-1640,CC0（ナショナル・ギャラリー・オブ・アート オープンアクセス）,不要（パブリックドメイン／CC0）,https://www.nga.gov/collection/art-object-page.110858.html,,843x591
03-museum-art/nga_behemoth-and-leviathan_57e499d2.webp,ナショナル・ギャラリー・オブ・アート,Behemoth and Leviathan,William Blake,1825,CC0（ナショナル・ギャラリー・オブ・アート オープンアクセス）,不要（パブリックドメイン／CC0）,https://www.nga.gov/collection/art-object-page.819.html,,660x843
03-museum-art/nga_behemoth-and-leviathan_cd825c72.webp,ナショナル・ギャラリー・オブ・アート,Behemoth and Leviathan,William Blake,1825,CC0（ナショナル・ギャラリー・オブ・アート オープンアクセス）,不要（パブリックドメイン／CC0）,https://www.nga.gov/collection/art-object-page.4975.html,,658x843
03-museum-art/nga_castle-on-a-hill-set-for-sleeping-be_aa15550c.webp,ナショナル・ギャラリー・オブ・アート,"Castle On A Hill (Set for ""Sleeping Beauty and the Beast""?)",Robert Caney,1900?,CC0（ナショナル・ギャラリー・オブ・アート オープンアクセス）,不要（パブリックドメイン／CC0）,https://www.nga.gov/collection/art-object-page.143775.html,,843x577
03-museum-art/nga_cauchemar-nightmare_251f9342.webp,ナショナル・ギャラリー・オブ・アート,Cauchemar (Nightmare),Valère Bernard,1895,CC0（ナショナル・ギャラリー・オブ・アート オープンアクセス）,不要（パブリックドメイン／CC0）,https://www.nga.gov/collection/art-object-page.167876.html,,676x843
03-museum-art/nga_centaur-visant-les-nues-centaur-aimi_5d480194.webp,ナショナル・ギャラリー・オブ・アート,Centaur visant les Nues (Centaur aiming at the Clouds),Odilon Redon,1895,CC0（ナショナル・ギャラリー・オブ・アート オープンアクセス）,不要（パブリックドメイン／CC0）,https://www.nga.gov/collection/art-object-page.42670.html,,663x843
03-museum-art/nga_centaur-weather-vane_1d04ff85.webp,ナショナル・ギャラリー・オブ・アート,Centaur Weather Vane,James McLellan,c. 1938,CC0（ナショナル・ギャラリー・オブ・アート オープンアクセス）,不要（パブリックドメイン／CC0）,https://www.nga.gov/collection/art-object-page.28551.html,,843x624
03-museum-art/nga_centaur-with-a-vase_0679862f.webp,ナショナル・ギャラリー・オブ・アート,Centaur with a Vase,Albrecht Altdorfer,c. 1515/1525,CC0（ナショナル・ギャラリー・オブ・アート オープンアクセス）,不要（パブリックドメイン／CC0）,https://www.nga.gov/collection/art-object-page.3627.html,,692x843
03-museum-art/nga_cherub_fff63793.webp,ナショナル・ギャラリー・オブ・アート,Cherub,American 20th Century,1935/1942,CC0（ナショナル・ギャラリー・オブ・アート オープンアクセス）,不要（パブリックドメイン／CC0）,https://www.nga.gov/collection/art-object-page.29309.html,,843x811
03-museum-art/nga_custodi-nos-dormientes-the-guardian-_a7ce0e13.webp,ナショナル・ギャラリー・オブ・アート,Custodi Nos Dormientes (The Guardian Angel),Jacopo de' Barbari,c. 1509,CC0（ナショナル・ギャラリー・オブ・アート オープンアクセス）,不要（パブリックドメイン／CC0）,https://www.nga.gov/collection/art-object-page.4160.html,,596x843
03-museum-art/nga_dance-of-centaurs_5d811fc5.webp,ナショナル・ギャラリー・オブ・アート,Dance of Centaurs,George Overbury (Pop) Hart,1926,CC0（ナショナル・ギャラリー・オブ・アート オープンアクセス）,不要（パブリックドメイン／CC0）,https://www.nga.gov/collection/art-object-page.148910.html,,606x843
03-museum-art/nga_dante-and-virgil-in-hell_b7922c84.webp,ナショナル・ギャラリー・オブ・アート,Dante and Virgil in Hell,"Aegidius Sadeler II, after Jacopo Ligozzi",1588-1629,CC0（ナショナル・ギャラリー・オブ・アート オープンアクセス）,不要（パブリックドメイン／CC0）,https://www.nga.gov/collection/art-object-page.221119.html,,843x694
03-museum-art/nga_duendecitos-hobgoblins_c7d1d826.webp,ナショナル・ギャラリー・オブ・アート,Duendecitos (Hobgoblins),Francisco Goya,published 1799,CC0（ナショナル・ギャラリー・オブ・アート オープンアクセス）,不要（パブリックドメイン／CC0）,https://www.nga.gov/collection/art-object-page.7520.html,,603x843
03-museum-art/nga_el-sueno-de-la-razon-produce-monstru_fc188a5b.webp,ナショナル・ギャラリー・オブ・アート,El sueño de la razon produce monstruos (The Sleep of Reason Produces Monsters),Francisco Goya,published 1799,CC0（ナショナル・ギャラリー・オブ・アート オープンアクセス）,不要（パブリックドメイン／CC0）,https://www.nga.gov/collection/art-object-page.7502.html,,597x843
03-museum-art/nga_enrag-d-monster_9f11db38.webp,ナショナル・ギャラリー・オブ・アート,Enrag'd Monster,John Hamilton Mortimer,1778,CC0（ナショナル・ギャラリー・オブ・アート オープンアクセス）,不要（パブリックドメイン／CC0）,https://www.nga.gov/collection/art-object-page.209720.html,,588x843
03-museum-art/nga_flying-monster_8a0a60c1.webp,ナショナル・ギャラリー・オブ・アート,Flying Monster,Robert Caney,,CC0（ナショナル・ギャラリー・オブ・アート オープンアクセス）,不要（パブリックドメイン／CC0）,https://www.nga.gov/collection/art-object-page.143767.html,,843x588
03-museum-art/nga_four-angels-holding-back-the-winds_accb462a.webp,ナショナル・ギャラリー・オブ・アート,Four Angels Holding Back the Winds,Jean Duvet,1546/1556,CC0（ナショナル・ギャラリー・オブ・アート オープンアクセス）,不要（パブリックドメイン／CC0）,https://www.nga.gov/collection/art-object-page.732.html,,601x843
03-museum-art/nga_ghost-of-judy_3623d4bc.webp,ナショナル・ギャラリー・オブ・アート,Ghost of Judy,Edward Strzalkowski,c. 1937,CC0（ナショナル・ギャラリー・オブ・アート オープンアクセス）,不要（パブリックドメイン／CC0）,https://www.nga.gov/collection/art-object-page.28965.html,,605x843
03-museum-art/nga_gloire-et-louange-a-toi-satan-dans-l_d34b370c.webp,ナショナル・ギャラリー・オブ・アート,"Gloire et louange a toi, satan, dans les hauteurs du ciel ou tu regnas, et dans les profondeurs de l'enfer, ou vaincu, tu reves en silence! (Glory and praise to you, Satan, in the heights of heaven, where you reigned, and in thedepths of hell, where, vanquished, you dream in s ilence!)",Odilon Redon,1890,CC0（ナショナル・ギャラリー・オブ・アート オープンアクセス）,不要（パブリックドメイン／CC0）,https://www.nga.gov/collection/art-object-page.30288.html,,804x843
03-museum-art/nga_god-appearing-to-noah_427c2d3c.webp,ナショナル・ギャラリー・オブ・アート,God Appearing to Noah,"School of Marcantonio Raimondi, after Marcantonio Raimondi, after Raphael",c. 1515/1520,CC0（ナショナル・ギャラリー・オブ・アート オープンアクセス）,不要（パブリックドメイン／CC0）,https://www.nga.gov/collection/art-object-page.225641.html,,692x843
03-museum-art/nga_goddesses-on-the-river_3a2da5a4.webp,ナショナル・ギャラリー・オブ・アート,Goddesses on the River,Balthasar Moncornet after Remigio Cantagallina,,CC0（ナショナル・ギャラリー・オブ・アート オープンアクセス）,不要（パブリックドメイン／CC0）,https://www.nga.gov/collection/art-object-page.126548.html,,843x555
03-museum-art/nga_guardian-angel_c176d5c9.webp,ナショナル・ギャラリー・オブ・アート,Guardian Angel,Girolamo Imperiale I,1622,CC0（ナショナル・ギャラリー・オブ・アート オープンアクセス）,不要（パブリックドメイン／CC0）,https://www.nga.gov/collection/art-object-page.67353.html,,646x843
03-museum-art/nga_hagar-and-the-angel-agar-et-l-ange_c1bc5ecf.webp,ナショナル・ギャラリー・オブ・アート,Hagar and the Angel (Agar et l'ange),Jean-Baptiste-Camille Corot,1871,CC0（ナショナル・ギャラリー・オブ・アート オープンアクセス）,不要（パブリックドメイン／CC0）,https://www.nga.gov/collection/art-object-page.50806.html,,626x843
03-museum-art/nga_hamlet-wishes-to-follow-the-ghost-of_dcb0a22c.webp,ナショナル・ギャラリー・オブ・アート,"Hamlet Wishes to Follow the Ghost of his Father (Act I, Scene IV)",Eugène Delacroix,1835,CC0（ナショナル・ギャラリー・オブ・アート オープンアクセス）,不要（パブリックドメイン／CC0）,https://www.nga.gov/collection/art-object-page.58056.html,,630x843
03-museum-art/nga_hercules-and-the-hydra_0ca0fd0c.webp,ナショナル・ギャラリー・オブ・アート,Hercules and the Hydra,Battista Angolo del Moro,1552,CC0（ナショナル・ギャラリー・オブ・アート オープンアクセス）,不要（パブリックドメイン／CC0）,https://www.nga.gov/collection/art-object-page.79163.html,,843x668
03-museum-art/nga_hippolytus-and-the-sea-monster_e570d8b8.webp,ナショナル・ギャラリー・オブ・アート,Hippolytus and the Sea Monster,Jean Lepautre,published 1676,CC0（ナショナル・ギャラリー・オブ・アート オープンアクセス）,不要（パブリックドメイン／CC0）,https://www.nga.gov/collection/art-object-page.70439.html,,843x690
03-museum-art/nga_idinone-ea-mopso-argonoti-guidati-da_c58fb99e.webp,ナショナル・ギャラリー・オブ・アート,Idinone ea Mopso Argonoti guidati da Apollo,Balthasar Moncornet after Remigio Cantagallina,,CC0（ナショナル・ギャラリー・オブ・アート オープンアクセス）,不要（パブリックドメイン／CC0）,https://www.nga.gov/collection/art-object-page.126543.html,,843x562
03-museum-art/nga_iron-dragon_a01b553c.webp,ナショナル・ギャラリー・オブ・アート,Iron Dragon,Pearl Torell,c. 1939,CC0（ナショナル・ギャラリー・オブ・アート オープンアクセス）,不要（パブリックドメイン／CC0）,https://www.nga.gov/collection/art-object-page.23773.html,,843x574
03-museum-art/nga_jason-and-the-dragon_ba2c76d3.webp,ナショナル・ギャラリー・オブ・アート,Jason and the Dragon,Salvator Rosa,c. 1663/1664,CC0（ナショナル・ギャラリー・オブ・アート オープンアクセス）,不要（パブリックドメイン／CC0）,https://www.nga.gov/collection/art-object-page.66242.html,,543x843
03-museum-art/nga_jealous-monster_f70811e6.webp,ナショナル・ギャラリー・オブ・アート,Jealous Monster,John Hamilton Mortimer,1778,CC0（ナショナル・ギャラリー・オブ・アート オープンアクセス）,不要（パブリックドメイン／CC0）,https://www.nga.gov/collection/art-object-page.209695.html,,556x843
03-museum-art/nga_job-tormented-by-demons-and-abused-b_593598b3.webp,ナショナル・ギャラリー・オブ・アート,Job Tormented by Demons and Abused by His Wife,Lucas Emil Vorsterman after Sir Peter Paul Rubens,,CC0（ナショナル・ギャラリー・オブ・アート オープンアクセス）,不要（パブリックドメイン／CC0）,https://www.nga.gov/collection/art-object-page.111467.html,,570x843
03-museum-art/nga_joseph-awakened-by-the-angel_0b62cf79.webp,ナショナル・ギャラリー・オブ・アート,Joseph Awakened by the Angel,Giovanni Benedetto Castiglione,1635/1640,CC0（ナショナル・ギャラリー・オブ・アート オープンアクセス）,不要（パブリックドメイン／CC0）,https://www.nga.gov/collection/art-object-page.62627.html,,843x615
03-museum-art/nga_jupiter-and-mercury-in-the-house-of-_2a869171.webp,ナショナル・ギャラリー・オブ・アート,Jupiter and Mercury in the House of Philemon and Baucis,Hendrik Goudt after Adam Elsheimer,1612,CC0（ナショナル・ギャラリー・オブ・アート オープンアクセス）,不要（パブリックドメイン／CC0）,https://www.nga.gov/collection/art-object-page.740.html,,843x794
03-museum-art/nga_jupiter-neptune-and-pluto_92deb7a8.webp,ナショナル・ギャラリー・オブ・アート,"Jupiter, Neptune and Pluto",Simone Cantarini,,CC0（ナショナル・ギャラリー・オブ・アート オープンアクセス）,不要（パブリックドメイン／CC0）,https://www.nga.gov/collection/art-object-page.52545.html,,843x634
03-museum-art/nga_jupiter_5eef6ddc.webp,ナショナル・ギャラリー・オブ・アート,Jupiter,Sebald Beham,1539,CC0（ナショナル・ギャラリー・オブ・アート オープンアクセス）,不要（パブリックドメイン／CC0）,https://www.nga.gov/collection/art-object-page.4280.html,,576x843
03-museum-art/nga_jupiter_6ca6a89a.webp,ナショナル・ギャラリー・オブ・アート,Jupiter,Abraham de Bruyn,1569,CC0（ナショナル・ギャラリー・オブ・アート オープンアクセス）,不要（パブリックドメイン／CC0）,https://www.nga.gov/collection/art-object-page.11858.html,,666x843
03-museum-art/nga_jupiter_f1bbd4d5.webp,ナショナル・ギャラリー・オブ・アート,Jupiter,"Theodor de Bry, after Sebald Beham",c. 1570/1598,CC0（ナショナル・ギャラリー・オブ・アート オープンアクセス）,不要（パブリックドメイン／CC0）,https://www.nga.gov/collection/art-object-page.4354.html,,571x843
03-museum-art/nga_knight-death-and-devil_65bee0ce.webp,ナショナル・ギャラリー・オブ・アート,"Knight, Death and Devil",Albrecht Dürer,1513,CC0（ナショナル・ギャラリー・オブ・アート オープンアクセス）,不要（パブリックドメイン／CC0）,https://www.nga.gov/collection/art-object-page.6637.html,,651x843
03-museum-art/nga_la-lutte-de-jacob-jacob-wrestling-wi_fc8c58be.webp,ナショナル・ギャラリー・オブ・アート,La Lutte de Jacob (Jacob Wrestling with the Angel),Léon Bonnat,1876,CC0（ナショナル・ギャラリー・オブ・アート オープンアクセス）,不要（パブリックドメイン／CC0）,https://www.nga.gov/collection/art-object-page.86066.html,,580x843
03-museum-art/nga_la-sirene-sortit-des-flots-vetue-de-_eddaa250.webp,ナショナル・ギャラリー・オブ・アート,"La sirene sortit des flots vetue de dards (The Siren clothed in barbs, emerged from the waves",Odilon Redon,1883,CC0（ナショナル・ギャラリー・オブ・アート オープンアクセス）,不要（パブリックドメイン／CC0）,https://www.nga.gov/collection/art-object-page.40259.html,,647x843
03-museum-art/nga_le-polype-difforme-flottait-sur-les-_89a2953a.webp,ナショナル・ギャラリー・オブ・アート,"Le Polype difforme flottait sur les rivages, sorte de cyclope souriant et hideux (The deformed polyp floated on the shores, a sort of smiling and hideous Cyclops)",Odilon Redon,1883,CC0（ナショナル・ギャラリー・オブ・アート オープンアクセス）,不要（パブリックドメイン／CC0）,https://www.nga.gov/collection/art-object-page.40258.html,,765x843
03-museum-art/nga_le-sphynx-mon-regard-que-rien-ne-peu_20b10de2.webp,ナショナル・ギャラリー・オブ・アート,"Le Sphynx...mon regard que rien ne peut devier, demeure tendu a travers les choses sur un horizon inaccessible. La Chimere: Moi,Je suis legere et joyeuse (The Sphinx: ""My gaze, which nothing can deflect, passes through the things and remains fixed on an inaccessible horizon."" The Chimera: ""I am weightless and joyful"")",Odilon Redon,1889,CC0（ナショナル・ギャラリー・オブ・アート オープンアクセス）,不要（パブリックドメイン／CC0）,https://www.nga.gov/collection/art-object-page.10179.html,,531x843
03-museum-art/nga_mahna-no-varua-ino-the-demon-speaks-_24ac9164.webp,ナショナル・ギャラリー・オブ・アート,Mahna no Varua Ino (The Demon Speaks) [verso],Paul Gauguin,1893-1894,CC0（ナショナル・ギャラリー・オブ・アート オープンアクセス）,不要（パブリックドメイン／CC0）,https://www.nga.gov/collection/art-object-page.42803.html,,508x843
03-museum-art/nga_mahna-no-varua-ino-the-devil-speaks_a0ef992d.webp,ナショナル・ギャラリー・オブ・アート,Mahna no Varua Ino (The Devil Speaks),Paul Gauguin,"1894, printed 1921",CC0（ナショナル・ギャラリー・オブ・アート オープンアクセス）,不要（パブリックドメイン／CC0）,https://www.nga.gov/collection/art-object-page.30262.html,,843x525
03-museum-art/nga_minerva_3c0b4621.webp,ナショナル・ギャラリー・オブ・アート,Minerva,Hendrick Goltzius,1596,CC0（ナショナル・ギャラリー・オブ・アート オープンアクセス）,不要（パブリックドメイン／CC0）,https://www.nga.gov/collection/art-object-page.131894.html,,625x843
03-museum-art/nga_minerva_df5535e2.webp,ナショナル・ギャラリー・オブ・アート,Minerva,Netherlandish 16th Century (formerly attributed to Abraham de Bruyn),,CC0（ナショナル・ギャラリー・オブ・アート オープンアクセス）,不要（パブリックドメイン／CC0）,https://www.nga.gov/collection/art-object-page.37531.html,,584x843
03-museum-art/nga_neptune-and-the-pillars-of-hercules_e8ee419a.webp,ナショナル・ギャラリー・オブ・アート,Neptune and the Pillars of Hercules,Willem Basse,1634,CC0（ナショナル・ギャラリー・オブ・アート オープンアクセス）,不要（パブリックドメイン／CC0）,https://www.nga.gov/collection/art-object-page.90939.html,,843x574
03-museum-art/nga_neptune-s-kingdom_7fd79b0c.webp,ナショナル・ギャラリー・オブ・アート,Neptune's Kingdom,Jacques de Gheyn II after Willem Danielsz van Tetrode,1587,CC0（ナショナル・ギャラリー・オブ・アート オープンアクセス）,不要（パブリックドメイン／CC0）,https://www.nga.gov/collection/art-object-page.30352.html,,842x843
03-museum-art/nga_neptune-with-two-horses-on-the-sea_d651a293.webp,ナショナル・ギャラリー・オブ・アート,Neptune with Two Horses on the Sea,Cornelis Schut I,,CC0（ナショナル・ギャラリー・オブ・アート オープンアクセス）,不要（パブリックドメイン／CC0）,https://www.nga.gov/collection/art-object-page.53258.html,,843x664
03-museum-art/nga_oedipe-chez-le-sphinx_411c9e05.webp,ナショナル・ギャラリー・オブ・アート,Oedipe chez le Sphinx,Honoré Daumier,1842,CC0（ナショナル・ギャラリー・オブ・アート オープンアクセス）,不要（パブリックドメイン／CC0）,https://www.nga.gov/collection/art-object-page.78879.html,,738x843
03-museum-art/nga_pa-german-chalkware-angel-figure_b79ed447.webp,ナショナル・ギャラリー・オブ・アート,Pa. German Chalkware Angel Figure,Mina Lowry,c. 1936,CC0（ナショナル・ギャラリー・オブ・アート オープンアクセス）,不要（パブリックドメイン／CC0）,https://www.nga.gov/collection/art-object-page.15755.html,,655x843
03-museum-art/nga_saint-george-and-the-dragon_00d7e740.webp,ナショナル・ギャラリー・オブ・アート,Saint George and the Dragon,Rogier van der Weyden,c. 1432/1435,CC0（ナショナル・ギャラリー・オブ・アート オープンアクセス）,不要（パブリックドメイン／CC0）,https://www.nga.gov/collection/art-object-page.50662.html,,604x843
03-museum-art/nga_saint-george-and-the-dragon_10dacb6c.webp,ナショナル・ギャラリー・オブ・アート,Saint George and the Dragon,Raphael,c. 1506,CC0（ナショナル・ギャラリー・オブ・アート オープンアクセス）,不要（パブリックドメイン／CC0）,https://www.nga.gov/collection/art-object-page.28.html,,644x843
03-museum-art/nga_saint-george-and-the-dragon_1f746166.webp,ナショナル・ギャラリー・オブ・アート,Saint George and the Dragon,Giuseppe Scolari,1592/1607,CC0（ナショナル・ギャラリー・オブ・アート オープンアクセス）,不要（パブリックドメイン／CC0）,https://www.nga.gov/collection/art-object-page.53971.html,,587x843
03-museum-art/nga_saint-george-and-the-dragon_4e1b2906.webp,ナショナル・ギャラリー・オブ・アート,Saint George and the Dragon,Sodoma,probably 1518,CC0（ナショナル・ギャラリー・オブ・アート オープンアクセス）,不要（パブリックドメイン／CC0）,https://www.nga.gov/collection/art-object-page.41691.html,,580x843
03-museum-art/nga_saint-george-and-the-dragon_61127124.webp,ナショナル・ギャラリー・オブ・アート,Saint George and the Dragon,Attributed to Hugo van der Goes,,CC0（ナショナル・ギャラリー・オブ・アート オープンアクセス）,不要（パブリックドメイン／CC0）,https://www.nga.gov/collection/art-object-page.39733.html,,677x843
03-museum-art/nga_saint-george-and-the-dragon_875b1747.webp,ナショナル・ギャラリー・オブ・アート,Saint George and the Dragon,Martin Schongauer,c. 1470/1475,CC0（ナショナル・ギャラリー・オブ・アート オープンアクセス）,不要（パブリックドメイン／CC0）,https://www.nga.gov/collection/art-object-page.3272.html,,843x843
03-museum-art/nga_saint-george-and-the-dragon_9a716cd3.webp,ナショナル・ギャラリー・オブ・アート,Saint George and the Dragon,Moritz von Schwind,1825/1830,CC0（ナショナル・ギャラリー・オブ・アート オープンアクセス）,不要（パブリックドメイン／CC0）,https://www.nga.gov/collection/art-object-page.103608.html,,685x843
03-museum-art/nga_saint-george-and-the-dragon_9de61fba.webp,ナショナル・ギャラリー・オブ・アート,Saint George and the Dragon,"Lucas Emil Vorsterman, after Raphael",1627,CC0（ナショナル・ギャラリー・オブ・アート オープンアクセス）,不要（パブリックドメイン／CC0）,https://www.nga.gov/collection/art-object-page.224145.html,,617x843
03-museum-art/nga_saint-george-and-the-dragon_e732b220.webp,ナショナル・ギャラリー・オブ・アート,Saint George and the Dragon,Master MZ,c. 1500,CC0（ナショナル・ギャラリー・オブ・アート オープンアクセス）,不要（パブリックドメイン／CC0）,https://www.nga.gov/collection/art-object-page.3390.html,,705x843
03-museum-art/nga_saint-george-and-the-dragon_fc31fc86.webp,ナショナル・ギャラリー・オブ・アート,Saint George and the Dragon,Israhel van Meckenem,c. 1465/1470,CC0（ナショナル・ギャラリー・オブ・アート オープンアクセス）,不要（パブリックドメイン／CC0）,https://www.nga.gov/collection/art-object-page.72882.html,,843x832
03-museum-art/nga_saint-george-on-horseback-slaying-th_fb3d062e.webp,ナショナル・ギャラリー・オブ・アート,Saint George on Horseback Slaying the Dragon,Daniel Hopfer,c. 1520,CC0（ナショナル・ギャラリー・オブ・アート オープンアクセス）,不要（パブリックドメイン／CC0）,https://www.nga.gov/collection/art-object-page.30611.html,,581x843
03-museum-art/nga_saint-george-slaying-the-dragon_c10dd022.webp,ナショナル・ギャラリー・オブ・アート,Saint George Slaying the Dragon,Albrecht Altdorfer,1511,CC0（ナショナル・ギャラリー・オブ・アート オープンアクセス）,不要（パブリックドメイン／CC0）,https://www.nga.gov/collection/art-object-page.55842.html,,651x843
03-museum-art/nga_saint-michael-and-the-dragon_3ab18662.webp,ナショナル・ギャラリー・オブ・アート,Saint Michael and the Dragon,Jean Duvet,1546/1556,CC0（ナショナル・ギャラリー・オブ・アート オープンアクセス）,不要（パブリックドメイン／CC0）,https://www.nga.gov/collection/art-object-page.33615.html,,603x843
03-museum-art/nga_saint-michael-and-the-rebel-angels_bc16923e.webp,ナショナル・ギャラリー・オブ・アート,Saint Michael and the Rebel Angels,Gregorio De Ferrari,c. 1682,CC0（ナショナル・ギャラリー・オブ・アート オープンアクセス）,不要（パブリックドメイン／CC0）,https://www.nga.gov/collection/art-object-page.217396.html,,532x843
03-museum-art/nga_saint-michael-defeating-the-devils_46ee37d4.webp,ナショナル・ギャラリー・オブ・アート,Saint Michael Defeating the Devils,Master E.S.,1467,CC0（ナショナル・ギャラリー・オブ・アート オープンアクセス）,不要（パブリックドメイン／CC0）,https://www.nga.gov/collection/art-object-page.99133.html,,632x843
03-museum-art/nga_saint-michael-fighting-the-dragon_c3423ec5.webp,ナショナル・ギャラリー・オブ・アート,Saint Michael Fighting the Dragon,Albrecht Dürer,probably c. 1496/1498 (published 1511),CC0（ナショナル・ギャラリー・オブ・アート オープンアクセス）,不要（パブリックドメイン／CC0）,https://www.nga.gov/collection/art-object-page.58148.html,,602x843
03-museum-art/nga_saint-michael-slaying-the-dragon_c444226a.webp,ナショナル・ギャラリー・オブ・アート,Saint Michael Slaying the Dragon,Martin Schongauer,c. 1480/1490,CC0（ナショナル・ギャラリー・オブ・アート オープンアクセス）,不要（パブリックドメイン／CC0）,https://www.nga.gov/collection/art-object-page.634.html,,594x843
03-museum-art/nga_san-miguel-the-archangel-and-satan_d68fd74d.webp,ナショナル・ギャラリー・オブ・アート,San Miguel - The Archangel and Satan,E. Boyd,1935/1942,CC0（ナショナル・ギャラリー・オブ・アート オープンアクセス）,不要（パブリックドメイン／CC0）,https://www.nga.gov/collection/art-object-page.19180.html,,642x843
03-museum-art/nga_sans-cesse-a-mes-cotes-s-agite-le-de_122fc4a9.webp,ナショナル・ギャラリー・オブ・アート,Sans cesse a mes cotes s'agite le demon (Ceaselessly by my side the demon stirs),Odilon Redon,1890,CC0（ナショナル・ギャラリー・オブ・アート オープンアクセス）,不要（パブリックドメイン／CC0）,https://www.nga.gov/collection/art-object-page.30287.html,,668x843
03-museum-art/nga_satan-rides-and-drives-the-world_ddbb880b.webp,ナショナル・ギャラリー・オブ・アート,Satan Rides and Drives the World,Francesco Paolo Michetti,1882,CC0（ナショナル・ギャラリー・オブ・アート オープンアクセス）,不要（パブリックドメイン／CC0）,https://www.nga.gov/collection/art-object-page.164382.html,,843x556
03-museum-art/nga_satan-sowing-tare-satan-semant-l-ivr_a9cb8df2.webp,ナショナル・ギャラリー・オブ・アート,Satan Sowing Tare (Satan semant l'ivraie),Félicien Rops,,CC0（ナショナル・ギャラリー・オブ・アート オープンアクセス）,不要（パブリックドメイン／CC0）,https://www.nga.gov/collection/art-object-page.40199.html,,633x843
03-museum-art/nga_satyr-s-family_7670645a.webp,ナショナル・ギャラリー・オブ・アート,Satyr's Family,Master of 1515,c. 1510/1515,CC0（ナショナル・ギャラリー・オブ・アート オープンアクセス）,不要（パブリックドメイン／CC0）,https://www.nga.gov/collection/art-object-page.37146.html,,502x843
03-museum-art/nga_sea-god-on-a-dolphin-riding-to-the-l_6ac6819a.webp,ナショナル・ギャラリー・オブ・アート,Sea-God on a Dolphin Riding to the Left,Jacob Binck after Barthel Beham,after 1525,CC0（ナショナル・ギャラリー・オブ・アート オープンアクセス）,不要（パブリックドメイン／CC0）,https://www.nga.gov/collection/art-object-page.4092.html,,529x843
03-museum-art/nga_shield-with-lion-held-by-angel_bacb89d4.webp,ナショナル・ギャラリー・オブ・アート,"Shield with Lion, Held by Angel",Martin Schongauer,c. 1480/1490,CC0（ナショナル・ギャラリー・オブ・アート オープンアクセス）,不要（パブリックドメイン／CC0）,https://www.nga.gov/collection/art-object-page.3292.html,,840x843
03-museum-art/nga_shield-with-unicorn-held-by-woman_96d5a879.webp,ナショナル・ギャラリー・オブ・アート,"Shield with Unicorn, Held by Woman",Martin Schongauer,c. 1480/1490,CC0（ナショナル・ギャラリー・オブ・アート オープンアクセス）,不要（パブリックドメイン／CC0）,https://www.nga.gov/collection/art-object-page.3293.html,,843x842
03-museum-art/nga_sieglinde-and-siegmund-from-act-i-of_45cc83cf.webp,ナショナル・ギャラリー・オブ・アート,"Sieglinde and Siegmund from Act I of ""The Valkyrie""",Henri Fantin-Latour,,CC0（ナショナル・ギャラリー・オブ・アート オープンアクセス）,不要（パブリックドメイン／CC0）,https://www.nga.gov/collection/art-object-page.50235.html,,573x843
03-museum-art/nga_silenus-accompanied-by-a-satyr-and-a_2edb7d06.webp,ナショナル・ギャラリー・オブ・アート,Silenus Accompanied by a Satyr and a Faun,Christoffel Jegher after Sir Peter Paul Rubens,1635,CC0（ナショナル・ギャラリー・オブ・アート オープンアクセス）,不要（パブリックドメイン／CC0）,https://www.nga.gov/collection/art-object-page.118890.html,,642x843
03-museum-art/nga_sin-death-and-the-devil-vide-milton_3608897d.webp,ナショナル・ギャラリー・オブ・アート,"Sin, Death, and the Devil, vide Milton",James Gillray,1792,CC0（ナショナル・ギャラリー・オブ・アート オープンアクセス）,不要（パブリックドメイン／CC0）,https://www.nga.gov/collection/art-object-page.209774.html,,843x672
03-museum-art/nga_skeleton-marionette_e7574302.webp,ナショナル・ギャラリー・オブ・アート,Skeleton Marionette,George File,c. 1936,CC0（ナショナル・ギャラリー・オブ・アート オープンアクセス）,不要（パブリックドメイン／CC0）,https://www.nga.gov/collection/art-object-page.27743.html,,558x843
03-museum-art/nga_small-satyr-mask-petit-masque-de-sat_e64c9a62.webp,ナショナル・ギャラリー・オブ・アート,Small Satyr Mask (Petit masque de satyre),Alphonse Legros,,CC0（ナショナル・ギャラリー・オブ・アート オープンアクセス）,不要（パブリックドメイン／CC0）,https://www.nga.gov/collection/art-object-page.42353.html,,573x843
03-museum-art/nga_successful-monster_1757ae01.webp,ナショナル・ギャラリー・オブ・アート,Successful Monster,John Hamilton Mortimer,1778,CC0（ナショナル・ギャラリー・オブ・アート オープンアクセス）,不要（パブリックドメイン／CC0）,https://www.nga.gov/collection/art-object-page.209701.html,,541x843
03-museum-art/nga_sur-le-fond-de-nos-nuits-dieu-de-son_427aa42a.webp,ナショナル・ギャラリー・オブ・アート,Sur le fond de nos nuits dieu de son doigt savant dessine un cauchemar multiforme et sans treve (On backdrop of our nights God with His knowing finger traces a multiform implacable nightmare),Odilon Redon,1890,CC0（ナショナル・ギャラリー・オブ・アート オープンアクセス）,不要（パブリックドメイン／CC0）,https://www.nga.gov/collection/art-object-page.30286.html,,709x843
03-museum-art/nga_the-angel-appearing-to-hagar-in-the-_7b794a37.webp,ナショナル・ギャラリー・オブ・アート,The Angel Appearing to Hagar in the Desert (recto),Pier Francesco Mola,c. 1660,CC0（ナショナル・ギャラリー・オブ・アート オープンアクセス）,不要（パブリックドメイン／CC0）,https://www.nga.gov/collection/art-object-page.139317.html,,843x607
03-museum-art/nga_the-angel-in-the-sun-calling-the-bir_fc18a654.webp,ナショナル・ギャラリー・オブ・アート,The Angel in the Sun Calling the Birds of Prey,Jean Duvet,1546/1556,CC0（ナショナル・ギャラリー・オブ・アート オープンアクセス）,不要（パブリックドメイン／CC0）,https://www.nga.gov/collection/art-object-page.6824.html,,619x843
03-museum-art/nga_the-angel-sounding-the-sixth-trumpet_e37bcbc1.webp,ナショナル・ギャラリー・オブ・アート,The Angel Sounding the Sixth Trumpet,Jean Duvet,1546/1556,CC0（ナショナル・ギャラリー・オブ・アート オープンアクセス）,不要（パブリックドメイン／CC0）,https://www.nga.gov/collection/art-object-page.33614.html,,619x843
03-museum-art/nga_the-angel-with-the-key-to-the-bottom_aace6f1b.webp,ナショナル・ギャラリー・オブ・アート,The Angel with the Key to the Bottomless Pit,Albrecht Dürer,probably c. 1496/1498,CC0（ナショナル・ギャラリー・オブ・アート オープンアクセス）,不要（パブリックドメイン／CC0）,https://www.nga.gov/collection/art-object-page.6685.html,,609x843
03-museum-art/nga_the-angel-with-the-key-to-the-bottom_f1766058.webp,ナショナル・ギャラリー・オブ・アート,The Angel with the Key to the Bottomless Pit,Albrecht Dürer,1498,CC0（ナショナル・ギャラリー・オブ・アート オープンアクセス）,不要（パブリックドメイン／CC0）,https://www.nga.gov/collection/art-object-page.142363.html,,573x843
03-museum-art/nga_the-apocalyptic-woman_db31911b.webp,ナショナル・ギャラリー・オブ・アート,The Apocalyptic Woman,Albrecht Dürer,1498,CC0（ナショナル・ギャラリー・オブ・アート オープンアクセス）,不要（パブリックドメイン／CC0）,https://www.nga.gov/collection/art-object-page.142358.html,,578x843
03-museum-art/nga_the-apparition_19aece39.webp,ナショナル・ギャラリー・オブ・アート,The Apparition,James Jacques Joseph Tissot,1885,CC0（ナショナル・ギャラリー・オブ・アート オープンアクセス）,不要（パブリックドメイン／CC0）,https://www.nga.gov/collection/art-object-page.150507.html,,593x843
03-museum-art/nga_the-archangel-gabriel_b18b5344.webp,ナショナル・ギャラリー・オブ・アート,The Archangel Gabriel,Martin Schongauer,c. 1490/1491,CC0（ナショナル・ギャラリー・オブ・アート オープンアクセス）,不要（パブリックドメイン／CC0）,https://www.nga.gov/collection/art-object-page.3240.html,,599x843
03-museum-art/nga_the-archangel-michael-weighing-a-sou_49d46fbd.webp,ナショナル・ギャラリー・オブ・アート,The Archangel Michael Weighing a Soul,Lucas Cranach the Elder,1506,CC0（ナショナル・ギャラリー・オブ・アート オープンアクセス）,不要（パブリックドメイン／CC0）,https://www.nga.gov/collection/art-object-page.30519.html,,495x843
03-museum-art/nga_the-beast-with-seven-heads-and-ten-h_4787ff44.webp,ナショナル・ギャラリー・オブ・アート,The Beast with Seven Heads and Ten Horns,Jean Duvet,1546/1556,CC0（ナショナル・ギャラリー・オブ・アート オープンアクセス）,不要（パブリックドメイン／CC0）,https://www.nga.gov/collection/art-object-page.33806.html,,605x843
03-museum-art/nga_the-beast-with-two-horns-like-a-lamb_baa28b8a.webp,ナショナル・ギャラリー・オブ・アート,The Beast with Two Horns like a Lamb,Albrecht Dürer,probably c. 1496/1498,CC0（ナショナル・ギャラリー・オブ・アート オープンアクセス）,不要（パブリックドメイン／CC0）,https://www.nga.gov/collection/art-object-page.604.html,,612x843
03-museum-art/nga_the-beast-with-two-horns-like-a-lamb_fb0ba158.webp,ナショナル・ギャラリー・オブ・アート,The Beast with Two Horns LIke a Lamb,Albrecht Dürer,1498,CC0（ナショナル・ギャラリー・オブ・アート オープンアクセス）,不要（パブリックドメイン／CC0）,https://www.nga.gov/collection/art-object-page.142360.html,,577x843
03-museum-art/nga_the-circle-of-the-corrupt-officials-_e5a3ef59.webp,ナショナル・ギャラリー・オブ・アート,The Circle of the Corrupt Officials; the Devils Tormenting Ciampolo,William Blake (artist); Harry Hoehn (printer),"1827, printed 1968",CC0（ナショナル・ギャラリー・オブ・アート オープンアクセス）,不要（パブリックドメイン／CC0）,https://www.nga.gov/collection/art-object-page.57822.html,,843x666
03-museum-art/nga_the-circle-of-the-thieves-agnolo-bru_5f163a44.webp,ナショナル・ギャラリー・オブ・アート,The Circle of the Thieves; Agnolo Brunelleschi Attacked by a Six-Footed Serpent,William Blake (artist); Harry Hoehn (printer),"1827, printed 1968",CC0（ナショナル・ギャラリー・オブ・アート オープンアクセス）,不要（パブリックドメイン／CC0）,https://www.nga.gov/collection/art-object-page.12097.html,,843x660
03-museum-art/nga_the-contest-between-apollo-and-pan-b_e0b0dda2.webp,ナショナル・ギャラリー・オブ・アート,The Contest between Apollo and Pan before King Midas,Joseph Werner,1670s,CC0（ナショナル・ギャラリー・オブ・アート オープンアクセス）,不要（パブリックドメイン／CC0）,https://www.nga.gov/collection/art-object-page.139240.html,,843x709
03-museum-art/nga_the-demon-printer_9c871357.webp,ナショナル・ギャラリー・オブ・アート,The Demon Printer,Félix-Hilaire Buhot,1878,CC0（ナショナル・ギャラリー・オブ・アート オープンアクセス）,不要（パブリックドメイン／CC0）,https://www.nga.gov/collection/art-object-page.139842.html,,843x598
03-museum-art/nga_the-dispute-between-jupiter-and-juno_b277da80.webp,ナショナル・ギャラリー・オブ・アート,The Dispute between Jupiter and Juno,"Workshop of Hendrick Goltzius, after Hendrick Goltzius",c. 1615,CC0（ナショナル・ギャラリー・オブ・アート オープンアクセス）,不要（パブリックドメイン／CC0）,https://www.nga.gov/collection/art-object-page.156161.html,,843x581
03-museum-art/nga_the-dragon-and-the-beast_9b29b960.webp,ナショナル・ギャラリー・オブ・アート,The Dragon and the Beast,Jean Duvet,1546/1556,CC0（ナショナル・ギャラリー・オブ・アート オープンアクセス）,不要（パブリックドメイン／CC0）,https://www.nga.gov/collection/art-object-page.33807.html,,612x843
03-museum-art/nga_the-dragon-devouring-the-companions-_c98cc594.webp,ナショナル・ギャラリー・オブ・アート,The Dragon Devouring the Companions of Cadmus,"Workshop of Hendrick Goltzius, after Hendrick Goltzius",c. 1615,CC0（ナショナル・ギャラリー・オブ・アート オープンアクセス）,不要（パブリックドメイン／CC0）,https://www.nga.gov/collection/art-object-page.156160.html,,843x586
03-museum-art/nga_the-education-of-satyr-children_973484a2.webp,ナショナル・ギャラリー・オブ・アート,The Education of Satyr Children,Martin Johann Schmidt,1771,CC0（ナショナル・ギャラリー・オブ・アート オープンアクセス）,不要（パブリックドメイン／CC0）,https://www.nga.gov/collection/art-object-page.213258.html,,565x843
03-museum-art/nga_the-fall-of-the-rebellious-angels_cbc8c446.webp,ナショナル・ギャラリー・オブ・アート,The Fall of the Rebellious Angels,Philippe Thomassin,1618,CC0（ナショナル・ギャラリー・オブ・アート オープンアクセス）,不要（パブリックドメイン／CC0）,https://www.nga.gov/collection/art-object-page.56176.html,,539x843
03-museum-art/nga_the-flight-holy-family-walking-with-_795b6029.webp,ナショナル・ギャラリー・オブ・アート,"The Flight, Holy Family Walking with Angel",Giovanni Domenico Tiepolo,published 1753,CC0（ナショナル・ギャラリー・オブ・アート オープンアクセス）,不要（パブリックドメイン／CC0）,https://www.nga.gov/collection/art-object-page.10600.html,,843x652
03-museum-art/nga_the-flight-into-egypt-with-the-holy-_9d7b0cbb.webp,ナショナル・ギャラリー・オブ・アート,The Flight into Egypt with the Holy Family and Two Angels in a Skiff,Giustino Menescardi,,CC0（ナショナル・ギャラリー・オブ・アート オープンアクセス）,不要（パブリックドメイン／CC0）,https://www.nga.gov/collection/art-object-page.43618.html,,566x843
03-museum-art/nga_the-four-avenging-angels_c30db325.webp,ナショナル・ギャラリー・オブ・アート,The Four Avenging Angels,Albrecht Dürer,probably c. 1496/1498,CC0（ナショナル・ギャラリー・オブ・アート オープンアクセス）,不要（パブリックドメイン／CC0）,https://www.nga.gov/collection/art-object-page.52560.html,,608x843
03-museum-art/nga_the-four-avenging-angels_ce01a8e5.webp,ナショナル・ギャラリー・オブ・アート,The Four Avenging Angels,Albrecht Dürer,1498,CC0（ナショナル・ギャラリー・オブ・アート オープンアクセス）,不要（パブリックドメイン／CC0）,https://www.nga.gov/collection/art-object-page.142356.html,,581x843
03-museum-art/nga_the-four-evangelists_37d7ed39.webp,ナショナル・ギャラリー・オブ・アート,The Four Evangelists,"Italian 17th Century, after Luca Cambiaso",1560s,CC0（ナショナル・ギャラリー・オブ・アート オープンアクセス）,不要（パブリックドメイン／CC0）,https://www.nga.gov/collection/art-object-page.213122.html,,568x843
03-museum-art/nga_the-ghost-on-the-terrace-act-i-scene_3ce5d4a0.webp,ナショナル・ギャラリー・オブ・アート,"The Ghost on the Terrace (Act I, Scene V)",Eugène Delacroix,1843,CC0（ナショナル・ギャラリー・オブ・アート オープンアクセス）,不要（パブリックドメイン／CC0）,https://www.nga.gov/collection/art-object-page.58057.html,,586x843
03-museum-art/nga_the-goddess-of-fame-placing-a-laurel_fddb9f2e.webp,ナショナル・ギャラリー・オブ・アート,The Goddess of Fame Placing a Laurel Wreath on the Memorial to General Keith,Bernhard Rode,1774,CC0（ナショナル・ギャラリー・オブ・アート オープンアクセス）,不要（パブリックドメイン／CC0）,https://www.nga.gov/collection/art-object-page.213266.html,,609x843
03-museum-art/nga_the-great-red-dragon-and-the-beast-f_8b9a7423.webp,ナショナル・ギャラリー・オブ・アート,The Great Red Dragon and the Beast from the Sea,William Blake,c. 1805,CC0（ナショナル・ギャラリー・オブ・アート オープンアクセス）,不要（パブリックドメイン／CC0）,https://www.nga.gov/collection/art-object-page.11499.html,,754x843
03-museum-art/nga_the-great-red-dragon-and-the-woman-c_a5226aa5.webp,ナショナル・ギャラリー・オブ・アート,The Great Red Dragon and the Woman Clothed with the Sun,William Blake,c. 1805,CC0（ナショナル・ギャラリー・オブ・アート オープンアクセス）,不要（パブリックドメイン／CC0）,https://www.nga.gov/collection/art-object-page.11502.html,,685x843
03-museum-art/nga_the-holy-family-with-tobias-and-the-_81daa43a.webp,ナショナル・ギャラリー・オブ・アート,The Holy Family with Tobias and the Angel,Cherubino Alberti,c. 1574,CC0（ナショナル・ギャラリー・オブ・アート オープンアクセス）,不要（パブリックドメイン／CC0）,https://www.nga.gov/collection/art-object-page.223175.html,,718x843
03-museum-art/nga_the-mermaid_ca61b116.webp,ナショナル・ギャラリー・オブ・アート,The Mermaid,Frederick Stuart Church,1881,CC0（ナショナル・ギャラリー・オブ・アート オープンアクセス）,不要（パブリックドメイン／CC0）,https://www.nga.gov/collection/art-object-page.181549.html,,588x843
03-museum-art/nga_the-phoenix-or-the-statue-overthrown_3d2674b6.webp,ナショナル・ギャラリー・オブ・アート,The Phoenix or the Statue Overthrown,Rembrandt van Rijn,1658,CC0（ナショナル・ギャラリー・オブ・アート オープンアクセス）,不要（パブリックドメイン／CC0）,https://www.nga.gov/collection/art-object-page.33493.html,,843x825
03-museum-art/nga_the-prima-macchina-for-the-chinea-of_118c0074.webp,ナショナル・ギャラリー・オブ・アート,The Prima Macchina for the Chinea of 1742: The Contest of Neptune and Minerva,"Miguel de Sorellò, after François Hutin",1742,CC0（ナショナル・ギャラリー・オブ・アート オープンアクセス）,不要（パブリックドメイン／CC0）,https://www.nga.gov/collection/art-object-page.208135.html,,843x742
03-museum-art/nga_the-recording-angel_5db7a503.webp,ナショナル・ギャラリー・オブ・アート,The Recording Angel,Master RG,1542,CC0（ナショナル・ギャラリー・オブ・アート オープンアクセス）,不要（パブリックドメイン／CC0）,https://www.nga.gov/collection/art-object-page.54026.html,,470x843
03-museum-art/nga_the-seconda-macchina-for-the-chinea-_4314274f.webp,ナショナル・ギャラリー・オブ・アート,The Seconda Macchina for the Chinea of 1741: Neptune and Amphitrite,François Hutin,1741,CC0（ナショナル・ギャラリー・オブ・アート オープンアクセス）,不要（パブリックドメイン／CC0）,https://www.nga.gov/collection/art-object-page.208134.html,,843x730
03-museum-art/nga_the-seconda-macchina-for-the-chinea-_fab6e4ae.webp,ナショナル・ギャラリー・オブ・アート,The Seconda Macchina for the Chinea of 1742: Ulysses and the Sirens,François Hutin,1742,CC0（ナショナル・ギャラリー・オブ・アート オープンアクセス）,不要（パブリックドメイン／CC0）,https://www.nga.gov/collection/art-object-page.208136.html,,843x736
03-museum-art/nga_the-seven-angels-with-the-trumpets_9e3385b8.webp,ナショナル・ギャラリー・オブ・アート,The Seven Angels with the Trumpets,Albrecht Dürer,probably c. 1496/1498,CC0（ナショナル・ギャラリー・オブ・アート オープンアクセス）,不要（パブリックドメイン／CC0）,https://www.nga.gov/collection/art-object-page.850.html,,611x843
03-museum-art/nga_the-seven-angels-with-the-trumpets_c4d56787.webp,ナショナル・ギャラリー・オブ・アート,The Seven Angels with the Trumpets,Albrecht Dürer,1498,CC0（ナショナル・ギャラリー・オブ・アート オープンアクセス）,不要（パブリックドメイン／CC0）,https://www.nga.gov/collection/art-object-page.142355.html,,576x843
03-museum-art/nga_the-seven-angels-with-the-trumpets_f5ac406e.webp,ナショナル・ギャラリー・オブ・アート,The Seven Angels with the Trumpets,Albrecht Dürer,probably c. 1496/1498,CC0（ナショナル・ギャラリー・オブ・アート オープンアクセス）,不要（パブリックドメイン／CC0）,https://www.nga.gov/collection/art-object-page.52559.html,,608x843
03-museum-art/nga_the-silver-devil_e24d3533.webp,ナショナル・ギャラリー・オブ・アート,The Silver Devil,François-Nicolas Chifflart,1865,CC0（ナショナル・ギャラリー・オブ・アート オープンアクセス）,不要（パブリックドメイン／CC0）,https://www.nga.gov/collection/art-object-page.126854.html,,624x843
03-museum-art/nga_the-triumph-of-neptune-and-thetis_6d2db52f.webp,ナショナル・ギャラリー・オブ・アート,The Triumph of Neptune and Thetis,"Jacob Matham, after Bartholomaeus Spranger",1614,CC0（ナショナル・ギャラリー・オブ・アート オープンアクセス）,不要（パブリックドメイン／CC0）,https://www.nga.gov/collection/art-object-page.153951.html,,843x574
03-museum-art/nga_the-winepress-of-the-wrath-of-god_c0d5752d.webp,ナショナル・ギャラリー・オブ・アート,The Winepress of the Wrath of God,Jean Duvet,1546/1556,CC0（ナショナル・ギャラリー・オブ・アート オープンアクセス）,不要（パブリックドメイン／CC0）,https://www.nga.gov/collection/art-object-page.33810.html,,621x843
03-museum-art/nga_the-witch-of-malleghem_712a39b5.webp,ナショナル・ギャラリー・オブ・アート,The Witch of Malleghem,Pieter van der Heyden after Pieter Bruegel the Elder,published 1559,CC0（ナショナル・ギャラリー・オブ・アート オープンアクセス）,不要（パブリックドメイン／CC0）,https://www.nga.gov/collection/art-object-page.47634.html,,843x604
03-museum-art/nga_the-witch-of-malleghem_ae159199.webp,ナショナル・ギャラリー・オブ・アート,The Witch of Malleghem,Pieter van der Heyden after Pieter Bruegel the Elder,published 1559,CC0（ナショナル・ギャラリー・オブ・アート オープンアクセス）,不要（パブリックドメイン／CC0）,https://www.nga.gov/collection/art-object-page.47635.html,,843x632
03-museum-art/nga_tobias-and-the-angel-verso_d28574b8.webp,ナショナル・ギャラリー・オブ・アート,Tobias and the Angel [verso],Hermann Weyer,c. 1616/1617,CC0（ナショナル・ギャラリー・オブ・アート オープンアクセス）,不要（パブリックドメイン／CC0）,https://www.nga.gov/collection/art-object-page.73402.html,,709x843
03-museum-art/nga_triton-and-nymph_a95c0618.webp,ナショナル・ギャラリー・オブ・アート,Triton and Nymph,Gabriel Huquier after François Boucher,in or after 1736,CC0（ナショナル・ギャラリー・オブ・アート オープンアクセス）,不要（パブリックドメイン／CC0）,https://www.nga.gov/collection/art-object-page.65624.html,,491x843
03-museum-art/nga_two-angels-holding-a-coat-of-arms_d5ed39f9.webp,ナショナル・ギャラリー・オブ・アート,Two Angels Holding a Coat of Arms,Jost Amman,,CC0（ナショナル・ギャラリー・オブ・アート オープンアクセス）,不要（パブリックドメイン／CC0）,https://www.nga.gov/collection/art-object-page.63224.html,,586x843
03-museum-art/nga_two-angels_800a0796.webp,ナショナル・ギャラリー・オブ・アート,Two Angels,Al Curry,c. 1938,CC0（ナショナル・ギャラリー・オブ・アート オープンアクセス）,不要（パブリックドメイン／CC0）,https://www.nga.gov/collection/art-object-page.22275.html,,843x653
03-museum-art/nga_two-galleys-behind-an-armed-three-ma_e701a6a2.webp,ナショナル・ギャラリー・オブ・アート,Two Galleys behind an Armed Three-Master with Phaethon and Jupiter in the Sky,possibly by Cornelis Cort after Pieter Bruegel the Elder,1565,CC0（ナショナル・ギャラリー・オブ・アート オープンアクセス）,不要（パブリックドメイン／CC0）,https://www.nga.gov/collection/art-object-page.39799.html,,843x651
03-museum-art/nga_two-mythical-animals-zwei-fabeltiere_fcbe3035.webp,ナショナル・ギャラリー・オブ・アート,Two Mythical Animals (Zwei Fabeltiere),Franz Marc,1914,CC0（ナショナル・ギャラリー・オブ・アート オープンアクセス）,不要（パブリックドメイン／CC0）,https://www.nga.gov/collection/art-object-page.139938.html,,843x703
03-museum-art/nga_two-satyrs-fighting-about-a-nymph_599e01ff.webp,ナショナル・ギャラリー・オブ・アート,Two Satyrs Fighting about a Nymph,Albrecht Altdorfer after Marcantonio Raimondi,c. 1520/1525,CC0（ナショナル・ギャラリー・オブ・アート オープンアクセス）,不要（パブリックドメイン／CC0）,https://www.nga.gov/collection/art-object-page.3628.html,,571x843
03-museum-art/nga_two-satyrs-fighting-about-a-nymph_bda73dba.webp,ナショナル・ギャラリー・オブ・アート,Two Satyrs Fighting about a Nymph,Albrecht Altdorfer after Marcantonio Raimondi,c. 1520/1525,CC0（ナショナル・ギャラリー・オブ・アート オープンアクセス）,不要（パブリックドメイン／CC0）,https://www.nga.gov/collection/art-object-page.32699.html,,566x843
03-museum-art/nga_two-sibyls-and-an-angel_1ace881a.webp,ナショナル・ギャラリー・オブ・アート,Two Sibyls and an Angel,"Giovanni Antonio da Brescia, after Raphael",c. 1520s,CC0（ナショナル・ギャラリー・オブ・アート オープンアクセス）,不要（パブリックドメイン／CC0）,https://www.nga.gov/collection/art-object-page.219048.html,,730x843
03-museum-art/nga_unicorn_ab6304bd.webp,ナショナル・ギャラリー・オブ・アート,Unicorn,Alice Stearns,c. 1937,CC0（ナショナル・ギャラリー・オブ・アート オープンアクセス）,不要（パブリックドメイン／CC0）,https://www.nga.gov/collection/art-object-page.20434.html,,641x843
03-museum-art/nga_victor-chocquet-and-an-angel-for-the_34e956ee.webp,ナショナル・ギャラリー・オブ・アート,"Victor Chocquet and an Angel for ""The Apotheosis of Delacroix""",Paul Cezanne,1878/1880,CC0（ナショナル・ギャラリー・オブ・アート オープンアクセス）,不要（パブリックドメイン／CC0）,https://www.nga.gov/collection/art-object-page.76266.html,,843x526
03-museum-art/nga_vidi-quod-aperuisset-agnus-the-four-_3f4b73da.webp,ナショナル・ギャラリー・オブ・アート,"Vidi, quod aperuisset agnus... (The Four Horsemen of the Apocalypse)",Luigi Sabatelli I,1809/1810,CC0（ナショナル・ギャラリー・オブ・アート オープンアクセス）,不要（パブリックドメイン／CC0）,https://www.nga.gov/collection/art-object-page.157145.html,,617x843
03-museum-art/nga_vidi-quod-aperuisset-agnus-the-four-_6c78d0d4.webp,ナショナル・ギャラリー・オブ・アート,"Vidi, quod aperuisset agnus... (The Four Horsemen of the Apocalypse)",copy after Luigi Sabatelli I,1809/1810,CC0（ナショナル・ギャラリー・オブ・アート オープンアクセス）,不要（パブリックドメイン／CC0）,https://www.nga.gov/collection/art-object-page.150749.html,,639x843
03-museum-art/nga_witch-lantern_24367ffc.webp,ナショナル・ギャラリー・オブ・アート,Witch Lantern,Lloyd Charles Lemcke,1937,CC0（ナショナル・ギャラリー・オブ・アート オープンアクセス）,不要（パブリックドメイン／CC0）,https://www.nga.gov/collection/art-object-page.24371.html,,607x843
03-museum-art/nga_witches-dance_ff14a060.webp,ナショナル・ギャラリー・オブ・アート,Witches' Dance,Max Slevogt,1903,CC0（ナショナル・ギャラリー・オブ・アート オープンアクセス）,不要（パブリックドメイン／CC0）,https://www.nga.gov/collection/art-object-page.123707.html,,843x614
