file,category,description,width,height,colors,site,source_title,author,source_url,license,modified
08-objects-items/oga-16x16-assorted-rpg-icons-consumables.png,小物・アイテム・乗り物,「16x16 Assorted RPG Icons」より（小物・アイテム）,704,272,202,OpenGameArt,16x16 Assorted RPG Icons,Shade,https://opengameart.org/content/16x16-assorted-rpg-icons,CC0 1.0,
01-characters/oga-16x16-mage-mage.png,キャラクター,「16x16 Mage」より（人物）,128,32,6,OpenGameArt,16x16 Mage,saint11,https://opengameart.org/content/16x16-mage,CC0 1.0,
06-dungeon/oga-16x16-puny-dungeon-tileset-punyworld-dungeon.png,ダンジョン,「16x16 Puny Dungeon Tileset」より（ダンジョンのタイル）,416,320,114,OpenGameArt,16x16 Puny Dungeon Tileset,Shade,https://opengameart.org/content/16x16-puny-dungeon-tileset,CC0 1.0,
08-objects-items/oga-16x16-simple-fantasy-rpg-fx-simplefx-alpha.png,小物・アイテム・乗り物,「16x16 Simple Fantasy RPG FX」より（小物・アイテム）,256,208,36,OpenGameArt,16x16 Simple Fantasy RPG FX,Emcee Flesher,https://opengameart.org/content/16x16-simple-fantasy-rpg-fx,CC0 1.0,
04-field/oga-16x16-tiles-16x16-tiles-0.png,フィールド,「16x16 Tiles」より（フィールドのタイル）,120,86,74,OpenGameArt,16x16 Tiles,Ogrebane,https://opengameart.org/content/16x16-tiles,CC0 1.0,
08-objects-items/oga-16x16-weapon-rpg-icons-steel-weapons.png,小物・アイテム・乗り物,「16x16 Weapon RPG Icons」より（小物・アイテム）,384,320,25,OpenGameArt,16x16 Weapon RPG Icons,Shade,https://opengameart.org/content/16x16-weapon-rpg-icons,CC0 1.0,
01-characters/oga-2d-chibi-ninja-8-actions-attack-sword-sprit.png,キャラクター,「2D Chibi Ninja - 8 Actions」より（人物）,688,124,18,OpenGameArt,2D Chibi Ninja - 8 Actions,ashuuya,https://opengameart.org/content/2d-chibi-ninja-8-actions,CC0 1.0,
04-field/oga-2d-outdoor-32x32-tileset-tileset32x32-0.png,フィールド,「2D Outdoor 32x32 Tileset」より（フィールドのタイル）,288,256,16,OpenGameArt,2D Outdoor 32x32 Tileset,aeren108,https://opengameart.org/content/2d-outdoor-32x32-tileset,CC0 1.0,
04-field/oga-2d-simple-grass-tileset-tileset-gras-works.png,フィールド,「2D Simple Grass TileSet」より（フィールドのタイル）,224,96,44,OpenGameArt,2D Simple Grass TileSet,Gustavo Saraiva,https://opengameart.org/content/2d-simple-grass-tileset,CC0 1.0,
04-field/oga-2d-tilesets-snowymountaintiles.png,フィールド,「2D Tilesets」より（フィールドのタイル）,352,160,5,OpenGameArt,2D Tilesets,kddove85,https://opengameart.org/content/2d-tilesets,CC0 1.0,
04-field/oga-2d-tilesets-grasslands2tileset.png,フィールド,「2D Tilesets」より（フィールドのタイル）,352,160,6,OpenGameArt,2D Tilesets,kddove85,https://opengameart.org/content/2d-tilesets,CC0 1.0,
08-objects-items/oga-2d-vegetables-vegetables-0.png,小物・アイテム・乗り物,「2D Vegetables」より（小物・アイテム）,128,224,103,OpenGameArt,2D Vegetables,ScratchIO,https://opengameart.org/content/2d-vegetables,CC0 1.0,
01-characters/oga-32-x-32-portraits-32x32-portraits-sp.png,キャラクター,「32 x 32 Portraits」より（人物）,256,64,41,OpenGameArt,32 x 32 Portraits,Seafood5040,https://opengameart.org/content/32-x-32-portraits,CC0 1.0,
06-dungeon/oga-320-x-192-castle-tiles-pixel-stone-tiles-080120.png,ダンジョン,「320 x 192 Castle Tiles Pixel Art」より（ダンジョンのタイル）,320,192,5,OpenGameArt,320 x 192 Castle Tiles Pixel Art,txturs,https://opengameart.org/content/320-x-192-castle-tiles-pixel-art,CC0 1.0,
06-dungeon/oga-32x32-dungeon-tileset-tileset-dungeon.png,ダンジョン,「32x32 Dungeon Tileset」より（ダンジョンのタイル）,256,256,26,OpenGameArt,32x32 Dungeon Tileset,stealthix,https://opengameart.org/content/32x32-dungeon-tileset,CC0 1.0,
06-dungeon/oga-32x32-dungeon-tileset-0-dungoen-tileset-pn.png,ダンジョン,「32X32 Dungeon Tileset」より（ダンジョンのタイル）,480,480,130,OpenGameArt,32X32 Dungeon Tileset,ThatOneRandomGameDev,https://opengameart.org/content/32x32-dungeon-tileset-0,CC0 1.0,
04-field/oga-32x32-grass-with-water-tiles-watergrass-6.png,フィールド,「32x32 Grass with water tileset」より（フィールドのタイル）,96,416,237,OpenGameArt,32x32 Grass with water tileset,GboxMikeFozzy,https://opengameart.org/content/32x32-grass-with-water-tileset,CC0 1.0,
01-characters/oga-32x32-rpg-character-sprites-rpgcharactersprite.png,キャラクター,「32x32 RPG Character Sprites」より（人物）,376,671,136,OpenGameArt,32x32 RPG Character Sprites,Eldiran,https://opengameart.org/content/32x32-rpg-character-sprites,CC0 1.0,背景色を透明にして余白を切った
06-dungeon/oga-4-color-dungeon-bricks-16x16-bricks-db32.png,ダンジョン,「4-Color Dungeon Bricks (16x16)」より（ダンジョンのタイル）,176,336,22,OpenGameArt,4-Color Dungeon Bricks (16x16),MoikMellah,https://opengameart.org/content/4-color-dungeon-bricks-16x16,CC0 1.0,
06-dungeon/oga-4-colour-dungeon-tileset-tileset-dungeon.png,ダンジョン,「4 Colour Dungeon Tileset」より（ダンジョンのタイル）,136,64,4,OpenGameArt,4 Colour Dungeon Tileset,stealthix,https://opengameart.org/content/4-colour-dungeon-tileset,CC0 1.0,
08-objects-items/oga-496-pixel-art-icons-for-medi-a-armor04.png,小物・アイテム・乗り物,「496 pixel art icons for medieval/fantasy RPG」より（小物・アイテム）,34,34,6,OpenGameArt,496 pixel art icons for medieval/fantasy RPG,Henrique Lazarini (7Soul1),https://opengameart.org/content/496-pixel-art-icons-for-medievalfantasy-rpg,CC0 1.0,
08-objects-items/oga-496-pixel-art-icons-for-medi-s-holy04.png,小物・アイテム・乗り物,「496 pixel art icons for medieval/fantasy RPG」より（小物・アイテム）,34,34,5,OpenGameArt,496 pixel art icons for medieval/fantasy RPG,Henrique Lazarini (7Soul1),https://opengameart.org/content/496-pixel-art-icons-for-medievalfantasy-rpg,CC0 1.0,
06-dungeon/oga-8x8-8-bit-styled-castle-tile-8x8castle.png,ダンジョン,「8x8 8-bit Styled Castle Tileset」より（ダンジョンのタイル）,89,35,8,OpenGameArt,8x8 8-bit Styled Castle Tileset,ImpossibleRealms,https://opengameart.org/content/8x8-8-bit-styled-castle-tileset,CC0 1.0,
04-field/oga-8x8-pico-8-tile-set-1-pico-8tileset1.png,フィールド,「8x8 PICO-8 Tile Set 1」より（フィールドのタイル）,128,88,30,OpenGameArt,8x8 PICO-8 Tile Set 1,hawkbirdtree,https://opengameart.org/content/8x8-pico-8-tile-set-1,CC0 1.0,
04-field/oga-8x8-starter-tile-pallet-8x8-starter-tilema.png,フィールド,「8x8 Starter Tile Pallet」より（フィールドのタイル）,64,64,30,OpenGameArt,8x8 Starter Tile Pallet,EverCrazy,https://opengameart.org/content/8x8-starter-tile-pallet,CC0 1.0,
06-dungeon/oga-a-blocky-dungeon-dungeon-sheet-0.png,ダンジョン,「A blocky dungeon」より（ダンジョンのタイル）,384,160,16,OpenGameArt,A blocky dungeon,Buch,https://opengameart.org/content/a-blocky-dungeon,CC0 1.0,
04-field/oga-adventure-awaits-asset-pack--adventure-awaits-a.png,フィールド,「Adventure Awaits Asset Pack 1.0」より（フィールドのタイル）,304,318,40,OpenGameArt,Adventure Awaits Asset Pack 1.0,IshtartPixels,https://opengameart.org/content/adventure-awaits-asset-pack-10,CC0 1.0,
08-objects-items/oga-animated-2d-pixel-treasure-c-spreadsheet.png,小物・アイテム・乗り物,「Animated 2D Pixel Treasure Chest」より（小物・アイテム）,340,150,30,OpenGameArt,Animated 2D Pixel Treasure Chest,beddedOtaku,https://opengameart.org/content/animated-2d-pixel-treasure-chest,CC0 1.0,
01-characters/oga-animated-character-guy-0.png,キャラクター,「Animated character」より（人物）,64,96,13,OpenGameArt,Animated character,Sogomn,https://opengameart.org/content/animated-character,CC0 1.0,
03-bosses/oga-animated-creepy-thing-creep.gif,ボス,「Animated Creepy Thing」より（ボス向きの大きな魔物）,98,117,70,OpenGameArt,Animated Creepy Thing,Charlie,https://opengameart.org/content/animated-creepy-thing,CC0 1.0,
08-objects-items/oga-animated-fantasy-bows-bows.png,小物・アイテム・乗り物,「Animated Fantasy Bows」より（小物・アイテム）,99,34,15,OpenGameArt,Animated Fantasy Bows,ScratchIO,https://opengameart.org/content/animated-fantasy-bows,CC0 1.0,
02-monsters/oga-animated-filthy-ectoplasm-ghost-3.png,モンスター,「Animated Filthy Ectoplasm」より（魔物）,96,256,4,OpenGameArt,Animated Filthy Ectoplasm,Reemax ほか: Winternaut,https://opengameart.org/content/animated-filthy-ectoplasm,CC0 1.0,
02-monsters/oga-animated-monsters-zombie.png,モンスター,「Animated Monsters」より（魔物）,1280,32,8,OpenGameArt,Animated Monsters,stealthix,https://opengameart.org/content/animated-monsters,CC0 1.0,
02-monsters/oga-animated-mushroom-monster-pi-big-mushroom-spawn.png,モンスター,「Animated Mushroom Monster (Pixel-Art)」より（魔物）,232,28,10,OpenGameArt,Animated Mushroom Monster (Pixel-Art),ScratchIO,https://opengameart.org/content/animated-mushroom-monster-pixel-art,CC0 1.0,
01-characters/oga-base-male-fighter-base-male-with-gi.png,キャラクター,「Base Male Fighter」より（人物）,256,128,16,OpenGameArt,Base Male Fighter,rubengc,https://opengameart.org/content/base-male-fighter,CC0 1.0,
06-dungeon/oga-basic-dungeon-tileset-basicdungeontilese.png,ダンジョン,「Basic Dungeon Tileset」より（ダンジョンのタイル）,292,292,53,OpenGameArt,Basic Dungeon Tileset,ShadowArtist,https://opengameart.org/content/basic-dungeon-tileset,CC0 1.0,
08-objects-items/oga-behrs-2500-pixel-battle-axes-battleaxes-206.png,小物・アイテム・乗り物,"「Behrs 2,500 Pixel Battle Axes 32x32 Archive」より（小物・アイテム）",32,32,243,OpenGameArt,"Behrs 2,500 Pixel Battle Axes 32x32 Archive",Behrtron,https://opengameart.org/content/behrs-2500-pixel-battle-axes-32x32-archive,CC0 1.0,
02-monsters/oga-bigleg-bigleg-0.gif,モンスター,「Bigleg」より（魔物）,39,41,8,OpenGameArt,Bigleg,Spring Spring,https://opengameart.org/content/bigleg,CC0 1.0,
04-field/oga-bit-bonanza-10x10-top-down-r-people.png,フィールド,「Bit Bonanza 10x10 Top-Down RPG Tiles」より（フィールドのタイル）,390,140,2,OpenGameArt,Bit Bonanza 10x10 Top-Down RPG Tiles,VEXED,https://opengameart.org/content/bit-bonanza-10x10-top-down-rpg-tiles,CC0 1.0,
06-dungeon/oga-blue-brick-tileset-brick-2.png,ダンジョン,「Blue Brick Tileset」より（ダンジョンのタイル）,80,80,17,OpenGameArt,Blue Brick Tileset,Nimnon,https://opengameart.org/content/blue-brick-tileset,CC0 1.0,
08-objects-items/oga-brightmix-icon-set-brightmixiconset-v.png,小物・アイテム・乗り物,「Brightmix Icon Set」より（小物・アイテム）,3000,2109,251,OpenGameArt,Brightmix Icon Set,Brightmix,https://opengameart.org/content/brightmix-icon-set,CC0 1.0,
06-dungeon/oga-castlecrest-castlecrest-0.gif,ダンジョン,「Castlecrest」より（ダンジョンのタイル）,100,100,23,OpenGameArt,Castlecrest,Spring Spring,https://opengameart.org/content/castlecrest,CC0 1.0,
06-dungeon/oga-cave-tileset-2-set-cave-bright.png,ダンジョン,「Cave Tileset」より（ダンジョンのタイル）,480,96,14,OpenGameArt,Cave Tileset,yewt,https://opengameart.org/content/cave-tileset-2,CC0 1.0,
06-dungeon/oga-cave-tileset-4-cave-assets-1.png,ダンジョン,「Cave Tileset」より（ダンジョンのタイル）,928,736,31,OpenGameArt,Cave Tileset,GrafxKid,https://opengameart.org/content/cave-tileset-4,CC0 1.0,
08-objects-items/oga-cc0-award-icons-medal-02-gold.png,小物・アイテム・乗り物,「CC0 Award Icons」より（小物・アイテム）,32,32,65,OpenGameArt,CC0 Award Icons,AntumDeluge,https://opengameart.org/content/cc0-award-icons,CC0 1.0,
01-characters/oga-characters-2-npc2-1.png,キャラクター,「Characters」より（人物）,768,768,55,OpenGameArt,Characters,pondomaniac,https://opengameart.org/content/characters-2,CC0 1.0,
08-objects-items/oga-chest-opening-animation-16x1-chest-plain-open-a.png,小物・アイテム・乗り物,「Chest - Opening Animation 16x16」より（小物・アイテム）,32,32,6,OpenGameArt,Chest - Opening Animation 16x16,Natural_Privateer,https://opengameart.org/content/chest-opening-animation-16x16,CC0 1.0,
01-characters/oga-chibi-base-mgif.gif,キャラクター,「Chibi Base」より（人物）,750,250,24,OpenGameArt,Chibi Base,thecilekli,https://opengameart.org/content/chibi-base,CC0 1.0,
07-town-indoor/oga-chicken-and-pen-chicken-9.png,町・屋内,「chicken and pen」より（町・屋内のタイル）,128,128,48,OpenGameArt,chicken and pen,Proyd,https://opengameart.org/content/chicken-and-pen,CC0 1.0,
08-objects-items/oga-color-rpg-items-helm4.png,小物・アイテム・乗り物,「Color RPG items」より（小物・アイテム）,200,200,192,OpenGameArt,Color RPG items,anubisky,https://opengameart.org/content/color-rpg-items,CC0 1.0,
07-town-indoor/oga-cozy-asset-pack-10-top-down-pack-2.png,町・屋内,「cozy asset pack 1.0」より（町・屋内のタイル）,352,288,36,OpenGameArt,cozy asset pack 1.0,IshtartPixels,https://opengameart.org/content/cozy-asset-pack-10,CC0 1.0,
07-town-indoor/oga-cozy-asset-pack-10-slice-128.png,町・屋内,「cozy asset pack 1.0」より（町・屋内のタイル）,80,96,17,OpenGameArt,cozy asset pack 1.0,IshtartPixels,https://opengameart.org/content/cozy-asset-pack-10,CC0 1.0,
08-objects-items/oga-crates-and-sacks-crates-and-sacks-2.png,小物・アイテム・乗り物,「Crates And Sacks」より（小物・アイテム）,318,32,46,OpenGameArt,Crates And Sacks,ScratchIO,https://opengameart.org/content/crates-and-sacks,CC0 1.0,
04-field/oga-desert-level-decorations-pix-desert-decorations.png,フィールド,「Desert Level Decorations (Pixel-Art)」より（フィールドのタイル）,336,80,23,OpenGameArt,Desert Level Decorations (Pixel-Art),ScratchIO,https://opengameart.org/content/desert-level-decorations-pixel-art,CC0 1.0,
08-objects-items/oga-dragonmonster-eggs-red-dragon-egg32-o.png,小物・アイテム・乗り物,「Dragon/Monster eggs」より（小物・アイテム）,32,128,10,OpenGameArt,Dragon/Monster eggs,Fadesta,https://opengameart.org/content/dragonmonster-eggs,CC0 1.0,
06-dungeon/oga-dungeon-tileset-dungeon-tiles-0.png,ダンジョン,「Dungeon tileset」より（ダンジョンのタイル）,368,384,36,OpenGameArt,Dungeon tileset,Buch,https://opengameart.org/content/dungeon-tileset,CC0 1.0,
06-dungeon/oga-dungeon-tileset-3-dungeon-tileset-1.png,ダンジョン,「Dungeon Tileset」より（ダンジョンのタイル）,256,64,39,OpenGameArt,Dungeon Tileset,shortfoot38,https://opengameart.org/content/dungeon-tileset-3,CC0 1.0,
06-dungeon/oga-dungeon-tileset-with-walls-a-tiles-final-col4.png,ダンジョン,「dungeon tileset with walls and floors」より（ダンジョンのタイル）,768,576,26,OpenGameArt,dungeon tileset with walls and floors,rubberduck,https://opengameart.org/content/dungeon-tileset-with-walls-and-floors,CC0 1.0,
01-characters/oga-egyptian-rpg-egyptian-female-24.png,キャラクター,「Egyptian RPG」より（人物）,192,192,15,OpenGameArt,Egyptian RPG,ZomBCool,https://opengameart.org/content/egyptian-rpg,CC0 1.0,
02-monsters/oga-egyptian-rpg-croc-24x96px.png,モンスター,「Egyptian RPG」より（魔物）,96,144,5,OpenGameArt,Egyptian RPG,ZomBCool,https://opengameart.org/content/egyptian-rpg,CC0 1.0,
08-objects-items/oga-emotes-pack-vector-style1.png,小物・アイテム・乗り物,「Emotes Pack」より（小物・アイテム）,192,190,119,OpenGameArt,Emotes Pack,Kenney,https://opengameart.org/content/emotes-pack,CC0 1.0,
01-characters/oga-fantasy-head-fface.png,キャラクター,「Fantasy head」より（人物）,2400,800,117,OpenGameArt,Fantasy head,gamehon,https://opengameart.org/content/fantasy-head,CC0 1.0,背景色を透明にして余白を切った
08-objects-items/oga-fantasy-rpg-sprite-kit-32x32-f-legs.png,小物・アイテム・乗り物,「Fantasy RPG Sprite Kit (32x32)」より（小物・アイテム）,165,26,23,OpenGameArt,Fantasy RPG Sprite Kit (32x32),DezrasDragons,https://opengameart.org/content/fantasy-rpg-sprite-kit-32x32,CC0 1.0,
08-objects-items/oga-fantasy-rpg-sprite-kit-32x32-m-torso.png,小物・アイテム・乗り物,「Fantasy RPG Sprite Kit (32x32)」より（小物・アイテム）,90,39,32,OpenGameArt,Fantasy RPG Sprite Kit (32x32),DezrasDragons,https://opengameart.org/content/fantasy-rpg-sprite-kit-32x32,CC0 1.0,
08-objects-items/oga-fantasy-weapons-and-shields-sheet.png,小物・アイテム・乗り物,「Fantasy Weapons And Shields」より（小物・アイテム）,105,105,59,OpenGameArt,Fantasy Weapons And Shields,ScratchIO,https://opengameart.org/content/fantasy-weapons-and-shields,CC0 1.0,
08-objects-items/oga-farming-crops-16x16-crop-spritesheet.png,小物・アイテム・乗り物,「Farming crops 16x16」より（小物・アイテム）,192,160,34,OpenGameArt,Farming crops 16x16,josehzz,https://opengameart.org/content/farming-crops-16x16,CC0 1.0,
01-characters/oga-fever-dream-faces-fever-dream-faces.png,キャラクター,「Fever Dream Faces」より（人物）,470,436,28,OpenGameArt,Fever Dream Faces,knekko,https://opengameart.org/content/fever-dream-faces,CC0 1.0,
02-monsters/oga-flute-snake-lite-flute-snake2-1.png,モンスター,「Flute Snake lite」より（魔物）,130,64,5,OpenGameArt,Flute Snake lite,j0j0n4th4n,https://opengameart.org/content/flute-snake-lite,CC0 1.0,
04-field/oga-forest-level-decorations-pix-forest-decorations.png,フィールド,「Forest Level Decorations (Pixel-Art)」より（フィールドのタイル）,228,96,31,OpenGameArt,Forest Level Decorations (Pixel-Art),ScratchIO,https://opengameart.org/content/forest-level-decorations-pixel-art,CC0 1.0,
04-field/oga-forest-tileset-for-16-x-16-forest-level-4-she.png,フィールド,「Forest Tileset for 16 x 16」より（フィールドのタイル）,112,64,15,OpenGameArt,Forest Tileset for 16 x 16,Pav Creations,https://opengameart.org/content/forest-tileset-for-16-x-16,CC0 1.0,
08-objects-items/oga-forest-weapons-pixel-art-forest-weapons.png,小物・アイテム・乗り物,「Forest Weapons (Pixel-Art)」より（小物・アイテム）,280,50,10,OpenGameArt,Forest Weapons (Pixel-Art),ScratchIO,https://opengameart.org/content/forest-weapons-pixel-art,CC0 1.0,
06-dungeon/oga-forgotten-dungeon-forgottendungeon.png,ダンジョン,「Forgotten Dungeon」より（ダンジョンのタイル）,160,160,19,OpenGameArt,Forgotten Dungeon,Blackwolfdave,https://opengameart.org/content/forgotten-dungeon,CC0 1.0,
02-monsters/oga-gb-funky-fauna-squirrel4x.png,モンスター,「gb funky fauna」より（魔物）,64,64,4,OpenGameArt,gb funky fauna,pebonius,https://opengameart.org/content/gb-funky-fauna,CC0 1.0,
08-objects-items/oga-generic-fantasy-rpg-items-items-28.png,小物・アイテム・乗り物,「Generic Fantasy RPG Items」より（小物・アイテム）,102,68,42,OpenGameArt,Generic Fantasy RPG Items,HomoHikka,https://opengameart.org/content/generic-fantasy-rpg-items,CC0 1.0,
02-monsters/oga-ghost-animated-ghostice-all.png,モンスター,「Ghost animated」より（魔物）,288,96,9,OpenGameArt,Ghost animated,LetargicDev,https://opengameart.org/content/ghost-animated,CC0 1.0,
04-field/oga-grass-tiles-32x32-0-grass-44.png,フィールド,「Grass Tiles [32x32]」より（フィールドのタイル）,256,128,32,OpenGameArt,Grass Tiles [32x32],CDmir,https://opengameart.org/content/grass-tiles-32x32-0,CC0 1.0,
04-field/oga-grassmud-16x16-tiles-grass-mud-compact.png,フィールド,「Grass&Mud 16x16 Tiles」より（フィールドのタイル）,96,96,9,OpenGameArt,Grass&Mud 16x16 Tiles,josehzz,https://opengameart.org/content/grassmud-16x16-tiles,CC0 1.0,
04-field/oga-grasswater-16x16-tiles-grass-water-light.png,フィールド,「Grass&Water 16x16 Tiles」より（フィールドのタイル）,704,256,7,OpenGameArt,Grass&Water 16x16 Tiles,josehzz,https://opengameart.org/content/grasswater-16x16-tiles,CC0 1.0,
01-characters/oga-green-cap-character-16x18-green-cap-characte.png,キャラクター,「Green Cap Character 16x18」より（人物）,48,72,17,OpenGameArt,Green Cap Character 16x18,isaiah658,https://opengameart.org/content/green-cap-character-16x18,CC0 1.0,
02-monsters/oga-gremlin-animated-classic-her-gremlin-sheet.png,モンスター,「Gremlin [Animated] - Classic Hero Edit」より（魔物）,128,112,5,OpenGameArt,Gremlin [Animated] - Classic Hero Edit,Umz,https://opengameart.org/content/gremlin-animated-classic-hero-edit,CC0 1.0,
04-field/oga-happyland-tileset-wang-compa-tileset3.png,フィールド,「Happyland Tileset Wang Compatible」より（フィールドのタイル）,128,256,11,OpenGameArt,Happyland Tileset Wang Compatible,noodle ほか: Buch,https://opengameart.org/content/happyland-tileset-wang-compatible,CC0 1.0,
08-objects-items/oga-helmet-0-helmet-v02.png,小物・アイテム・乗り物,「helmet」より（小物・アイテム）,64,64,27,OpenGameArt,helmet,Xevin,https://opengameart.org/content/helmet-0,CC0 1.0,
08-objects-items/oga-helmets-64x64-skull-cap.png,小物・アイテム・乗り物,「Helmets [64x64]」より（小物・アイテム）,64,64,16,OpenGameArt,Helmets [64x64],LordNeo,https://opengameart.org/content/helmets-64x64,CC0 1.0,
08-objects-items/oga-horror-fantasy-assets-spritesheet-25.png,小物・アイテム・乗り物,「Horror Fantasy Assets」より（小物・アイテム）,160,128,25,OpenGameArt,Horror Fantasy Assets,stealthix,https://opengameart.org/content/horror-fantasy-assets,CC0 1.0,
08-objects-items/oga-icons32x32-icons-32x32-7.png,小物・アイテム・乗り物,「Icons_32x32」より（小物・アイテム）,128,64,67,OpenGameArt,Icons_32x32,ArlanTR,https://opengameart.org/content/icons32x32,CC0 1.0,
04-field/oga-just-some-32x32-tiles-owlishmedia-pixel.png,フィールド,「Just some 32x32 tiles」より（フィールドのタイル）,448,800,254,OpenGameArt,Just some 32x32 tiles,OwlishMedia,https://opengameart.org/content/just-some-32x32-tiles,CC0 1.0,
01-characters/oga-just-some-32x32-tiles-guysprite.png,キャラクター,「Just some 32x32 tiles」より（人物）,192,384,21,OpenGameArt,Just some 32x32 tiles,OwlishMedia,https://opengameart.org/content/just-some-32x32-tiles,CC0 1.0,
03-bosses/oga-land-monster-sprites-frame-2.png,ボス,「Land Monster Sprites」より（魔物）,1452,1148,142,OpenGameArt,Land Monster Sprites,bevouliin.com,https://opengameart.org/content/land-monster-sprites,CC0 1.0,
06-dungeon/oga-leaning-into-the-grid-16x16--ornate.png,ダンジョン,「Leaning Into The Grid (16x16 Tiles)」より（ダンジョンのタイル）,160,112,6,OpenGameArt,Leaning Into The Grid (16x16 Tiles),second,https://opengameart.org/content/leaning-into-the-grid-16x16-tiles,CC0 1.0,
08-objects-items/oga-light-weapons-pixel-art-light-weapons-2.png,小物・アイテム・乗り物,「Light Weapons (Pixel Art)」より（小物・アイテム）,184,371,9,OpenGameArt,Light Weapons (Pixel Art),ScratchIO,https://opengameart.org/content/light-weapons-pixel-art,CC0 1.0,
02-monsters/oga-lootable-mimic-asset-pack-chest-closed.png,モンスター,「Lootable Mimic Asset Pack」より（魔物）,32,32,5,OpenGameArt,Lootable Mimic Asset Pack,Fava Beans,https://opengameart.org/content/lootable-mimic-asset-pack,CC0 1.0,
08-objects-items/oga-maces-64-x-64-mijolnir.png,小物・アイテム・乗り物,「Maces [64 x 64]」より（小物・アイテム）,64,64,111,OpenGameArt,Maces [64 x 64],LordNeo,https://opengameart.org/content/maces-64-x-64,CC0 1.0,
01-characters/oga-mage-sprites-idle-and-walkin-player-mage-sheet.png,キャラクター,「Mage Sprites (Idle and Walking)」より（人物）,320,582,15,OpenGameArt,Mage Sprites (Idle and Walking),Sollision,https://opengameart.org/content/mage-sprites-idle-and-walking,CC0 1.0,
04-field/oga-magical-road-pixel-art-envir-tree.png,フィールド,「Magical Road Pixel Art Environment」より（フィールドのタイル）,86,181,9,OpenGameArt,Magical Road Pixel Art Environment,ansimuz,https://opengameart.org/content/magical-road-pixel-art-environment,CC0 1.0,
08-objects-items/oga-medals-3-achievements-2.png,小物・アイテム・乗り物,「Medals」より（小物・アイテム）,465,521,17,OpenGameArt,Medals,Buch,https://opengameart.org/content/medals-3,CC0 1.0,
08-objects-items/oga-medieval-armor-pixel-art-armor-2.png,小物・アイテム・乗り物,「Medieval Armor (Pixel-Art)」より（小物・アイテム）,160,32,11,OpenGameArt,Medieval Armor (Pixel-Art),ScratchIO,https://opengameart.org/content/medieval-armor-pixel-art,CC0 1.0,
01-characters/oga-mercenarian-1-sheet-2.png,キャラクター,「Mercenarian」より（人物）,172,427,12,OpenGameArt,Mercenarian,Spring Spring,https://opengameart.org/content/mercenarian,CC0 1.0,
06-dungeon/oga-mini-dungeon-tileset-dungeon-tiles-1.png,ダンジョン,「Mini dungeon tileset」より（ダンジョンのタイル）,160,80,10,OpenGameArt,Mini dungeon tileset,nazaire,https://opengameart.org/content/mini-dungeon-tileset,CC0 1.0,
02-monsters/oga-mollufant-mollufant.png,モンスター,「Mollufant」より（魔物）,128,64,5,OpenGameArt,Mollufant,j0j0n4th4n,https://opengameart.org/content/mollufant,CC0 1.0,
04-field/oga-more-sandtileset-16x16-sandlight-0.png,フィールド,「More SandTileSet 16x16」より（フィールドのタイル）,96,64,36,OpenGameArt,More SandTileSet 16x16,GrumpyDiamond,https://opengameart.org/content/more-sandtileset-16x16,CC0 1.0,
02-monsters/oga-mummy-enemies-monster-charset.png,モンスター,「Mummy Enemies」より（魔物）,288,256,24,OpenGameArt,Mummy Enemies,skoam,https://opengameart.org/content/mummy-enemies,CC0 1.0,
08-objects-items/oga-ore-tileset-eight-ores-silver.png,小物・アイテム・乗り物,「Ore Tileset - Eight Ores」より（小物・アイテム）,64,64,11,OpenGameArt,Ore Tileset - Eight Ores,DavoltC,https://opengameart.org/content/ore-tileset-eight-ores,CC0 1.0,
07-town-indoor/oga-orthographic-outdoor-tiles-tiles-12.png,町・屋内,「Orthographic outdoor tiles」より（町・屋内のタイル）,400,224,28,OpenGameArt,Orthographic outdoor tiles,Buch,https://opengameart.org/content/orthographic-outdoor-tiles,CC0 1.0,
04-field/oga-outdoor-32x32-tileset-sheet-13.png,フィールド,「Outdoor 32x32 tileset」より（フィールドのタイル）,640,288,15,OpenGameArt,Outdoor 32x32 tileset,Buch,https://opengameart.org/content/outdoor-32x32-tileset,CC0 1.0,
01-characters/oga-pixel-art-character-boy-sheet-wlaking.png,キャラクター,「Pixel Art Character」より（人物）,640,640,31,OpenGameArt,Pixel Art Character,acasas,https://opengameart.org/content/pixel-art-character,CC0 1.0,
07-town-indoor/oga-pixel-art-top-down-dungeon-t-dungeon.png,町・屋内,「Pixel art top down dungeon tileset and rpg character with animations」より（町・屋内のタイル）,416,272,13,OpenGameArt,Pixel art top down dungeon tileset and rpg character with animations,profpatonildo,https://opengameart.org/content/pixel-art-top-down-dungeon-tileset-and-rpg-character-with-animations,CC0 1.0,
04-field/oga-pixel-art-wasteland-tileset.png,フィールド,「Pixel Art Wasteland」より（フィールドのタイル）,144,160,48,OpenGameArt,Pixel Art Wasteland,CodeManu,https://opengameart.org/content/pixel-art-wasteland,CC0 1.0,
01-characters/oga-pixel-character-02-james-sheet-pixelchar03.png,キャラクター,「Pixel Character 02 - James」より（人物）,64,128,9,OpenGameArt,Pixel Character 02 - James,ImogiaGames,https://opengameart.org/content/pixel-character-02-james,CC0 1.0,
01-characters/oga-pixel-farmer-farmersprite.png,キャラクター,「Pixel Farmer」より（人物）,69,30,7,OpenGameArt,Pixel Farmer,Monster Logix Studio,https://opengameart.org/content/pixel-farmer,CC0 1.0,
01-characters/oga-pixel-rpg-sprites-houses-cha-blueknight.png,キャラクター,"「Pixel RPG Sprites (Houses, Characters)」より（人物）",476,476,12,OpenGameArt,"Pixel RPG Sprites (Houses, Characters)",Keiffer,https://opengameart.org/content/pixel-rpg-sprites-houses-characters,CC0 1.0,
07-town-indoor/oga-pixel-rpg-sprites-houses-cha-pixel-rpg-houses-0.png,町・屋内,"「Pixel RPG Sprites (Houses, Characters)」より（町・屋内のタイル）",318,260,203,OpenGameArt,"Pixel RPG Sprites (Houses, Characters)",Keiffer,https://opengameart.org/content/pixel-rpg-sprites-houses-characters,CC0 1.0,
08-objects-items/oga-pixel-treasure-chest-and-pil-pixel-treasure-che.png,小物・アイテム・乗り物,「Pixel Treasure Chest and Piles of Gold」より（小物・アイテム）,64,68,10,OpenGameArt,Pixel Treasure Chest and Piles of Gold,TokyoGeisha,https://opengameart.org/content/pixel-treasure-chest-and-piles-of-gold,CC0 1.0,
08-objects-items/oga-pixel-weapon-icons-pixel-weapons-exte.png,小物・アイテム・乗り物,「Pixel Weapon Icons」より（小物・アイテム）,128,128,19,OpenGameArt,Pixel Weapon Icons,Umplix,https://opengameart.org/content/pixel-weapon-icons,CC0 1.0,
08-objects-items/oga-pixel-weapon-icons-pixel-weapons-viii.png,小物・アイテム・乗り物,「Pixel Weapon Icons」より（小物・アイテム）,128,128,17,OpenGameArt,Pixel Weapon Icons,Umplix,https://opengameart.org/content/pixel-weapon-icons,CC0 1.0,
08-objects-items/oga-pixel-weapon-sheet-weaponsspritesheet.png,小物・アイテム・乗り物,「Pixel Weapon Sheet」より（小物・アイテム）,128,128,19,OpenGameArt,Pixel Weapon Sheet,Gerald Burke,https://opengameart.org/content/pixel-weapon-sheet,CC0 1.0,
04-field/oga-plant-tileset-plant-tilemap.png,フィールド,「Plant Tileset」より（フィールドのタイル）,208,112,55,OpenGameArt,Plant Tileset,ARoachIFoundOnMyPillow,https://opengameart.org/content/plant-tileset,CC0 1.0,
04-field/oga-purupuru-island-tileset-purupuru-island-ti.gif,フィールド,「Purupuru Island Tileset」より（フィールドのタイル）,208,48,18,OpenGameArt,Purupuru Island Tileset,Spring Spring,https://opengameart.org/content/purupuru-island-tileset,CC0 1.0,
02-monsters/oga-pyro-sprite-sheet-b885c421c581b65fe7.png,モンスター,「Pyro Sprite Sheet」より（魔物）,128,27,21,OpenGameArt,Pyro Sprite Sheet,Bing Soy,https://opengameart.org/content/pyro-sprite-sheet,CC0 1.0,
06-dungeon/oga-quick-castle-tileset-customtileset.png,ダンジョン,「Quick castle tileset」より（ダンジョンのタイル）,320,320,46,OpenGameArt,Quick castle tileset,Uxorioushornet,https://opengameart.org/content/quick-castle-tileset,CC0 1.0,
01-characters/oga-red-head-character-redheadchar.png,キャラクター,「Red head character」より（人物）,64,64,5,OpenGameArt,Red head character,PINKCANNON,https://opengameart.org/content/red-head-character,CC0 1.0,
02-monsters/oga-rpg-assets-gb-surt-spritesheet.png,モンスター,「RPG Assets (GB)」より（魔物）,256,128,4,OpenGameArt,RPG Assets (GB),Chasersgaming,https://opengameart.org/content/rpg-assets-gb,CC0 1.0,
06-dungeon/oga-rpg-assets-gb-gb-tileset-1-gray.png,ダンジョン,「RPG Assets (GB)」より（ダンジョンのタイル）,128,128,4,OpenGameArt,RPG Assets (GB),Chasersgaming,https://opengameart.org/content/rpg-assets-gb,CC0 1.0,
04-field/oga-rpg-assets-tile-set-nes-nes-tile-set-1-u1.png,フィールド,「RPG Assets 'Tile Set' (NES)」より（フィールドのタイル）,256,128,9,OpenGameArt,RPG Assets 'Tile Set' (NES),Chasersgaming,https://opengameart.org/content/rpg-assets-tile-set-nes,CC0 1.0,
01-characters/oga-rpg-character-sprites-rpg-assets.png,キャラクター,「RPG character sprites」より（人物）,94,96,15,OpenGameArt,RPG character sprites,GrafxKid,https://opengameart.org/content/rpg-character-sprites,CC0 1.0,背景色を透明にして余白を切った
01-characters/oga-rpg-characters-0-player-22.png,キャラクター,「RPG Characters」より（人物）,256,256,8,OpenGameArt,RPG Characters,Auer,https://opengameart.org/content/rpg-characters-0,CC0 1.0,
02-monsters/oga-rpg-characters-pack-monster-owl.png,モンスター,「RPG Characters Pack」より（魔物）,32,32,6,OpenGameArt,RPG Characters Pack,Onni,https://opengameart.org/content/rpg-characters-pack,CC0 1.0,
06-dungeon/oga-rpg-dungeon-package-rpg-dungeon-vol-2.png,ダンジョン,「RPG DUNGEON PACKAGE」より（ダンジョンのタイル）,384,384,19,OpenGameArt,RPG DUNGEON PACKAGE,Corey Archer,https://opengameart.org/content/rpg-dungeon-package,CC0 1.0,
08-objects-items/oga-rpg-fantasy-icon-set-sword-7.png,小物・アイテム・乗り物,「RPG Fantasy Icon Set」より（小物・アイテム）,57,57,6,OpenGameArt,RPG Fantasy Icon Set,DezrasDragons,https://opengameart.org/content/rpg-fantasy-icon-set,CC0 1.0,
08-objects-items/oga-rpg-inventory-icons-freeiconset.png,小物・アイテム・乗り物,「RPG Inventory Icons」より（小物・アイテム）,128,64,34,OpenGameArt,RPG Inventory Icons,BizmasterStudios,https://opengameart.org/content/rpg-inventory-icons,CC0 1.0,
07-town-indoor/oga-rpg-tile-set-secret-service--nes-tile-set-secre.png,町・屋内,「RPG Tile Set 'Secret Service Building' NES」より（町・屋内のタイル）,1000,784,53,OpenGameArt,RPG Tile Set 'Secret Service Building' NES,Chasersgaming,https://opengameart.org/content/rpg-tile-set-secret-service-building-nes,CC0 1.0,
04-field/oga-rpg-tile-set-stonelands-nes-nes-stonelands-til.png,フィールド,「RPG Tile Set 'Stonelands' NES」より（フィールドのタイル）,700,512,53,OpenGameArt,RPG Tile Set 'Stonelands' NES,Chasersgaming,https://opengameart.org/content/rpg-tile-set-stonelands-nes,CC0 1.0,
06-dungeon/oga-simple-dungeon-walls-dungeon-wall-cross.png,ダンジョン,「Simple Dungeon Walls」より（ダンジョンのタイル）,80,48,8,OpenGameArt,Simple Dungeon Walls,elfy_boo,https://opengameart.org/content/simple-dungeon-walls,CC0 1.0,
02-monsters/oga-skull-monster-skull-monster.png,モンスター,「Skull Monster」より（魔物）,162,39,7,OpenGameArt,Skull Monster,Bombfire,https://opengameart.org/content/skull-monster,CC0 1.0,
02-monsters/oga-slime-animation-slime-front15.png,モンスター,「Slime Animation」より（魔物）,32,32,3,OpenGameArt,Slime Animation,GalaxyGamingBoy,https://opengameart.org/content/slime-animation,CC0 1.0,
06-dungeon/oga-some-16x16-floor-tiles-stuff-0.png,ダンジョン,「Some 16x16 floor tiles」より（ダンジョンのタイル）,84,67,65,OpenGameArt,Some 16x16 floor tiles,ChikenwingJJA,https://opengameart.org/content/some-16x16-floor-tiles,CC0 1.0,
06-dungeon/oga-spooky-castle-tileset-oppcastle-mod-tile.png,ダンジョン,「Spooky Castle Tileset」より（ダンジョンのタイル）,480,352,19,OpenGameArt,Spooky Castle Tileset,Buch,https://opengameart.org/content/spooky-castle-tileset,CC0 1.0,
08-objects-items/oga-staff-64-x64-holly-staff.png,小物・アイテム・乗り物,「Staff [64 x64]」より（小物・アイテム）,64,64,155,OpenGameArt,Staff [64 x64],LordNeo,https://opengameart.org/content/staff-64-x64,CC0 1.0,
08-objects-items/oga-stone-axe-with-degradation-p-stone-axe.png,小物・アイテム・乗り物,「Stone Axe (with degradation progress)」より（小物・アイテム）,128,32,13,OpenGameArt,Stone Axe (with degradation progress),ScratchIO,https://opengameart.org/content/stone-axe-with-degradation-progress,CC0 1.0,
06-dungeon/oga-stone-tile-set-bg-darkshadestone.png,ダンジョン,「Stone Tile Set」より（ダンジョンのタイル）,320,288,35,OpenGameArt,Stone Tile Set,Chasersgaming,https://opengameart.org/content/stone-tile-set,CC0 1.0,
02-monsters/oga-superpowers-assets-character-sprite-sheet-258x2.png,モンスター,「Superpowers assets characters」より（魔物）,1290,1045,5,OpenGameArt,Superpowers assets characters,MedicineStorm,https://opengameart.org/content/superpowers-assets-characters,CC0 1.0,
07-town-indoor/oga-tent-home-tent.png,町・屋内,"「Tent ""Home""」より（町・屋内のタイル）",42,39,29,OpenGameArt,"Tent ""Home""",Senmou,https://opengameart.org/content/tent-home,CC0 1.0,
02-monsters/oga-the-rotating-eyeball-atlas-eyeball-9var.png,モンスター,「The Rotating Eyeball」より（魔物）,512,288,23,OpenGameArt,The Rotating Eyeball,ImogiaGames,https://opengameart.org/content/the-rotating-eyeball,CC0 1.0,
04-field/oga-tileset-1-grass-1.png,フィールド,「Tileset」より（フィールドのタイル）,48,48,22,OpenGameArt,Tileset,Robert Ramsay,https://opengameart.org/content/tileset-1,CC0 1.0,
06-dungeon/oga-tileset-1-lava-2.png,ダンジョン,「Tileset」より（ダンジョンのタイル）,48,48,12,OpenGameArt,Tileset,Robert Ramsay,https://opengameart.org/content/tileset-1,CC0 1.0,
01-characters/oga-tiny-tactics-battle-kit-i-20240420tinytactic.png,キャラクター,「Tiny Tactics - Battle Kit I」より（人物）,512,416,28,OpenGameArt,Tiny Tactics - Battle Kit I,tiopalada,https://opengameart.org/content/tiny-tactics-battle-kit-i,CC0 1.0,
08-objects-items/oga-tools-and-ressources-tileset-tranparent.png,小物・アイテム・乗り物,「Tools and Ressources」より（小物・アイテム）,320,200,80,OpenGameArt,Tools and Ressources,marionline,https://opengameart.org/content/tools-and-ressources,CC0 1.0,
04-field/oga-top-down-asset-pack-10-topdownpack-1.png,フィールド,「Top Down Asset Pack 1.0」より（フィールドのタイル）,256,256,49,OpenGameArt,Top Down Asset Pack 1.0,IshtartPixels,https://opengameart.org/content/top-down-asset-pack-10,CC0 1.0,
08-objects-items/oga-top-down-asset-pack-10-slice-125.png,小物・アイテム・乗り物,「Top Down Asset Pack 1.0」より（小物・アイテム）,32,32,6,OpenGameArt,Top Down Asset Pack 1.0,IshtartPixels,https://opengameart.org/content/top-down-asset-pack-10,CC0 1.0,
02-monsters/oga-top-down-game-assets-corpses.png,モンスター,「Top down game assets.」より（魔物）,256,32,9,OpenGameArt,Top down game assets.,LetargicDev,https://opengameart.org/content/top-down-game-assets,CC0 1.0,
01-characters/oga-top-down-male-character-shee-male-top-down-01-0.png,キャラクター,「Top Down Male Character Sheet」より（人物）,145,147,12,OpenGameArt,Top Down Male Character Sheet,DkuCook,https://opengameart.org/content/top-down-male-character-sheet,CC0 1.0,
04-field/oga-top-down-tileset-tileset-3.png,フィールド,「Top Down Tileset」より（フィールドのタイル）,128,128,10,OpenGameArt,Top Down Tileset,saint11,https://opengameart.org/content/top-down-tileset,CC0 1.0,
02-monsters/oga-tower-defense-slime-enemy-common-slime-anima.png,モンスター,「Tower defense slime enemy」より（魔物）,512,256,10,OpenGameArt,Tower defense slime enemy,Tisroc,https://opengameart.org/content/tower-defense-slime-enemy,CC0 1.0,
08-objects-items/oga-treasure-chest-sprite-treasure-chest.png,小物・アイテム・乗り物,「Treasure Chest Sprite」より（小物・アイテム）,140,70,16,OpenGameArt,Treasure Chest Sprite,r0ar,https://opengameart.org/content/treasure-chest-sprite,CC0 1.0,
06-dungeon/oga-treasure-hunter-game-assets-tiles.png,ダンジョン,「Treasure hunter game assets」より（ダンジョンのタイル）,128,80,21,OpenGameArt,Treasure hunter game assets,hdst,https://opengameart.org/content/treasure-hunter-game-assets,CC0 1.0,
01-characters/oga-warped-character-pro-portraits1.png,キャラクター,「Warped Character Pro」より（人物）,48,48,7,OpenGameArt,Warped Character Pro,ansimuz,https://opengameart.org/content/warped-character-pro,CC0 1.0,
06-dungeon/oga-warped-super-grotto-escape-p-tileset.png,ダンジョン,「Warped: Super Grotto Escape Pack」より（ダンジョンのタイル）,368,240,22,OpenGameArt,Warped: Super Grotto Escape Pack,ansimuz,https://opengameart.org/content/warped-super-grotto-escape-pack,CC0 1.0,
06-dungeon/oga-warped-top-down-tech-lab-tileset.png,ダンジョン,「Warped Top-Down Tech Lab」より（ダンジョンのタイル）,240,176,17,OpenGameArt,Warped Top-Down Tech Lab,ansimuz,https://opengameart.org/content/warped-top-down-tech-lab,CC0 1.0,
04-field/oga-water16x16-water16x16-v-1.png,フィールド,「Water16x16」より（フィールドのタイル）,80,64,15,OpenGameArt,Water16x16,GrumpyDiamond,https://opengameart.org/content/water16x16,CC0 1.0,
04-field/oga-waterworld-tileset-16x16-tileset-waterworld.png,フィールド,「Waterworld tileset 16x16」より（フィールドのタイル）,192,192,92,OpenGameArt,Waterworld tileset 16x16,coem,https://opengameart.org/content/waterworld-tileset-16x16,CC0 1.0,
08-objects-items/oga-weapons-64x64-w-katana-diamond.png,小物・アイテム・乗り物,「Weapons [64x64]」より（小物・アイテム）,64,64,129,OpenGameArt,Weapons [64x64],LordNeo,https://opengameart.org/content/weapons-64x64,CC0 1.0,
08-objects-items/oga-well-16x32-sprite-well-00-0.png,小物・アイテム・乗り物,「well 16x32 sprite」より（小物・アイテム）,48,48,16,OpenGameArt,well 16x32 sprite,InThePixel,https://opengameart.org/content/well-16x32-sprite,CC0 1.0,
04-field/oga-wheatfields-tileset-wheatfields-tilese.png,フィールド,「Wheatfields Tileset」より（フィールドのタイル）,80,144,10,OpenGameArt,Wheatfields Tileset,ARoachIFoundOnMyPillow,https://opengameart.org/content/wheatfields-tileset,CC0 1.0,
08-objects-items/oga-whip-64-x-64-whip.png,小物・アイテム・乗り物,「Whip [64 x 64]」より（小物・アイテム）,64,64,87,OpenGameArt,Whip [64 x 64],LordNeo,https://opengameart.org/content/whip-64-x-64,CC0 1.0,
04-field/oga-winter-tileset-16x16-snowy-tileset-zaph.png,フィールド,「Winter Tileset [16x16]」より（フィールドのタイル）,256,256,26,OpenGameArt,Winter Tileset [16x16],zaphgames,https://opengameart.org/content/winter-tileset-16x16,CC0 1.0,
01-characters/oga-woman-rpg-character-mother-sprite-shee.png,キャラクター,「Woman RPG Character」より（人物）,111,111,73,OpenGameArt,Woman RPG Character,josepharaoh99,https://opengameart.org/content/woman-rpg-character,CC0 1.0,
02-monsters/oga-zombie-and-skeleton-32x48-zombie-n-skeleton2.png,モンスター,「Zombie and Skeleton 32x48」より（魔物）,288,256,219,OpenGameArt,Zombie and Skeleton 32x48,Reemax ほか: artisticdude,https://opengameart.org/content/zombie-and-skeleton-32x48,CC0 1.0,
04-field/oga-zoria-cc0-pack-blowharder.png,フィールド,「[Zoria] cc0 pack」より（フィールドのタイル）,1856,608,38,OpenGameArt,[Zoria] cc0 pack,Baŝto,https://opengameart.org/content/zoria-cc0-pack,CC0 1.0,
02-monsters/oga-battler-forward-monsters.png,モンスター,正面向きの魔物セットより: 正面向きの魔物（歩き・戦闘用の一覧）,576,384,49,OpenGameArt,Singular Direction Monsters + Battlers,Some Weirdo,https://opengameart.org/content/singular-direction-monsters-battlers,CC0 1.0,
02-monsters/oga-battler-grinning-crawler.png,モンスター,正面向きの魔物セットより: 笑う這いずり,96,96,7,OpenGameArt,Singular Direction Monsters + Battlers,Some Weirdo,https://opengameart.org/content/singular-direction-monsters-battlers,CC0 1.0,
02-monsters/oga-battler-grinning-flier.png,モンスター,正面向きの魔物セットより: 笑う飛び魔,192,96,8,OpenGameArt,Singular Direction Monsters + Battlers,Some Weirdo,https://opengameart.org/content/singular-direction-monsters-battlers,CC0 1.0,
02-monsters/oga-battler-zombie-mage.png,モンスター,正面向きの魔物セットより: ゾンビの魔法使い,144,144,9,OpenGameArt,Singular Direction Monsters + Battlers,Some Weirdo,https://opengameart.org/content/singular-direction-monsters-battlers,CC0 1.0,
02-monsters/oga-battler-floatguy.png,モンスター,正面向きの魔物セットより: 浮かぶ魔物,144,144,9,OpenGameArt,Singular Direction Monsters + Battlers,Some Weirdo,https://opengameart.org/content/singular-direction-monsters-battlers,CC0 1.0,
03-bosses/oga-battler-bad-optics.png,ボス,正面向きの魔物セットより: 目玉の魔物,144,240,7,OpenGameArt,Singular Direction Monsters + Battlers,Some Weirdo,https://opengameart.org/content/singular-direction-monsters-battlers,CC0 1.0,
02-monsters/oga-battler-grey-ooze.png,モンスター,正面向きの魔物セットより: 灰色のねばねば,96,96,1,OpenGameArt,Singular Direction Monsters + Battlers,Some Weirdo,https://opengameart.org/content/singular-direction-monsters-battlers,CC0 1.0,
02-monsters/oga-battler-snake.png,モンスター,正面向きの魔物セットより: ヘビ,96,96,3,OpenGameArt,Singular Direction Monsters + Battlers,Some Weirdo,https://opengameart.org/content/singular-direction-monsters-battlers,CC0 1.0,
02-monsters/oga-battler-bat.png,モンスター,正面向きの魔物セットより: コウモリ,96,48,3,OpenGameArt,Singular Direction Monsters + Battlers,Some Weirdo,https://opengameart.org/content/singular-direction-monsters-battlers,CC0 1.0,
03-bosses/oga-hydra.png,ボス,多頭の竜（ヒドラ）,960,960,7,OpenGameArt,Piskel Hydra enemy,PINKCANNON,https://opengameart.org/content/piskel-hydra-enemy,CC0 1.0,
03-bosses/oga-forest-troll.png,ボス,森のトロル,160,192,21,OpenGameArt,Forest troll,Blind Harpy Gamedev,https://opengameart.org/content/forest-troll,CC0 1.0,
03-bosses/oga-troll.png,ボス,トロル,247,181,8,OpenGameArt,Troll [Animated] - Classic Hero Edit,Umz,https://opengameart.org/content/troll-animated-classic-hero-edit,CC0 1.0,
03-bosses/oga-necromancer.png,ボス,死霊使い,164,134,8,OpenGameArt,Mr. Necromancer Man [Animated],Disthron,https://opengameart.org/content/mr-necromancer-man-animated,CC0 1.0,
02-monsters/oga-gargoyle.png,モンスター,ガーゴイル,67,68,43,OpenGameArt,Gargoyle,dr_corchit,https://opengameart.org/content/gargoyle-0,CC0 1.0,
02-monsters/oga-forest-redling-annoyed.png,モンスター,森の丸い魔物（怒り顔）,13,13,7,OpenGameArt,Forestredling,marionline,https://opengameart.org/content/forestredling,CC0 1.0,背景色を透明にして余白を切った
02-monsters/oga-1bit-crypt-characters.png,モンスター,1bitの吸血鬼・狼男・グール・主人公,128,256,2,OpenGameArt,1-Bit Doomcrypt Kit,B77345-100,https://opengameart.org/content/1-bit-doomcrypt-kit,CC0 1.0,
06-dungeon/oga-1bit-crypt-tiles.png,ダンジョン,1bitの修道院・墓地のタイル,128,48,2,OpenGameArt,1-Bit Doomcrypt Kit,B77345-100,https://opengameart.org/content/1-bit-doomcrypt-kit,CC0 1.0,
05-maps/oga-1bit-crypt-map-1.gif,マップ（完成図・見本）,1bitの修道院のマップ見本1,768,768,2,OpenGameArt,1-Bit Doomcrypt Kit,B77345-100,https://opengameart.org/content/1-bit-doomcrypt-kit,CC0 1.0,
01-characters/oga-surt-elder.png,キャラクター,町の人と生き物（16×16）: 老人,16,16,8,OpenGameArt,surtizens,pebonius,https://opengameart.org/content/surtizens,CC0 1.0,
01-characters/oga-surt-human-1.png,キャラクター,町の人と生き物（16×16）: 町の人1,16,16,10,OpenGameArt,surtizens,pebonius,https://opengameart.org/content/surtizens,CC0 1.0,
01-characters/oga-surt-human-2.png,キャラクター,町の人と生き物（16×16）: 町の人2,16,16,8,OpenGameArt,surtizens,pebonius,https://opengameart.org/content/surtizens,CC0 1.0,
02-monsters/oga-surt-goblin.png,モンスター,町の人と生き物（16×16）: ゴブリン,16,16,9,OpenGameArt,surtizens,pebonius,https://opengameart.org/content/surtizens,CC0 1.0,
02-monsters/oga-surt-orc.png,モンスター,町の人と生き物（16×16）: オーク,16,16,10,OpenGameArt,surtizens,pebonius,https://opengameart.org/content/surtizens,CC0 1.0,
03-bosses/oga-surt-minotaur.png,ボス,町の人と生き物（16×16）: 牛頭の魔物,16,16,11,OpenGameArt,surtizens,pebonius,https://opengameart.org/content/surtizens,CC0 1.0,
01-characters/oga-surt-frog.png,キャラクター,町の人と生き物（16×16）: カエル,16,16,5,OpenGameArt,surtizens,pebonius,https://opengameart.org/content/surtizens,CC0 1.0,
01-characters/oga-surt-duck.png,キャラクター,町の人と生き物（16×16）: アヒル,16,16,11,OpenGameArt,surtizens,pebonius,https://opengameart.org/content/surtizens,CC0 1.0,
01-characters/oga-surt-dog.png,キャラクター,町の人と生き物（16×16）: 犬,16,16,5,OpenGameArt,surtizens,pebonius,https://opengameart.org/content/surtizens,CC0 1.0,
02-monsters/oga-1bit-wild-characters.png,モンスター,1bitの荒れ地の人物とゴブリン・オーク,128,192,2,OpenGameArt,1-Bit Doomland Kit,B77345-100,https://opengameart.org/content/1-bit-doomland-kit,CC0 1.0,
04-field/oga-1bit-wild-tiles.png,フィールド,1bitの荒れ地のタイル,128,64,2,OpenGameArt,1-Bit Doomland Kit,B77345-100,https://opengameart.org/content/1-bit-doomland-kit,CC0 1.0,
08-objects-items/oga-1bit-wild-items.png,小物・アイテム・乗り物,1bitの薬と宝箱,96,48,2,OpenGameArt,1-Bit Doomland Kit,B77345-100,https://opengameart.org/content/1-bit-doomland-kit,CC0 1.0,
02-monsters/oga-tiny-forest-treant.png,モンスター,木の魔物（歩き・正面）,124,35,11,OpenGameArt,Tiny RPG - Forest,ansimuz,https://opengameart.org/content/tiny-rpg-forest,CC0 1.0,
02-monsters/oga-tiny-forest-mole.png,モンスター,モグラの魔物（歩き・正面）,96,24,8,OpenGameArt,Tiny RPG - Forest,ansimuz,https://opengameart.org/content/tiny-rpg-forest,CC0 1.0,
01-characters/oga-tiny-forest-archer.png,キャラクター,弓使いの主人公（歩き・正面）,192,32,11,OpenGameArt,Tiny RPG - Forest,ansimuz,https://opengameart.org/content/tiny-rpg-forest,CC0 1.0,
01-characters/oga-merfolk.gif,キャラクター,人魚（泳ぎのアニメ）,100,80,11,OpenGameArt,Mer RPG Character,Shepardskin,https://opengameart.org/content/mer-rpg-character,CC0 1.0,
01-characters/oga-snakefolk.gif,キャラクター,ヘビの種族（歩きのアニメ）,100,80,21,OpenGameArt,Snake RPG Character,Shepardskin,https://opengameart.org/content/snake-rpg-character,CC0 1.0,
04-field/oga-nats-grass-scenery.png,フィールド,8×8の草と石の置物,64,64,62,OpenGameArt,Nat's 8x8 Starter Pack,nateonus,https://opengameart.org/content/nats-8x8-starter-pack,CC0 1.0,
04-field/oga-nats-desert-scenery.png,フィールド,8×8の砂漠の置物,40,40,10,OpenGameArt,Nat's 8x8 Starter Pack,nateonus,https://opengameart.org/content/nats-8x8-starter-pack,CC0 1.0,
04-field/oga-nats-grass-tiles.png,フィールド,8×8の草と土のタイル,48,48,14,OpenGameArt,Nat's 8x8 Starter Pack,nateonus,https://opengameart.org/content/nats-8x8-starter-pack,CC0 1.0,
04-field/oga-nats-sand-tiles.png,フィールド,8×8の砂のタイル,48,48,9,OpenGameArt,Nat's 8x8 Starter Pack,nateonus,https://opengameart.org/content/nats-8x8-starter-pack,CC0 1.0,
06-dungeon/oga-nats-stone-tiles.png,ダンジョン,8×8の石のタイル,48,48,14,OpenGameArt,Nat's 8x8 Starter Pack,nateonus,https://opengameart.org/content/nats-8x8-starter-pack,CC0 1.0,
07-town-indoor/oga-nats-house-inner.png,町・屋内,8×8の家の中のタイル,56,40,16,OpenGameArt,Nat's 8x8 Starter Pack,nateonus,https://opengameart.org/content/nats-8x8-starter-pack,CC0 1.0,
02-monsters/oga-nats-sheep.png,モンスター,8×8のヒツジ,88,8,8,OpenGameArt,Nat's 8x8 Starter Pack,nateonus,https://opengameart.org/content/nats-8x8-starter-pack,CC0 1.0,
01-characters/mw-mage-red.png,キャラクター,MiniWorld: 魔法使い（赤）,96,128,5,OpenGameArt,MiniWorld Sprites,Shade,https://opengameart.org/content/miniworld-sprites,CC0 1.0,
01-characters/mw-bowman-red.png,キャラクター,MiniWorld: 弓兵（赤）,80,128,12,OpenGameArt,MiniWorld Sprites,Shade,https://opengameart.org/content/miniworld-sprites,CC0 1.0,
01-characters/mw-assassin.png,キャラクター,MiniWorld: 暗殺者,80,192,7,OpenGameArt,MiniWorld Sprites,Shade,https://opengameart.org/content/miniworld-sprites,CC0 1.0,
01-characters/mw-spearman.png,キャラクター,MiniWorld: 槍兵,80,224,12,OpenGameArt,MiniWorld Sprites,Shade,https://opengameart.org/content/miniworld-sprites,CC0 1.0,
01-characters/mw-axeman.png,キャラクター,MiniWorld: 斧兵,96,96,9,OpenGameArt,MiniWorld Sprites,Shade,https://opengameart.org/content/miniworld-sprites,CC0 1.0,
01-characters/mw-mounted-knight-purple.png,キャラクター,MiniWorld: 騎馬の騎士（紫）,128,384,17,OpenGameArt,MiniWorld Sprites,Shade,https://opengameart.org/content/miniworld-sprites,CC0 1.0,
08-objects-items/mw-ballista.png,小物・アイテム・乗り物,MiniWorld: 大弓（据え置き）,112,64,9,OpenGameArt,MiniWorld Sprites,Shade,https://opengameart.org/content/miniworld-sprites,CC0 1.0,
02-monsters/mw-marine-animals.png,モンスター,MiniWorld: 海の生き物,80,64,21,OpenGameArt,MiniWorld Sprites,Shade,https://opengameart.org/content/miniworld-sprites,CC0 1.0,
07-town-indoor/mw-keep-red.png,町・屋内,MiniWorld: とりで（赤い屋根）,96,64,14,OpenGameArt,MiniWorld Sprites,Shade,https://opengameart.org/content/miniworld-sprites,CC0 1.0,
07-town-indoor/mw-chapels-red.png,町・屋内,MiniWorld: 礼拝堂（赤い屋根）,48,32,17,OpenGameArt,MiniWorld Sprites,Shade,https://opengameart.org/content/miniworld-sprites,CC0 1.0,
08-objects-items/mw-ship-red.png,小物・アイテム・乗り物,MiniWorld: 船（赤）,96,32,9,OpenGameArt,MiniWorld Sprites,Shade,https://opengameart.org/content/miniworld-sprites,CC0 1.0,
07-town-indoor/mw-well-red.png,町・屋内,MiniWorld: 井戸（赤）,48,32,13,OpenGameArt,MiniWorld Sprites,Shade,https://opengameart.org/content/miniworld-sprites,CC0 1.0,
01-characters/pipoya-townsman-young-b.png,キャラクター,若者男（色違いb）。32×32、4方向×3コマ,96,128,32,ぴぽや倉庫,RPGキャラ基本セット（キャラチップ.zip）,ぴぽや,https://pipoya.net/sozai/assets/charachip/character-chip-1/,ぴぽや 無料素材利用規約,
01-characters/pipoya-townswoman-young-b.png,キャラクター,若者女（色違いb）。32×32、4方向×3コマ,96,128,32,ぴぽや倉庫,RPGキャラ基本セット（キャラチップ.zip）,ぴぽや,https://pipoya.net/sozai/assets/charachip/character-chip-1/,ぴぽや 無料素材利用規約,
01-characters/pipoya-townsman-middle-b.png,キャラクター,中年男（色違いb）。32×32、4方向×3コマ,96,128,33,ぴぽや倉庫,RPGキャラ基本セット（キャラチップ.zip）,ぴぽや,https://pipoya.net/sozai/assets/charachip/character-chip-1/,ぴぽや 無料素材利用規約,
01-characters/pipoya-townswoman-middle-b.png,キャラクター,中年女（色違いb）。32×32、4方向×3コマ,96,128,32,ぴぽや倉庫,RPGキャラ基本セット（キャラチップ.zip）,ぴぽや,https://pipoya.net/sozai/assets/charachip/character-chip-1/,ぴぽや 無料素材利用規約,
01-characters/pipoya-old-man-b.png,キャラクター,老人男（色違いb）。32×32、4方向×3コマ,96,128,26,ぴぽや倉庫,RPGキャラ基本セット（キャラチップ.zip）,ぴぽや,https://pipoya.net/sozai/assets/charachip/character-chip-1/,ぴぽや 無料素材利用規約,
01-characters/pipoya-old-woman-b.png,キャラクター,老人女（色違いb）。32×32、4方向×3コマ,96,128,28,ぴぽや倉庫,RPGキャラ基本セット（キャラチップ.zip）,ぴぽや,https://pipoya.net/sozai/assets/charachip/character-chip-1/,ぴぽや 無料素材利用規約,
01-characters/pipoya-boy-b.png,キャラクター,子供男（色違いb）。32×32、4方向×3コマ,96,128,32,ぴぽや倉庫,RPGキャラ基本セット（キャラチップ.zip）,ぴぽや,https://pipoya.net/sozai/assets/charachip/character-chip-1/,ぴぽや 無料素材利用規約,
01-characters/pipoya-girl-b.png,キャラクター,子供女（色違いb）。32×32、4方向×3コマ,96,128,27,ぴぽや倉庫,RPGキャラ基本セット（キャラチップ.zip）,ぴぽや,https://pipoya.net/sozai/assets/charachip/character-chip-1/,ぴぽや 無料素材利用規約,
01-characters/pipoya-king-b.png,キャラクター,王（色違いb）。32×32、4方向×3コマ,96,128,35,ぴぽや倉庫,RPGキャラ基本セット（キャラチップ.zip）,ぴぽや,https://pipoya.net/sozai/assets/charachip/character-chip-1/,ぴぽや 無料素材利用規約,
01-characters/pipoya-queen-b.png,キャラクター,王妃（色違いb）。32×32、4方向×3コマ,96,128,30,ぴぽや倉庫,RPGキャラ基本セット（キャラチップ.zip）,ぴぽや,https://pipoya.net/sozai/assets/charachip/character-chip-1/,ぴぽや 無料素材利用規約,
01-characters/pipoya-prince-b.png,キャラクター,王子（色違いb）。32×32、4方向×3コマ,96,128,34,ぴぽや倉庫,RPGキャラ基本セット（キャラチップ.zip）,ぴぽや,https://pipoya.net/sozai/assets/charachip/character-chip-1/,ぴぽや 無料素材利用規約,
01-characters/pipoya-princess-b.png,キャラクター,王女（色違いb）。32×32、4方向×3コマ,96,128,30,ぴぽや倉庫,RPGキャラ基本セット（キャラチップ.zip）,ぴぽや,https://pipoya.net/sozai/assets/charachip/character-chip-1/,ぴぽや 無料素材利用規約,
01-characters/pipoya-minister-b.png,キャラクター,大臣（色違いb）。32×32、4方向×3コマ,96,128,25,ぴぽや倉庫,RPGキャラ基本セット（キャラチップ.zip）,ぴぽや,https://pipoya.net/sozai/assets/charachip/character-chip-1/,ぴぽや 無料素材利用規約,
01-characters/pipoya-priest-b.png,キャラクター,神官（色違いb）。32×32、4方向×3コマ,96,128,24,ぴぽや倉庫,RPGキャラ基本セット（キャラチップ.zip）,ぴぽや,https://pipoya.net/sozai/assets/charachip/character-chip-1/,ぴぽや 無料素材利用規約,
01-characters/pipoya-maid-b.png,キャラクター,メイド（色違いb）。32×32、4方向×3コマ,96,128,27,ぴぽや倉庫,RPGキャラ基本セット（キャラチップ.zip）,ぴぽや,https://pipoya.net/sozai/assets/charachip/character-chip-1/,ぴぽや 無料素材利用規約,
01-characters/pipoya-soldier-b.png,キャラクター,兵士（色違いb）。32×32、4方向×3コマ,96,128,19,ぴぽや倉庫,RPGキャラ基本セット（キャラチップ.zip）,ぴぽや,https://pipoya.net/sozai/assets/charachip/character-chip-1/,ぴぽや 無料素材利用規約,
02-monsters/pipoya-monster-e.png,モンスター,魔物（色違いe）。32×32、4方向×3コマ,96,128,14,ぴぽや倉庫,RPGキャラ基本セット（キャラチップ.zip）,ぴぽや,https://pipoya.net/sozai/assets/charachip/character-chip-1/,ぴぽや 無料素材利用規約,
01-characters/pipoya-hero-m-c.png,キャラクター,勇者男（色違いc）。32×32、4方向×3コマ,96,128,46,ぴぽや倉庫,RPGキャラ基本セット（キャラチップ.zip）,ぴぽや,https://pipoya.net/sozai/assets/charachip/character-chip-1/,ぴぽや 無料素材利用規約,
01-characters/pipoya-hero-f-c.png,キャラクター,勇者女（色違いc）。32×32、4方向×3コマ,96,128,39,ぴぽや倉庫,RPGキャラ基本セット（キャラチップ.zip）,ぴぽや,https://pipoya.net/sozai/assets/charachip/character-chip-1/,ぴぽや 無料素材利用規約,
01-characters/pipoya-warrior-m-c.png,キャラクター,戦士男（色違いc）。32×32、4方向×3コマ,96,128,27,ぴぽや倉庫,RPGキャラ基本セット（キャラチップ.zip）,ぴぽや,https://pipoya.net/sozai/assets/charachip/character-chip-1/,ぴぽや 無料素材利用規約,
01-characters/pipoya-warrior-f-c.png,キャラクター,戦士女（色違いc）。32×32、4方向×3コマ,96,128,29,ぴぽや倉庫,RPGキャラ基本セット（キャラチップ.zip）,ぴぽや,https://pipoya.net/sozai/assets/charachip/character-chip-1/,ぴぽや 無料素材利用規約,
01-characters/pipoya-mage-m-c.png,キャラクター,魔法使い男（色違いc）。32×32、4方向×3コマ,96,128,37,ぴぽや倉庫,RPGキャラ基本セット（キャラチップ.zip）,ぴぽや,https://pipoya.net/sozai/assets/charachip/character-chip-1/,ぴぽや 無料素材利用規約,
01-characters/pipoya-mage-f-c.png,キャラクター,魔法使い女（色違いc）。32×32、4方向×3コマ,96,128,37,ぴぽや倉庫,RPGキャラ基本セット（キャラチップ.zip）,ぴぽや,https://pipoya.net/sozai/assets/charachip/character-chip-1/,ぴぽや 無料素材利用規約,
01-characters/pipoya-cleric-m-c.png,キャラクター,僧侶男（色違いc）。32×32、4方向×3コマ,96,128,34,ぴぽや倉庫,RPGキャラ基本セット（キャラチップ.zip）,ぴぽや,https://pipoya.net/sozai/assets/charachip/character-chip-1/,ぴぽや 無料素材利用規約,
01-characters/pipoya-cleric-f-c.png,キャラクター,僧侶女（色違いc）。32×32、4方向×3コマ,96,128,33,ぴぽや倉庫,RPGキャラ基本セット（キャラチップ.zip）,ぴぽや,https://pipoya.net/sozai/assets/charachip/character-chip-1/,ぴぽや 無料素材利用規約,
01-characters/pipoya-thief-m-c.png,キャラクター,盗賊男（色違いc）。32×32、4方向×3コマ,96,128,32,ぴぽや倉庫,RPGキャラ基本セット（キャラチップ.zip）,ぴぽや,https://pipoya.net/sozai/assets/charachip/character-chip-1/,ぴぽや 無料素材利用規約,
01-characters/pipoya-thief-f-c.png,キャラクター,盗賊女（色違いc）。32×32、4方向×3コマ,96,128,33,ぴぽや倉庫,RPGキャラ基本セット（キャラチップ.zip）,ぴぽや,https://pipoya.net/sozai/assets/charachip/character-chip-1/,ぴぽや 無料素材利用規約,
01-characters/pipoya2-catfolk-pumpkin-bear.png,キャラクター,猫にん・カボチャクマ。32×32,96,128,14,ぴぽや倉庫,ぴぽやキャラチップ32出力素材（ぴぽや32×32 出力画像＋α）,ぴぽや,https://pipoya.net/sozai/assets/charachip/character-chip-2/,ぴぽや 無料素材利用規約,
01-characters/pipoya2-catfolk-bear2.png,キャラクター,猫にん・クマ2。32×32,96,128,16,ぴぽや倉庫,ぴぽやキャラチップ32出力素材（ぴぽや32×32 出力画像＋α）,ぴぽや,https://pipoya.net/sozai/assets/charachip/character-chip-2/,ぴぽや 無料素材利用規約,
01-characters/pipoya2-catfolk-siamese.png,キャラクター,猫にん・シャム猫。32×32,96,128,17,ぴぽや倉庫,ぴぽやキャラチップ32出力素材（ぴぽや32×32 出力画像＋α）,ぴぽや,https://pipoya.net/sozai/assets/charachip/character-chip-2/,ぴぽや 無料素材利用規約,
01-characters/pipoya2-catfolk-watermelon1.png,キャラクター,猫にん・スイカ猫1。32×32,96,128,30,ぴぽや倉庫,ぴぽやキャラチップ32出力素材（ぴぽや32×32 出力画像＋α）,ぴぽや,https://pipoya.net/sozai/assets/charachip/character-chip-2/,ぴぽや 無料素材利用規約,
01-characters/pipoya2-catfolk-watermelon2.png,キャラクター,猫にん・スイカ猫2。32×32,96,128,31,ぴぽや倉庫,ぴぽやキャラチップ32出力素材（ぴぽや32×32 出力画像＋α）,ぴぽや,https://pipoya.net/sozai/assets/charachip/character-chip-2/,ぴぽや 無料素材利用規約,
01-characters/pipoya2-catfolk-ribbon.png,キャラクター,猫にん・リボン猫。32×32,96,128,20,ぴぽや倉庫,ぴぽやキャラチップ32出力素材（ぴぽや32×32 出力画像＋α）,ぴぽや,https://pipoya.net/sozai/assets/charachip/character-chip-2/,ぴぽや 無料素材利用規約,
01-characters/pipoya2-catfolk-builder.png,キャラクター,猫にん・工事猫。32×32,96,128,15,ぴぽや倉庫,ぴぽやキャラチップ32出力素材（ぴぽや32×32 出力画像＋α）,ぴぽや,https://pipoya.net/sozai/assets/charachip/character-chip-2/,ぴぽや 無料素材利用規約,
01-characters/pipoya2-catfolk-sakura-bear.png,キャラクター,猫にん・桜アフロクマ。32×32,96,128,19,ぴぽや倉庫,ぴぽやキャラチップ32出力素材（ぴぽや32×32 出力画像＋α）,ぴぽや,https://pipoya.net/sozai/assets/charachip/character-chip-2/,ぴぽや 無料素材利用規約,
01-characters/pipoya2-catfolk-sailor.png,キャラクター,猫にん・海猫。32×32,96,128,42,ぴぽや倉庫,ぴぽやキャラチップ32出力素材（ぴぽや32×32 出力画像＋α）,ぴぽや,https://pipoya.net/sozai/assets/charachip/character-chip-2/,ぴぽや 無料素材利用規約,
01-characters/pipoya2-catfolk-cat-in-cat.png,キャラクター,猫にん・猫イン猫。32×32,96,128,17,ぴぽや倉庫,ぴぽやキャラチップ32出力素材（ぴぽや32×32 出力画像＋α）,ぴぽや,https://pipoya.net/sozai/assets/charachip/character-chip-2/,ぴぽや 無料素材利用規約,
01-characters/pipoya2-catfolk-serious.png,キャラクター,猫にん・真面目猫。32×32,96,128,25,ぴぽや倉庫,ぴぽやキャラチップ32出力素材（ぴぽや32×32 出力画像＋α）,ぴぽや,https://pipoya.net/sozai/assets/charachip/character-chip-2/,ぴぽや 無料素材利用規約,
01-characters/pipoya2-catfolk-gold-medal.png,キャラクター,猫にん・金メダル猫。32×32,96,128,29,ぴぽや倉庫,ぴぽやキャラチップ32出力素材（ぴぽや32×32 出力画像＋α）,ぴぽや,https://pipoya.net/sozai/assets/charachip/character-chip-2/,ぴぽや 無料素材利用規約,
01-characters/pipoya2-dog1-real.png,キャラクター,犬1リアル目。32×32,96,128,10,ぴぽや倉庫,ぴぽやキャラチップ32出力素材（ぴぽや32×32 出力画像＋α）,ぴぽや,https://pipoya.net/sozai/assets/charachip/character-chip-2/,ぴぽや 無料素材利用規約,
01-characters/pipoya2-dog2-real.png,キャラクター,犬2リアル目。32×32,96,128,10,ぴぽや倉庫,ぴぽやキャラチップ32出力素材（ぴぽや32×32 出力画像＋α）,ぴぽや,https://pipoya.net/sozai/assets/charachip/character-chip-2/,ぴぽや 無料素材利用規約,
01-characters/pipoya2-dog3-real.png,キャラクター,犬3リアル目。32×32,96,128,9,ぴぽや倉庫,ぴぽやキャラチップ32出力素材（ぴぽや32×32 出力画像＋α）,ぴぽや,https://pipoya.net/sozai/assets/charachip/character-chip-2/,ぴぽや 無料素材利用規約,
01-characters/pipoya2-cat1-real.png,キャラクター,猫1リアル目。32×32,96,128,8,ぴぽや倉庫,ぴぽやキャラチップ32出力素材（ぴぽや32×32 出力画像＋α）,ぴぽや,https://pipoya.net/sozai/assets/charachip/character-chip-2/,ぴぽや 無料素材利用規約,
01-characters/pipoya2-cat2-real.png,キャラクター,猫2リアル目。32×32,96,128,9,ぴぽや倉庫,ぴぽやキャラチップ32出力素材（ぴぽや32×32 出力画像＋α）,ぴぽや,https://pipoya.net/sozai/assets/charachip/character-chip-2/,ぴぽや 無料素材利用規約,
01-characters/pipoya2-cat3-real.png,キャラクター,猫3リアル目。32×32,96,128,9,ぴぽや倉庫,ぴぽやキャラチップ32出力素材（ぴぽや32×32 出力画像＋α）,ぴぽや,https://pipoya.net/sozai/assets/charachip/character-chip-2/,ぴぽや 無料素材利用規約,
02-monsters/pipoya2-fiend-child.png,モンスター,魔物子供。32×32,96,128,18,ぴぽや倉庫,ぴぽやキャラチップ32出力素材（ぴぽや32×32 出力画像＋α）,ぴぽや,https://pipoya.net/sozai/assets/charachip/character-chip-2/,ぴぽや 無料素材利用規約,
02-monsters/pipoya2-fiend-f.png,モンスター,魔物汎用06。32×32,96,128,261,ぴぽや倉庫,ぴぽやキャラチップ32出力素材（ぴぽや32×32 出力画像＋α）,ぴぽや,https://pipoya.net/sozai/assets/charachip/character-chip-2/,ぴぽや 無料素材利用規約,
02-monsters/pipoya2-fiend-h.png,モンスター,魔物汎用08。32×32,96,128,261,ぴぽや倉庫,ぴぽやキャラチップ32出力素材（ぴぽや32×32 出力画像＋α）,ぴぽや,https://pipoya.net/sozai/assets/charachip/character-chip-2/,ぴぽや 無料素材利用規約,
02-monsters/pipoya-symbol-enemy-8dir-a.png,モンスター,シンボルエネミー（8方向・色a）。32×32,192,128,261,ぴぽや倉庫,シンプルエネミーシンボル32×32キャラチップ（pipo-simpleenemy01.zip の「４方向」）,ぴぽや,https://pipoya.net/sozai/assets/charachip/character-chip-1/,ぴぽや 無料素材利用規約,
02-monsters/pipoya-symbol-enemy-8dir-e.png,モンスター,シンボルエネミー（8方向・色e）。32×32,192,128,261,ぴぽや倉庫,シンプルエネミーシンボル32×32キャラチップ（pipo-simpleenemy01.zip の「４方向」）,ぴぽや,https://pipoya.net/sozai/assets/charachip/character-chip-1/,ぴぽや 無料素材利用規約,
02-monsters/pipoya-symbol-enemy-8dir-i.png,モンスター,シンボルエネミー（8方向・色i）。32×32,192,128,261,ぴぽや倉庫,シンプルエネミーシンボル32×32キャラチップ（pipo-simpleenemy01.zip の「４方向」）,ぴぽや,https://pipoya.net/sozai/assets/charachip/character-chip-1/,ぴぽや 無料素材利用規約,
02-monsters/pipoya-symbol-enemy-8dir-m.png,モンスター,シンボルエネミー（8方向・色m）。32×32,192,128,261,ぴぽや倉庫,シンプルエネミーシンボル32×32キャラチップ（pipo-simpleenemy01.zip の「４方向」）,ぴぽや,https://pipoya.net/sozai/assets/charachip/character-chip-1/,ぴぽや 無料素材利用規約,
02-monsters/pipoya-symbol-enemy-8dir-o.png,モンスター,シンボルエネミー（8方向・色o）。32×32,192,128,261,ぴぽや倉庫,シンプルエネミーシンボル32×32キャラチップ（pipo-simpleenemy01.zip の「４方向」）,ぴぽや,https://pipoya.net/sozai/assets/charachip/character-chip-1/,ぴぽや 無料素材利用規約,
02-monsters/pipoya-symbol-enemy-8dir-p.png,モンスター,シンボルエネミー（8方向・色p）。32×32,192,128,261,ぴぽや倉庫,シンプルエネミーシンボル32×32キャラチップ（pipo-simpleenemy01.zip の「４方向」）,ぴぽや,https://pipoya.net/sozai/assets/charachip/character-chip-1/,ぴぽや 無料素材利用規約,
02-monsters/pipoya-symbol-enemy-k.png,モンスター,シンボルエネミー（色k）。32×32、4方向,96,128,261,ぴぽや倉庫,シンプルエネミーシンボル32×32キャラチップ（pipo-simpleenemy01.zip の「４方向」）,ぴぽや,https://pipoya.net/sozai/assets/charachip/character-chip-1/,ぴぽや 無料素材利用規約,
01-characters/pipoya-halloween-old-witch.png,キャラクター,魔女。4方向×3コマ,96,128,13,ぴぽや倉庫,ハロウィンキャラクター（ハロウィンキャラチップ.zip）,ぴぽや,https://pipoya.net/sozai/assets/charachip/character-chip-1/,ぴぽや 無料素材利用規約,
02-monsters/pipoya-halloween-old-skeleton.png,モンスター,ガイコツ。4方向×3コマ,96,128,4,ぴぽや倉庫,ハロウィンキャラクター（ハロウィンキャラチップ.zip）,ぴぽや,https://pipoya.net/sozai/assets/charachip/character-chip-1/,ぴぽや 無料素材利用規約,
02-monsters/pipoya-halloween-old-ghost.png,モンスター,オバケ。4方向×3コマ,96,128,4,ぴぽや倉庫,ハロウィンキャラクター（ハロウィンキャラチップ.zip）,ぴぽや,https://pipoya.net/sozai/assets/charachip/character-chip-1/,ぴぽや 無料素材利用規約,
02-monsters/pipoya-halloween-old-bat.png,モンスター,コウモリ。4方向×3コマ,96,128,5,ぴぽや倉庫,ハロウィンキャラクター（ハロウィンキャラチップ.zip）,ぴぽや,https://pipoya.net/sozai/assets/charachip/character-chip-1/,ぴぽや 無料素材利用規約,
02-monsters/pipoya-halloween-old-pumpkin.png,モンスター,カボチャ。4方向×3コマ,96,128,5,ぴぽや倉庫,ハロウィンキャラクター（ハロウィンキャラチップ.zip）,ぴぽや,https://pipoya.net/sozai/assets/charachip/character-chip-1/,ぴぽや 無料素材利用規約,
03-bosses/pipoya-halloween-old-big-pumpkin.png,ボス,デカカボチャ（64×64）。4方向×3コマ,192,256,5,ぴぽや倉庫,ハロウィンキャラクター（ハロウィンキャラチップ.zip）,ぴぽや,https://pipoya.net/sozai/assets/charachip/character-chip-1/,ぴぽや 無料素材利用規約,
01-characters/pipoya-xmas-santa.png,キャラクター,サンタクロース。32×32、4方向×3コマ,96,128,16,ぴぽや倉庫,クリスマスキャラクター（クリスマスキャラチップ.zip）,ぴぽや,https://pipoya.net/sozai/assets/charachip/character-chip-1/,ぴぽや 無料素材利用規約,
01-characters/pipoya-xmas-black-santa.png,キャラクター,ブラックサンタ。32×32、4方向×3コマ,96,128,19,ぴぽや倉庫,クリスマスキャラクター（クリスマスキャラチップ.zip）,ぴぽや,https://pipoya.net/sozai/assets/charachip/character-chip-1/,ぴぽや 無料素材利用規約,
01-characters/pipoya-xmas-santa-girl.png,キャラクター,サンタガール。32×32、4方向×3コマ,96,128,28,ぴぽや倉庫,クリスマスキャラクター（クリスマスキャラチップ.zip）,ぴぽや,https://pipoya.net/sozai/assets/charachip/character-chip-1/,ぴぽや 無料素材利用規約,
02-monsters/pipoya-xmas-reindeer.png,モンスター,トナカイ。32×32、4方向×3コマ,96,128,25,ぴぽや倉庫,クリスマスキャラクター（クリスマスキャラチップ.zip）,ぴぽや,https://pipoya.net/sozai/assets/charachip/character-chip-1/,ぴぽや 無料素材利用規約,
02-monsters/pipoya-xmas-snowman.png,モンスター,雪だるま。32×32、4方向×3コマ,96,128,19,ぴぽや倉庫,クリスマスキャラクター（クリスマスキャラチップ.zip）,ぴぽや,https://pipoya.net/sozai/assets/charachip/character-chip-1/,ぴぽや 無料素材利用規約,
02-monsters/pipoya-xmas-snowman-small.png,モンスター,子雪だるま。32×32、4方向×3コマ,96,128,13,ぴぽや倉庫,クリスマスキャラクター（クリスマスキャラチップ.zip）,ぴぽや,https://pipoya.net/sozai/assets/charachip/character-chip-1/,ぴぽや 無料素材利用規約,
08-objects-items/pipoya-sparkle-01.png,小物・アイテム・乗り物,光モノ「キラッ」,96,128,475,ぴぽや倉庫,光モノ16種（hikarimono_charachip16.zip）,ぴぽや,https://pipoya.net/sozai/assets/charachip/character-chip-1/,ぴぽや 無料素材利用規約,
08-objects-items/pipoya-sparkle-02.png,小物・アイテム・乗り物,光モノ「キラキラ」,96,128,351,ぴぽや倉庫,光モノ16種（hikarimono_charachip16.zip）,ぴぽや,https://pipoya.net/sozai/assets/charachip/character-chip-1/,ぴぽや 無料素材利用規約,
08-objects-items/pipoya-sparkle-03.png,小物・アイテム・乗り物,光モノ「ホワン」,96,128,564,ぴぽや倉庫,光モノ16種（hikarimono_charachip16.zip）,ぴぽや,https://pipoya.net/sozai/assets/charachip/character-chip-1/,ぴぽや 無料素材利用規約,
08-objects-items/pipoya-sparkle-04.png,小物・アイテム・乗り物,光モノ「ホワホワ」,96,128,1836,ぴぽや倉庫,光モノ16種（hikarimono_charachip16.zip）,ぴぽや,https://pipoya.net/sozai/assets/charachip/character-chip-1/,ぴぽや 無料素材利用規約,
08-objects-items/pipoya-sparkle-05.png,小物・アイテム・乗り物,光モノ「地面からの光１」,96,128,1087,ぴぽや倉庫,光モノ16種（hikarimono_charachip16.zip）,ぴぽや,https://pipoya.net/sozai/assets/charachip/character-chip-1/,ぴぽや 無料素材利用規約,
08-objects-items/pipoya-sparkle-06.png,小物・アイテム・乗り物,光モノ「地面からの光２」,96,128,3075,ぴぽや倉庫,光モノ16種（hikarimono_charachip16.zip）,ぴぽや,https://pipoya.net/sozai/assets/charachip/character-chip-1/,ぴぽや 無料素材利用規約,
08-objects-items/pipoya-sparkle-07.png,小物・アイテム・乗り物,光モノ「回転」,96,128,1195,ぴぽや倉庫,光モノ16種（hikarimono_charachip16.zip）,ぴぽや,https://pipoya.net/sozai/assets/charachip/character-chip-1/,ぴぽや 無料素材利用規約,
08-objects-items/pipoya-sparkle-08.png,小物・アイテム・乗り物,光モノ「星」,96,128,1112,ぴぽや倉庫,光モノ16種（hikarimono_charachip16.zip）,ぴぽや,https://pipoya.net/sozai/assets/charachip/character-chip-1/,ぴぽや 無料素材利用規約,
08-objects-items/pipoya-sparkle-09.png,小物・アイテム・乗り物,光モノ「大きいホワン」,192,256,2149,ぴぽや倉庫,光モノ16種（hikarimono_charachip16.zip）,ぴぽや,https://pipoya.net/sozai/assets/charachip/character-chip-1/,ぴぽや 無料素材利用規約,
08-objects-items/pipoya-sparkle-10.png,小物・アイテム・乗り物,光モノ「大きい回転」,192,256,4971,ぴぽや倉庫,光モノ16種（hikarimono_charachip16.zip）,ぴぽや,https://pipoya.net/sozai/assets/charachip/character-chip-1/,ぴぽや 無料素材利用規約,
08-objects-items/pipoya-sparkle-11.png,小物・アイテム・乗り物,光モノ「ヒット」,192,256,1109,ぴぽや倉庫,光モノ16種（hikarimono_charachip16.zip）,ぴぽや,https://pipoya.net/sozai/assets/charachip/character-chip-1/,ぴぽや 無料素材利用規約,
08-objects-items/pipoya-sparkle-12.png,小物・アイテム・乗り物,光モノ「魔法陣」,192,256,3205,ぴぽや倉庫,光モノ16種（hikarimono_charachip16.zip）,ぴぽや,https://pipoya.net/sozai/assets/charachip/character-chip-1/,ぴぽや 無料素材利用規約,
08-objects-items/pipoya-sparkle-13.png,小物・アイテム・乗り物,光モノ「大きい地面からの光１」,192,448,6376,ぴぽや倉庫,光モノ16種（hikarimono_charachip16.zip）,ぴぽや,https://pipoya.net/sozai/assets/charachip/character-chip-1/,ぴぽや 無料素材利用規約,
08-objects-items/pipoya-sparkle-14.png,小物・アイテム・乗り物,光モノ「大きい地面からの光２」,192,448,2621,ぴぽや倉庫,光モノ16種（hikarimono_charachip16.zip）,ぴぽや,https://pipoya.net/sozai/assets/charachip/character-chip-1/,ぴぽや 無料素材利用規約,
08-objects-items/pipoya-sparkle-15.png,小物・アイテム・乗り物,光モノ「大きい地面からの光３」,192,448,5932,ぴぽや倉庫,光モノ16種（hikarimono_charachip16.zip）,ぴぽや,https://pipoya.net/sozai/assets/charachip/character-chip-1/,ぴぽや 無料素材利用規約,
08-objects-items/pipoya-sparkle-16.png,小物・アイテム・乗り物,光モノ「大きい地面からの光４」,192,448,1863,ぴぽや倉庫,光モノ16種（hikarimono_charachip16.zip）,ぴぽや,https://pipoya.net/sozai/assets/charachip/character-chip-1/,ぴぽや 無料素材利用規約,
08-objects-items/pipoya-bomb.png,小物・アイテム・乗り物,爆弾（点火・爆発のアニメ）,192,320,87,ぴぽや倉庫,爆弾と風船（爆弾と風船.zip）,ぴぽや,https://pipoya.net/sozai/assets/charachip/character-chip-1/,ぴぽや 無料素材利用規約,
08-objects-items/pipoya-balloon.png,小物・アイテム・乗り物,風船（ゆれ・破裂のアニメ）,192,384,85,ぴぽや倉庫,爆弾と風船（爆弾と風船.zip）,ぴぽや,https://pipoya.net/sozai/assets/charachip/character-chip-1/,ぴぽや 無料素材利用規約,
08-objects-items/pipoya-openbook1.png,小物・アイテム・乗り物,ページがめくられる本,96,128,44,ぴぽや倉庫,パラパラとページがめくられる本（本がめくられるキャラチップ.zip）,ぴぽや,https://pipoya.net/sozai/assets/charachip/character-chip-1/,ぴぽや 無料素材利用規約,
08-objects-items/pipoya-openbook1b.png,小物・アイテム・乗り物,ページがめくられる本,96,128,30,ぴぽや倉庫,パラパラとページがめくられる本（本がめくられるキャラチップ.zip）,ぴぽや,https://pipoya.net/sozai/assets/charachip/character-chip-1/,ぴぽや 無料素材利用規約,
08-objects-items/pipoya-openbook2.png,小物・アイテム・乗り物,ページがめくられる本,96,128,44,ぴぽや倉庫,パラパラとページがめくられる本（本がめくられるキャラチップ.zip）,ぴぽや,https://pipoya.net/sozai/assets/charachip/character-chip-1/,ぴぽや 無料素材利用規約,
08-objects-items/pipoya-openbook2b.png,小物・アイテム・乗り物,ページがめくられる本,96,128,30,ぴぽや倉庫,パラパラとページがめくられる本（本がめくられるキャラチップ.zip）,ぴぽや,https://pipoya.net/sozai/assets/charachip/character-chip-1/,ぴぽや 無料素材利用規約,
01-characters/pipoya-compositor-sample001.png,キャラクター,グラフィック合成器用パーツで作った見本キャラ。32×32、4方向×3コマ,96,128,36,ぴぽや倉庫,ぴぽや32×32グラフィック合成器用パーツ（同梱の見本キャラ）,ぴぽや,https://pipoya.net/sozai/assets/charachip/character-chip-2/,ぴぽや 無料素材利用規約,
01-characters/pipoya-compositor-sample002.png,キャラクター,グラフィック合成器用パーツで作った見本キャラ。32×32、4方向×3コマ,96,128,38,ぴぽや倉庫,ぴぽや32×32グラフィック合成器用パーツ（同梱の見本キャラ）,ぴぽや,https://pipoya.net/sozai/assets/charachip/character-chip-2/,ぴぽや 無料素材利用規約,
01-characters/pipoya-compositor-sample003.png,キャラクター,グラフィック合成器用パーツで作った見本キャラ。32×32、4方向×3コマ,96,128,42,ぴぽや倉庫,ぴぽや32×32グラフィック合成器用パーツ（同梱の見本キャラ）,ぴぽや,https://pipoya.net/sozai/assets/charachip/character-chip-2/,ぴぽや 無料素材利用規約,
01-characters/pipoya-compositor-sample004.png,キャラクター,グラフィック合成器用パーツで作った見本キャラ。32×32、4方向×3コマ,96,128,29,ぴぽや倉庫,ぴぽや32×32グラフィック合成器用パーツ（同梱の見本キャラ）,ぴぽや,https://pipoya.net/sozai/assets/charachip/character-chip-2/,ぴぽや 無料素材利用規約,
01-characters/pipoya-compositor-sample005.png,キャラクター,グラフィック合成器用パーツで作った見本キャラ。32×32、4方向×3コマ,96,128,32,ぴぽや倉庫,ぴぽや32×32グラフィック合成器用パーツ（同梱の見本キャラ）,ぴぽや,https://pipoya.net/sozai/assets/charachip/character-chip-2/,ぴぽや 無料素材利用規約,
01-characters/pipoya-compositor-sample006.png,キャラクター,グラフィック合成器用パーツで作った見本キャラ。32×32、4方向×3コマ,96,128,47,ぴぽや倉庫,ぴぽや32×32グラフィック合成器用パーツ（同梱の見本キャラ）,ぴぽや,https://pipoya.net/sozai/assets/charachip/character-chip-2/,ぴぽや 無料素材利用規約,
01-characters/pipoya-compositor-sample007.png,キャラクター,グラフィック合成器用パーツで作った見本キャラ。32×32、4方向×3コマ,96,128,34,ぴぽや倉庫,ぴぽや32×32グラフィック合成器用パーツ（同梱の見本キャラ）,ぴぽや,https://pipoya.net/sozai/assets/charachip/character-chip-2/,ぴぽや 無料素材利用規約,
01-characters/pipoya-compositor-sample008.png,キャラクター,グラフィック合成器用パーツで作った見本キャラ。32×32、4方向×3コマ,96,128,38,ぴぽや倉庫,ぴぽや32×32グラフィック合成器用パーツ（同梱の見本キャラ）,ぴぽや,https://pipoya.net/sozai/assets/charachip/character-chip-2/,ぴぽや 無料素材利用規約,
01-characters/pipoya-compositor-sample009.png,キャラクター,グラフィック合成器用パーツで作った見本キャラ。32×32、4方向×3コマ,96,128,40,ぴぽや倉庫,ぴぽや32×32グラフィック合成器用パーツ（同梱の見本キャラ）,ぴぽや,https://pipoya.net/sozai/assets/charachip/character-chip-2/,ぴぽや 無料素材利用規約,
01-characters/pipoya-compositor-sample010.png,キャラクター,グラフィック合成器用パーツで作った見本キャラ。32×32、4方向×3コマ,96,128,33,ぴぽや倉庫,ぴぽや32×32グラフィック合成器用パーツ（同梱の見本キャラ）,ぴぽや,https://pipoya.net/sozai/assets/charachip/character-chip-2/,ぴぽや 無料素材利用規約,
01-characters/pipoya-compositor-sample011.png,キャラクター,グラフィック合成器用パーツで作った見本キャラ。32×32、4方向×3コマ,96,128,18,ぴぽや倉庫,ぴぽや32×32グラフィック合成器用パーツ（同梱の見本キャラ）,ぴぽや,https://pipoya.net/sozai/assets/charachip/character-chip-2/,ぴぽや 無料素材利用規約,
01-characters/pipoya-compositor-sample012.png,キャラクター,グラフィック合成器用パーツで作った見本キャラ。32×32、4方向×3コマ,96,128,32,ぴぽや倉庫,ぴぽや32×32グラフィック合成器用パーツ（同梱の見本キャラ）,ぴぽや,https://pipoya.net/sozai/assets/charachip/character-chip-2/,ぴぽや 無料素材利用規約,
01-characters/pipoya-compositor-sample013.png,キャラクター,グラフィック合成器用パーツで作った見本キャラ。32×32、4方向×3コマ,96,128,38,ぴぽや倉庫,ぴぽや32×32グラフィック合成器用パーツ（同梱の見本キャラ）,ぴぽや,https://pipoya.net/sozai/assets/charachip/character-chip-2/,ぴぽや 無料素材利用規約,
01-characters/pipoya-compositor-sample014.png,キャラクター,グラフィック合成器用パーツで作った見本キャラ。32×32、4方向×3コマ,96,128,39,ぴぽや倉庫,ぴぽや32×32グラフィック合成器用パーツ（同梱の見本キャラ）,ぴぽや,https://pipoya.net/sozai/assets/charachip/character-chip-2/,ぴぽや 無料素材利用規約,
01-characters/pipoya-compositor-sample015.png,キャラクター,グラフィック合成器用パーツで作った見本キャラ。32×32、4方向×3コマ,96,128,29,ぴぽや倉庫,ぴぽや32×32グラフィック合成器用パーツ（同梱の見本キャラ）,ぴぽや,https://pipoya.net/sozai/assets/charachip/character-chip-2/,ぴぽや 無料素材利用規約,
01-characters/pipoya-compositor-sample016.png,キャラクター,グラフィック合成器用パーツで作った見本キャラ。32×32、4方向×3コマ,96,128,23,ぴぽや倉庫,ぴぽや32×32グラフィック合成器用パーツ（同梱の見本キャラ）,ぴぽや,https://pipoya.net/sozai/assets/charachip/character-chip-2/,ぴぽや 無料素材利用規約,
01-characters/pipoya-compositor-sample017.png,キャラクター,グラフィック合成器用パーツで作った見本キャラ。32×32、4方向×3コマ,96,128,39,ぴぽや倉庫,ぴぽや32×32グラフィック合成器用パーツ（同梱の見本キャラ）,ぴぽや,https://pipoya.net/sozai/assets/charachip/character-chip-2/,ぴぽや 無料素材利用規約,
01-characters/pipoya-compositor-sample018.png,キャラクター,グラフィック合成器用パーツで作った見本キャラ。32×32、4方向×3コマ,96,128,32,ぴぽや倉庫,ぴぽや32×32グラフィック合成器用パーツ（同梱の見本キャラ）,ぴぽや,https://pipoya.net/sozai/assets/charachip/character-chip-2/,ぴぽや 無料素材利用規約,
01-characters/pipoya-compositor-sample019.png,キャラクター,グラフィック合成器用パーツで作った見本キャラ。32×32、4方向×3コマ,96,128,26,ぴぽや倉庫,ぴぽや32×32グラフィック合成器用パーツ（同梱の見本キャラ）,ぴぽや,https://pipoya.net/sozai/assets/charachip/character-chip-2/,ぴぽや 無料素材利用規約,
01-characters/pipoya-compositor-sample020.png,キャラクター,グラフィック合成器用パーツで作った見本キャラ。32×32、4方向×3コマ,96,128,28,ぴぽや倉庫,ぴぽや32×32グラフィック合成器用パーツ（同梱の見本キャラ）,ぴぽや,https://pipoya.net/sozai/assets/charachip/character-chip-2/,ぴぽや 無料素材利用規約,
01-characters/pipoya-compositor-sample021.png,キャラクター,グラフィック合成器用パーツで作った見本キャラ。32×32、4方向×3コマ,96,128,34,ぴぽや倉庫,ぴぽや32×32グラフィック合成器用パーツ（同梱の見本キャラ）,ぴぽや,https://pipoya.net/sozai/assets/charachip/character-chip-2/,ぴぽや 無料素材利用規約,
01-characters/pipoya-compositor-sample022.png,キャラクター,グラフィック合成器用パーツで作った見本キャラ。32×32、4方向×3コマ,96,128,32,ぴぽや倉庫,ぴぽや32×32グラフィック合成器用パーツ（同梱の見本キャラ）,ぴぽや,https://pipoya.net/sozai/assets/charachip/character-chip-2/,ぴぽや 無料素材利用規約,
01-characters/pipoya-compositor-sample023.png,キャラクター,グラフィック合成器用パーツで作った見本キャラ。32×32、4方向×3コマ,96,128,26,ぴぽや倉庫,ぴぽや32×32グラフィック合成器用パーツ（同梱の見本キャラ）,ぴぽや,https://pipoya.net/sozai/assets/charachip/character-chip-2/,ぴぽや 無料素材利用規約,
01-characters/pipoya-compositor-sample024.png,キャラクター,グラフィック合成器用パーツで作った見本キャラ。32×32、4方向×3コマ,96,128,30,ぴぽや倉庫,ぴぽや32×32グラフィック合成器用パーツ（同梱の見本キャラ）,ぴぽや,https://pipoya.net/sozai/assets/charachip/character-chip-2/,ぴぽや 無料素材利用規約,
01-characters/pipoya-compositor-sample025.png,キャラクター,グラフィック合成器用パーツで作った見本キャラ。32×32、4方向×3コマ,96,128,35,ぴぽや倉庫,ぴぽや32×32グラフィック合成器用パーツ（同梱の見本キャラ）,ぴぽや,https://pipoya.net/sozai/assets/charachip/character-chip-2/,ぴぽや 無料素材利用規約,
01-characters/pipoya-compositor-sample026.png,キャラクター,グラフィック合成器用パーツで作った見本キャラ。32×32、4方向×3コマ,96,128,35,ぴぽや倉庫,ぴぽや32×32グラフィック合成器用パーツ（同梱の見本キャラ）,ぴぽや,https://pipoya.net/sozai/assets/charachip/character-chip-2/,ぴぽや 無料素材利用規約,
01-characters/pipoya-compositor-sample027.png,キャラクター,グラフィック合成器用パーツで作った見本キャラ。32×32、4方向×3コマ,96,128,34,ぴぽや倉庫,ぴぽや32×32グラフィック合成器用パーツ（同梱の見本キャラ）,ぴぽや,https://pipoya.net/sozai/assets/charachip/character-chip-2/,ぴぽや 無料素材利用規約,
01-characters/pipoya-compositor-sample028.png,キャラクター,グラフィック合成器用パーツで作った見本キャラ。32×32、4方向×3コマ,96,128,38,ぴぽや倉庫,ぴぽや32×32グラフィック合成器用パーツ（同梱の見本キャラ）,ぴぽや,https://pipoya.net/sozai/assets/charachip/character-chip-2/,ぴぽや 無料素材利用規約,
01-characters/pipoya-compositor-sample029.png,キャラクター,グラフィック合成器用パーツで作った見本キャラ。32×32、4方向×3コマ,96,128,25,ぴぽや倉庫,ぴぽや32×32グラフィック合成器用パーツ（同梱の見本キャラ）,ぴぽや,https://pipoya.net/sozai/assets/charachip/character-chip-2/,ぴぽや 無料素材利用規約,
01-characters/pipoya-compositor-sample030.png,キャラクター,グラフィック合成器用パーツで作った見本キャラ。32×32、4方向×3コマ,96,128,20,ぴぽや倉庫,ぴぽや32×32グラフィック合成器用パーツ（同梱の見本キャラ）,ぴぽや,https://pipoya.net/sozai/assets/charachip/character-chip-2/,ぴぽや 無料素材利用規約,
01-characters/pipoya-compositor-sample031.png,キャラクター,グラフィック合成器用パーツで作った見本キャラ。32×32、4方向×3コマ,96,128,20,ぴぽや倉庫,ぴぽや32×32グラフィック合成器用パーツ（同梱の見本キャラ）,ぴぽや,https://pipoya.net/sozai/assets/charachip/character-chip-2/,ぴぽや 無料素材利用規約,
01-characters/pipoya-compositor-sample032.png,キャラクター,グラフィック合成器用パーツで作った見本キャラ。32×32、4方向×3コマ,96,128,23,ぴぽや倉庫,ぴぽや32×32グラフィック合成器用パーツ（同梱の見本キャラ）,ぴぽや,https://pipoya.net/sozai/assets/charachip/character-chip-2/,ぴぽや 無料素材利用規約,
01-characters/pipoya-compositor-sample033.png,キャラクター,グラフィック合成器用パーツで作った見本キャラ。32×32、4方向×3コマ,96,128,28,ぴぽや倉庫,ぴぽや32×32グラフィック合成器用パーツ（同梱の見本キャラ）,ぴぽや,https://pipoya.net/sozai/assets/charachip/character-chip-2/,ぴぽや 無料素材利用規約,
01-characters/pipoya-compositor-sample034.png,キャラクター,グラフィック合成器用パーツで作った見本キャラ。32×32、4方向×3コマ,96,128,22,ぴぽや倉庫,ぴぽや32×32グラフィック合成器用パーツ（同梱の見本キャラ）,ぴぽや,https://pipoya.net/sozai/assets/charachip/character-chip-2/,ぴぽや 無料素材利用規約,
01-characters/pipoya-compositor-sample035.png,キャラクター,グラフィック合成器用パーツで作った見本キャラ。32×32、4方向×3コマ,96,128,21,ぴぽや倉庫,ぴぽや32×32グラフィック合成器用パーツ（同梱の見本キャラ）,ぴぽや,https://pipoya.net/sozai/assets/charachip/character-chip-2/,ぴぽや 無料素材利用規約,
01-characters/pipoya-compositor-sample036.png,キャラクター,グラフィック合成器用パーツで作った見本キャラ。32×32、4方向×3コマ,96,128,18,ぴぽや倉庫,ぴぽや32×32グラフィック合成器用パーツ（同梱の見本キャラ）,ぴぽや,https://pipoya.net/sozai/assets/charachip/character-chip-2/,ぴぽや 無料素材利用規約,
01-characters/pipoya-compositor-catfolk-sample01.png,キャラクター,グラフィック合成器用パーツ（猫にん）で作った見本キャラ。32×32,96,128,14,ぴぽや倉庫,ぴぽや32×32グラフィック合成器用パーツ・猫にん（同梱の見本キャラ）,ぴぽや,https://pipoya.net/sozai/assets/charachip/character-chip-2/,ぴぽや 無料素材利用規約,
01-characters/pipoya-compositor-catfolk-sample02.png,キャラクター,グラフィック合成器用パーツ（猫にん）で作った見本キャラ。32×32,96,128,12,ぴぽや倉庫,ぴぽや32×32グラフィック合成器用パーツ・猫にん（同梱の見本キャラ）,ぴぽや,https://pipoya.net/sozai/assets/charachip/character-chip-2/,ぴぽや 無料素材利用規約,
01-characters/pipoya-compositor-catfolk-sample03.png,キャラクター,グラフィック合成器用パーツ（猫にん）で作った見本キャラ。32×32,96,128,17,ぴぽや倉庫,ぴぽや32×32グラフィック合成器用パーツ・猫にん（同梱の見本キャラ）,ぴぽや,https://pipoya.net/sozai/assets/charachip/character-chip-2/,ぴぽや 無料素材利用規約,
01-characters/pipoya-compositor-catfolk-sample04.png,キャラクター,グラフィック合成器用パーツ（猫にん）で作った見本キャラ。32×32,96,128,15,ぴぽや倉庫,ぴぽや32×32グラフィック合成器用パーツ・猫にん（同梱の見本キャラ）,ぴぽや,https://pipoya.net/sozai/assets/charachip/character-chip-2/,ぴぽや 無料素材利用規約,
01-characters/pipoya-compositor-catfolk-sample05.png,キャラクター,グラフィック合成器用パーツ（猫にん）で作った見本キャラ。32×32,96,128,17,ぴぽや倉庫,ぴぽや32×32グラフィック合成器用パーツ・猫にん（同梱の見本キャラ）,ぴぽや,https://pipoya.net/sozai/assets/charachip/character-chip-2/,ぴぽや 無料素材利用規約,
01-characters/pipoya-compositor-catfolk-sample06.png,キャラクター,グラフィック合成器用パーツ（猫にん）で作った見本キャラ。32×32,96,128,13,ぴぽや倉庫,ぴぽや32×32グラフィック合成器用パーツ・猫にん（同梱の見本キャラ）,ぴぽや,https://pipoya.net/sozai/assets/charachip/character-chip-2/,ぴぽや 無料素材利用規約,
01-characters/pipoya-compositor-catfolk-sample07.png,キャラクター,グラフィック合成器用パーツ（猫にん）で作った見本キャラ。32×32,96,128,24,ぴぽや倉庫,ぴぽや32×32グラフィック合成器用パーツ・猫にん（同梱の見本キャラ）,ぴぽや,https://pipoya.net/sozai/assets/charachip/character-chip-2/,ぴぽや 無料素材利用規約,
01-characters/pipoya-compositor-catfolk-sample08.png,キャラクター,グラフィック合成器用パーツ（猫にん）で作った見本キャラ。32×32,96,128,38,ぴぽや倉庫,ぴぽや32×32グラフィック合成器用パーツ・猫にん（同梱の見本キャラ）,ぴぽや,https://pipoya.net/sozai/assets/charachip/character-chip-2/,ぴぽや 無料素材利用規約,
01-characters/pipoya-compositor-catfolk-sample09.png,キャラクター,グラフィック合成器用パーツ（猫にん）で作った見本キャラ。32×32,96,128,17,ぴぽや倉庫,ぴぽや32×32グラフィック合成器用パーツ・猫にん（同梱の見本キャラ）,ぴぽや,https://pipoya.net/sozai/assets/charachip/character-chip-2/,ぴぽや 無料素材利用規約,
04-field/pipoya-autotile-grass1-grass3.png,フィールド,オートタイル「Grass1-Grass3」を展開したもの（32×32）,256,192,202,ぴぽや倉庫,ウディタ２用マップセット（ウディタ2_32x32mapchip_20210215.zip）,ぴぽや,https://pipoya.net/sozai/assets/map-chip_tileset32/,ぴぽや 無料素材利用規約,
04-field/pipoya-autotile-grass1-grass4.png,フィールド,オートタイル「Grass1-Grass4」を展開したもの（32×32）,256,192,286,ぴぽや倉庫,ウディタ２用マップセット（ウディタ2_32x32mapchip_20210215.zip）,ぴぽや,https://pipoya.net/sozai/assets/map-chip_tileset32/,ぴぽや 無料素材利用規約,
04-field/pipoya-autotile-grass1-dirt4.png,フィールド,オートタイル「Grass1-Dirt4」を展開したもの（32×32）,256,192,634,ぴぽや倉庫,ウディタ２用マップセット（ウディタ2_32x32mapchip_20210215.zip）,ぴぽや,https://pipoya.net/sozai/assets/map-chip_tileset32/,ぴぽや 無料素材利用規約,
04-field/pipoya-autotile-dirt1-dirt2.png,フィールド,オートタイル「Dirt1-Dirt2」を展開したもの（32×32）,256,192,451,ぴぽや倉庫,ウディタ２用マップセット（ウディタ2_32x32mapchip_20210215.zip）,ぴぽや,https://pipoya.net/sozai/assets/map-chip_tileset32/,ぴぽや 無料素材利用規約,
04-field/pipoya-autotile-dirt1-dirt3.png,フィールド,オートタイル「Dirt1-Dirt3」を展開したもの（32×32）,256,192,313,ぴぽや倉庫,ウディタ２用マップセット（ウディタ2_32x32mapchip_20210215.zip）,ぴぽや,https://pipoya.net/sozai/assets/map-chip_tileset32/,ぴぽや 無料素材利用規約,
04-field/pipoya-autotile-dirt1-dirt4.png,フィールド,オートタイル「Dirt1-Dirt4」を展開したもの（32×32）,256,192,395,ぴぽや倉庫,ウディタ２用マップセット（ウディタ2_32x32mapchip_20210215.zip）,ぴぽや,https://pipoya.net/sozai/assets/map-chip_tileset32/,ぴぽや 無料素材利用規約,
04-field/pipoya-autotile-water6.png,フィールド,オートタイル「Water6」を展開したもの（32×32）,2048,192,307,ぴぽや倉庫,ウディタ２用マップセット（ウディタ2_32x32mapchip_20210215.zip）,ぴぽや,https://pipoya.net/sozai/assets/map-chip_tileset32/,ぴぽや 無料素材利用規約,
04-field/pipoya-autotile-waterfall3.png,フィールド,オートタイル「WaterFall3」を展開したもの（32×32）,1024,192,3587,ぴぽや倉庫,ウディタ２用マップセット（ウディタ2_32x32mapchip_20210215.zip）,ぴぽや,https://pipoya.net/sozai/assets/map-chip_tileset32/,ぴぽや 無料素材利用規約,
05-maps/pipoya-worldmap-sample-c.png,マップ（完成図・見本）,ぴぽや「フィールドマップセット１」で組み立てたワールドマップの見本C,1152,832,13315,ぴぽや倉庫,フィールドマップセット１・同 追加パーツ（このプロジェクトで組み立てたマップ。元のタイルは assets-src/pipoya/）,ぴぽや,https://pipoya.net/sozai/assets/map-chip_tileset32/,ぴぽや 無料素材利用規約,このプロジェクトで組み立てた（素材の加工）
05-maps/pipoya-worldmap-sample-d.png,マップ（完成図・見本）,ぴぽや「フィールドマップセット１」で組み立てたワールドマップの見本D,896,640,10661,ぴぽや倉庫,フィールドマップセット１・同 追加パーツ（このプロジェクトで組み立てたマップ。元のタイルは assets-src/pipoya/）,ぴぽや,https://pipoya.net/sozai/assets/map-chip_tileset32/,ぴぽや 無料素材利用規約,このプロジェクトで組み立てた（素材の加工）
05-maps/pipoya-worldmap-sample-e.png,マップ（完成図・見本）,ぴぽや「フィールドマップセット１」で組み立てたワールドマップの見本E,1280,896,14335,ぴぽや倉庫,フィールドマップセット１・同 追加パーツ（このプロジェクトで組み立てたマップ。元のタイルは assets-src/pipoya/）,ぴぽや,https://pipoya.net/sozai/assets/map-chip_tileset32/,ぴぽや 無料素材利用規約,このプロジェクトで組み立てた（素材の加工）
02-monsters/oga-turtle.png,モンスター,カメ（歩き）,396,66,7,OpenGameArt,pixel turtle,alizard,https://opengameart.org/content/pixel-turtle,CC0 1.0,
01-characters/oga-dog.gif,キャラクター,犬（歩きなど6種のアニメ）,126,22,7,OpenGameArt,Dog Sprites,Shepardskin,https://opengameart.org/content/dog-sprites,CC0 1.0,
01-characters/oga-classic-knight.png,キャラクター,クラシックな騎士（Classic Hero の兜を直したもの）,175,141,14,OpenGameArt,Classic-Knight [Animated],Disthron,https://opengameart.org/content/classic-knight-animated,CC0 1.0,
01-characters/oga-winter-character.png,キャラクター,雪国の人物（歩き）,256,256,10,OpenGameArt,Winter Story,Brosnya,https://opengameart.org/content/winter-story,CC0 1.0,
07-town-indoor/oga-winter-walls.png,町・屋内,雪国の壁と家具,288,192,29,OpenGameArt,Winter Story,Brosnya,https://opengameart.org/content/winter-story,CC0 1.0,
08-objects-items/oga-winter-crafting.png,小物・アイテム・乗り物,雪国の道具・料理,288,576,23,OpenGameArt,Winter Story,Brosnya,https://opengameart.org/content/winter-story,CC0 1.0,
06-dungeon/oga-mythical-ruins.png,ダンジョン,古代の遺跡のタイル（32×32）,1536,448,27,OpenGameArt,Mythical Ruins Tileset,voec,https://opengameart.org/content/mythical-ruins-tileset,CC0 1.0,
07-town-indoor/oga-interior-mini.png,町・屋内,小さな家の中のタイル,160,112,30,OpenGameArt,"Interior Mini-Tileset,""Sitting Inside Being Scared of People""",Spring Spring,https://opengameart.org/content/interior-mini-tilesetsitting-inside-being-scared-of-people,CC0 1.0,
04-field/oga-topdown-tree-autumn.png,フィールド,秋の木,32,32,8,OpenGameArt,Top Down Asset Pack 1.0,IshtartPixels,https://opengameart.org/content/top-down-asset-pack-10,CC0 1.0,
04-field/oga-topdown-tree-green.png,フィールド,緑の木,32,32,9,OpenGameArt,Top Down Asset Pack 1.0,IshtartPixels,https://opengameart.org/content/top-down-asset-pack-10,CC0 1.0,
08-objects-items/oga-silver-glaive.png,小物・アイテム・乗り物,銀の長柄武器,16,16,5,OpenGameArt,5 MORE RPG/Fantasy Weapons!,Cerbion,https://opengameart.org/content/5-more-rpgfantasy-weapons,CC0 1.0,
08-objects-items/oga-enchanted-bow.png,小物・アイテム・乗り物,魔法の弓,16,16,7,OpenGameArt,5 MORE RPG/Fantasy Weapons!,Cerbion,https://opengameart.org/content/5-more-rpgfantasy-weapons,CC0 1.0,
02-monsters/oga-8x8-rogue-enemies.png,モンスター,8×8の敵キャラ一覧,159,191,114,OpenGameArt,8x8 Rogue-Like Char/Enemies/Tiles,Min,https://opengameart.org/content/8x8-rogue-like-charenemiestiles,CC0 1.0,
06-dungeon/oga-forest-graveyard.png,ダンジョン,森の墓地のタイル（20×20）,320,200,76,OpenGameArt,Forest / Graveyard tileset,marionline,https://opengameart.org/content/forest-graveyard-tileset,CC0 1.0,
04-field/oga-pumpkin-garden.png,フィールド,カボチャ畑のタイル,160,256,45,OpenGameArt,Pumpkin Garden tiles,NettySvit,https://opengameart.org/content/pumpkin-garden-tiles,CC0 1.0,
07-town-indoor/oga-simple-nes-village.png,町・屋内,ファミコン風の村のタイル,1024,1024,12,OpenGameArt,Simple NES-like Village Tiles,surt,https://opengameart.org/content/simple-nes-like-village-tiles,CC0 1.0,
06-dungeon/oga-8x8-rosy-dungeon.png,ダンジョン,8×8のダンジョンのタイル（Rosy-42の色）,200,152,41,OpenGameArt,Tileset 8x8 (Rosy 42 palette),drakzlin,https://opengameart.org/content/tileset-8x8-rosy-42-palette,CC0 1.0,
04-field/oga-minimal-8x8-tiles.png,フィールド,8×8の簡単なタイルと小さな人物,256,256,95,OpenGameArt,Tileset Minimal Style - 8x8 based with characters included,patvanmackelberg,https://opengameart.org/content/tileset-minimal-style-8x8-based-with-characters-included,CC0 1.0,
04-field/oga-season-tiles.png,フィールド,季節のフィールドのタイル（20×20）,320,240,57,OpenGameArt,Top Down season/environment Tileset,marionline,https://opengameart.org/content/top-down-seasonenvironment-tileset,CC0 1.0,
05-maps/oga-1bit-crypt-map-4.gif,マップ（完成図・見本）,1bitの修道院のマップ見本4,768,768,2,OpenGameArt,1-Bit Doomcrypt Kit,B77345-100,https://opengameart.org/content/1-bit-doomcrypt-kit,CC0 1.0,
05-maps/oga-puny-dungeon-map-1.png,マップ（完成図・見本）,16×16のダンジョンのマップ見本1,240,240,78,OpenGameArt,16x16 Puny Dungeon Tileset,Shade,https://opengameart.org/content/16x16-puny-dungeon-tileset,CC0 1.0,
05-maps/oga-puny-dungeon-map-2.png,マップ（完成図・見本）,16×16のダンジョンのマップ見本2,240,240,77,OpenGameArt,16x16 Puny Dungeon Tileset,Shade,https://opengameart.org/content/16x16-puny-dungeon-tileset,CC0 1.0,
05-maps/oga-puny-dungeon-map-3.png,マップ（完成図・見本）,16×16のダンジョンのマップ見本3,240,240,61,OpenGameArt,16x16 Puny Dungeon Tileset,Shade,https://opengameart.org/content/16x16-puny-dungeon-tileset,CC0 1.0,
05-maps/oga-puny-dungeon-map-4.png,マップ（完成図・見本）,16×16のダンジョンのマップ見本4,240,240,90,OpenGameArt,16x16 Puny Dungeon Tileset,Shade,https://opengameart.org/content/16x16-puny-dungeon-tileset,CC0 1.0,
05-maps/oga-puny-dungeon-map-5.png,マップ（完成図・見本）,16×16のダンジョンのマップ見本5,240,240,74,OpenGameArt,16x16 Puny Dungeon Tileset,Shade,https://opengameart.org/content/16x16-puny-dungeon-tileset,CC0 1.0,
08-objects-items/oga-icon-w-axe003.png,小物・アイテム・乗り物,アイコン: 斧（32×32）,34,34,7,OpenGameArt,496 pixel art icons for medieval/fantasy RPG,Henrique Lazarini (7Soul1),https://opengameart.org/content/496-pixel-art-icons-for-medievalfantasy-rpg,CC0 1.0,
08-objects-items/oga-icon-w-bow05.png,小物・アイテム・乗り物,アイコン: 弓（32×32）,34,34,12,OpenGameArt,496 pixel art icons for medieval/fantasy RPG,Henrique Lazarini (7Soul1),https://opengameart.org/content/496-pixel-art-icons-for-medievalfantasy-rpg,CC0 1.0,
08-objects-items/oga-icon-w-book03.png,小物・アイテム・乗り物,アイコン: 魔導書（32×32）,34,34,8,OpenGameArt,496 pixel art icons for medieval/fantasy RPG,Henrique Lazarini (7Soul1),https://opengameart.org/content/496-pixel-art-icons-for-medievalfantasy-rpg,CC0 1.0,
08-objects-items/oga-icon-w-dagger002.png,小物・アイテム・乗り物,アイコン: 短剣（32×32）,34,34,8,OpenGameArt,496 pixel art icons for medieval/fantasy RPG,Henrique Lazarini (7Soul1),https://opengameart.org/content/496-pixel-art-icons-for-medievalfantasy-rpg,CC0 1.0,
08-objects-items/oga-icon-a-armour02.png,小物・アイテム・乗り物,アイコン: 鎧（32×32）,34,34,6,OpenGameArt,496 pixel art icons for medieval/fantasy RPG,Henrique Lazarini (7Soul1),https://opengameart.org/content/496-pixel-art-icons-for-medievalfantasy-rpg,CC0 1.0,
08-objects-items/oga-icon-a-shoes03.png,小物・アイテム・乗り物,アイコン: くつ（32×32）,34,34,11,OpenGameArt,496 pixel art icons for medieval/fantasy RPG,Henrique Lazarini (7Soul1),https://opengameart.org/content/496-pixel-art-icons-for-medievalfantasy-rpg,CC0 1.0,
08-objects-items/oga-icon-c-hat01.png,小物・アイテム・乗り物,アイコン: 帽子（32×32）,34,34,5,OpenGameArt,496 pixel art icons for medieval/fantasy RPG,Henrique Lazarini (7Soul1),https://opengameart.org/content/496-pixel-art-icons-for-medievalfantasy-rpg,CC0 1.0,
08-objects-items/oga-icon-ac-ring01.png,小物・アイテム・乗り物,アイコン: 指輪（32×32）,34,34,7,OpenGameArt,496 pixel art icons for medieval/fantasy RPG,Henrique Lazarini (7Soul1),https://opengameart.org/content/496-pixel-art-icons-for-medievalfantasy-rpg,CC0 1.0,
08-objects-items/oga-icon-ac-necklace03.png,小物・アイテム・乗り物,アイコン: 首飾り（32×32）,34,34,5,OpenGameArt,496 pixel art icons for medieval/fantasy RPG,Henrique Lazarini (7Soul1),https://opengameart.org/content/496-pixel-art-icons-for-medievalfantasy-rpg,CC0 1.0,
08-objects-items/oga-icon-ac-medal02.png,小物・アイテム・乗り物,アイコン: 勲章（32×32）,34,34,4,OpenGameArt,496 pixel art icons for medieval/fantasy RPG,Henrique Lazarini (7Soul1),https://opengameart.org/content/496-pixel-art-icons-for-medievalfantasy-rpg,CC0 1.0,
08-objects-items/oga-icon-p-red03.png,小物・アイテム・乗り物,アイコン: 赤い薬（32×32）,34,34,12,OpenGameArt,496 pixel art icons for medieval/fantasy RPG,Henrique Lazarini (7Soul1),https://opengameart.org/content/496-pixel-art-icons-for-medievalfantasy-rpg,CC0 1.0,
08-objects-items/oga-icon-p-blue05.png,小物・アイテム・乗り物,アイコン: 青い薬（32×32）,34,34,9,OpenGameArt,496 pixel art icons for medieval/fantasy RPG,Henrique Lazarini (7Soul1),https://opengameart.org/content/496-pixel-art-icons-for-medievalfantasy-rpg,CC0 1.0,
08-objects-items/oga-icon-p-medicine04.png,小物・アイテム・乗り物,アイコン: 薬（32×32）,34,34,16,OpenGameArt,496 pixel art icons for medieval/fantasy RPG,Henrique Lazarini (7Soul1),https://opengameart.org/content/496-pixel-art-icons-for-medievalfantasy-rpg,CC0 1.0,
08-objects-items/oga-icon-i-antidote.png,小物・アイテム・乗り物,アイコン: 毒消し（32×32）,34,34,12,OpenGameArt,496 pixel art icons for medieval/fantasy RPG,Henrique Lazarini (7Soul1),https://opengameart.org/content/496-pixel-art-icons-for-medievalfantasy-rpg,CC0 1.0,
08-objects-items/oga-icon-i-batwing.png,小物・アイテム・乗り物,アイコン: コウモリの羽（32×32）,34,34,4,OpenGameArt,496 pixel art icons for medieval/fantasy RPG,Henrique Lazarini (7Soul1),https://opengameart.org/content/496-pixel-art-icons-for-medievalfantasy-rpg,CC0 1.0,
08-objects-items/oga-icon-i-bone.png,小物・アイテム・乗り物,アイコン: 骨（32×32）,34,34,5,OpenGameArt,496 pixel art icons for medieval/fantasy RPG,Henrique Lazarini (7Soul1),https://opengameart.org/content/496-pixel-art-icons-for-medievalfantasy-rpg,CC0 1.0,
08-objects-items/oga-icon-i-bronzecoin.png,小物・アイテム・乗り物,アイコン: 銅貨（32×32）,34,34,4,OpenGameArt,496 pixel art icons for medieval/fantasy RPG,Henrique Lazarini (7Soul1),https://opengameart.org/content/496-pixel-art-icons-for-medievalfantasy-rpg,CC0 1.0,
08-objects-items/oga-icon-i-c-bread.png,小物・アイテム・乗り物,アイコン: パン（32×32）,34,34,5,OpenGameArt,496 pixel art icons for medieval/fantasy RPG,Henrique Lazarini (7Soul1),https://opengameart.org/content/496-pixel-art-icons-for-medievalfantasy-rpg,CC0 1.0,
08-objects-items/oga-icon-i-c-meat.png,小物・アイテム・乗り物,アイコン: 肉（32×32）,34,34,8,OpenGameArt,496 pixel art icons for medieval/fantasy RPG,Henrique Lazarini (7Soul1),https://opengameart.org/content/496-pixel-art-icons-for-medievalfantasy-rpg,CC0 1.0,
08-objects-items/oga-icon-i-c-fish.png,小物・アイテム・乗り物,アイコン: 魚（32×32）,34,34,7,OpenGameArt,496 pixel art icons for medieval/fantasy RPG,Henrique Lazarini (7Soul1),https://opengameart.org/content/496-pixel-art-icons-for-medievalfantasy-rpg,CC0 1.0,
08-objects-items/oga-icon-i-agate.png,小物・アイテム・乗り物,アイコン: めのう（32×32）,34,34,8,OpenGameArt,496 pixel art icons for medieval/fantasy RPG,Henrique Lazarini (7Soul1),https://opengameart.org/content/496-pixel-art-icons-for-medievalfantasy-rpg,CC0 1.0,
08-objects-items/oga-icon-i-amethist.png,小物・アイテム・乗り物,アイコン: 紫水晶（32×32）,34,34,8,OpenGameArt,496 pixel art icons for medieval/fantasy RPG,Henrique Lazarini (7Soul1),https://opengameart.org/content/496-pixel-art-icons-for-medievalfantasy-rpg,CC0 1.0,
08-objects-items/oga-icon-e-gold01.png,小物・アイテム・乗り物,アイコン: 金の鉱石（32×32）,34,34,8,OpenGameArt,496 pixel art icons for medieval/fantasy RPG,Henrique Lazarini (7Soul1),https://opengameart.org/content/496-pixel-art-icons-for-medievalfantasy-rpg,CC0 1.0,
08-objects-items/oga-icon-e-wood02.png,小物・アイテム・乗り物,アイコン: 木材（32×32）,34,34,8,OpenGameArt,496 pixel art icons for medieval/fantasy RPG,Henrique Lazarini (7Soul1),https://opengameart.org/content/496-pixel-art-icons-for-medievalfantasy-rpg,CC0 1.0,
08-objects-items/oga-icon-s-buff05.png,小物・アイテム・乗り物,アイコン: 補助の技（32×32）,34,34,5,OpenGameArt,496 pixel art icons for medieval/fantasy RPG,Henrique Lazarini (7Soul1),https://opengameart.org/content/496-pixel-art-icons-for-medievalfantasy-rpg,CC0 1.0,
08-objects-items/oga-icon-s-axe03.png,小物・アイテム・乗り物,アイコン: 斧の技（32×32）,34,34,6,OpenGameArt,496 pixel art icons for medieval/fantasy RPG,Henrique Lazarini (7Soul1),https://opengameart.org/content/496-pixel-art-icons-for-medievalfantasy-rpg,CC0 1.0,
08-objects-items/oga-surt-gem.png,小物・アイテム・乗り物,小物（16×16）: 宝石,16,16,6,OpenGameArt,surtizens,pebonius,https://opengameart.org/content/surtizens,CC0 1.0,
08-objects-items/oga-surt-heart.png,小物・アイテム・乗り物,小物（16×16）: ハート,16,16,7,OpenGameArt,surtizens,pebonius,https://opengameart.org/content/surtizens,CC0 1.0,
08-objects-items/oga-surt-orb.png,小物・アイテム・乗り物,小物（16×16）: 宝玉,16,16,9,OpenGameArt,surtizens,pebonius,https://opengameart.org/content/surtizens,CC0 1.0,
08-objects-items/oga-surt-ring.png,小物・アイテム・乗り物,小物（16×16）: 指輪,16,16,9,OpenGameArt,surtizens,pebonius,https://opengameart.org/content/surtizens,CC0 1.0,
08-objects-items/oga-surt-letter.png,小物・アイテム・乗り物,小物（16×16）: 手紙,16,16,7,OpenGameArt,surtizens,pebonius,https://opengameart.org/content/surtizens,CC0 1.0,
08-objects-items/oga-surt-teddy.png,小物・アイテム・乗り物,小物（16×16）: ぬいぐるみ,16,16,7,OpenGameArt,surtizens,pebonius,https://opengameart.org/content/surtizens,CC0 1.0,
02-monsters/oga-battler-zombie-mage-2.png,モンスター,正面向きの魔物セットより: ゾンビの魔法使い（色違い）,144,144,9,OpenGameArt,Singular Direction Monsters + Battlers,Some Weirdo,https://opengameart.org/content/singular-direction-monsters-battlers,CC0 1.0,
02-monsters/oga-battler-floatguy-2.png,モンスター,正面向きの魔物セットより: 浮かぶ魔物（色違い）,144,144,9,OpenGameArt,Singular Direction Monsters + Battlers,Some Weirdo,https://opengameart.org/content/singular-direction-monsters-battlers,CC0 1.0,
02-monsters/oga-battler-slithering-blood.png,モンスター,正面向きの魔物セットより: はい回る血の魔物,96,96,1,OpenGameArt,Singular Direction Monsters + Battlers,Some Weirdo,https://opengameart.org/content/singular-direction-monsters-battlers,CC0 1.0,
02-monsters/oga-battler-green-slime.png,モンスター,正面向きの魔物セットより: 緑のスライム,96,96,1,OpenGameArt,Singular Direction Monsters + Battlers,Some Weirdo,https://opengameart.org/content/singular-direction-monsters-battlers,CC0 1.0,
03-bosses/oga-1bit-vampire-lord.png,ボス,1bitの吸血鬼の王,32,32,2,OpenGameArt,1-Bit Doomcrypt Kit,B77345-100,https://opengameart.org/content/1-bit-doomcrypt-kit,CC0 1.0,
02-monsters/oga-1bit-werewolf.png,モンスター,1bitの狼男,32,32,2,OpenGameArt,1-Bit Doomcrypt Kit,B77345-100,https://opengameart.org/content/1-bit-doomcrypt-kit,CC0 1.0,
03-bosses/oga-1bit-orc-chief.png,ボス,1bitのオークの首領,32,32,2,OpenGameArt,1-Bit Doomland Kit,B77345-100,https://opengameart.org/content/1-bit-doomland-kit,CC0 1.0,
03-bosses/oga-sideview-boss-dragon.png,ボス,横向きの竜のボス（待機）,864,64,9,OpenGameArt,Sideview Fantasy Patreon Collection,ansimuz,https://opengameart.org/content/sideview-fantasy-patreon-collection,CC0 1.0,
03-bosses/oga-sideview-boss-dragon-breath.png,ボス,横向きの竜のボス（炎を吐く）,1008,64,12,OpenGameArt,Sideview Fantasy Patreon Collection,ansimuz,https://opengameart.org/content/sideview-fantasy-patreon-collection,CC0 1.0,
02-monsters/oga-sideview-small-dragon.png,モンスター,横向きの小さな竜（飛ぶ）,1728,176,15,OpenGameArt,Sideview Fantasy Patreon Collection,ansimuz,https://opengameart.org/content/sideview-fantasy-patreon-collection,CC0 1.0,
02-monsters/oga-sideview-ghost.png,モンスター,横向きのおばけ,384,64,8,OpenGameArt,Sideview Fantasy Patreon Collection,ansimuz,https://opengameart.org/content/sideview-fantasy-patreon-collection,CC0 1.0,
02-monsters/oga-sideview-flying-creature.png,モンスター,横向きの飛ぶ生き物,224,32,8,OpenGameArt,Sideview Fantasy Patreon Collection,ansimuz,https://opengameart.org/content/sideview-fantasy-patreon-collection,CC0 1.0,
02-monsters/oga-sideview-frog.png,モンスター,横向きのカエル,420,38,9,OpenGameArt,Sideview Fantasy Patreon Collection,ansimuz,https://opengameart.org/content/sideview-fantasy-patreon-collection,CC0 1.0,
04-field/oga-topdown-tree-red.png,フィールド,赤い木,32,32,8,OpenGameArt,Top Down Asset Pack 1.0,IshtartPixels,https://opengameart.org/content/top-down-asset-pack-10,CC0 1.0,
02-monsters/oga-topdown-slice-83.png,モンスター,緑の顔の魔物（1枚絵）,16,16,8,OpenGameArt,Top Down Asset Pack 1.0,IshtartPixels,https://opengameart.org/content/top-down-asset-pack-10,CC0 1.0,
08-objects-items/oga-topdown-slice-90.png,小物・アイテム・乗り物,赤い宝石,16,16,4,OpenGameArt,Top Down Asset Pack 1.0,IshtartPixels,https://opengameart.org/content/top-down-asset-pack-10,CC0 1.0,
08-objects-items/mw-axe.png,小物・アイテム・乗り物,MiniWorld: 斧,64,32,6,OpenGameArt,MiniWorld Sprites,Shade,https://opengameart.org/content/miniworld-sprites,CC0 1.0,
08-objects-items/mw-spear.png,小物・アイテム・乗り物,MiniWorld: 槍,32,16,4,OpenGameArt,MiniWorld Sprites,Shade,https://opengameart.org/content/miniworld-sprites,CC0 1.0,
08-objects-items/mw-sword.png,小物・アイテム・乗り物,MiniWorld: 剣,32,16,4,OpenGameArt,MiniWorld Sprites,Shade,https://opengameart.org/content/miniworld-sprites,CC0 1.0,
08-objects-items/mw-arrow.png,小物・アイテム・乗り物,MiniWorld: 矢,32,32,5,OpenGameArt,MiniWorld Sprites,Shade,https://opengameart.org/content/miniworld-sprites,CC0 1.0,
06-dungeon/oga-16x16-puny-dungeon-tileset-punyworld-dungeon--b.png,ダンジョン,「16x16 Puny Dungeon Tileset」より（ダンジョンのタイル）,416,320,116,OpenGameArt,16x16 Puny Dungeon Tileset,Shade,https://opengameart.org/content/16x16-puny-dungeon-tileset,CC0 1.0,
04-field/oga-2d-tilesets-grasslandstileset--b.png,フィールド,「2D Tilesets」より（フィールドのタイル）,352,160,7,OpenGameArt,2D Tilesets,kddove85,https://opengameart.org/content/2d-tilesets,CC0 1.0,
04-field/oga-2d-tilesets-snowymountain2tile-b.png,フィールド,「2D Tilesets」より（フィールドのタイル）,352,160,7,OpenGameArt,2D Tilesets,kddove85,https://opengameart.org/content/2d-tilesets,CC0 1.0,
06-dungeon/oga-4-colour-dungeon-tileset-tileset-dungeon-bw-b.png,ダンジョン,「4 Colour Dungeon Tileset」より（ダンジョンのタイル）,136,64,4,OpenGameArt,4 Colour Dungeon Tileset,stealthix,https://opengameart.org/content/4-colour-dungeon-tileset,CC0 1.0,
02-monsters/oga-animated-mushroom-monster-pi-big-mushroom-spawn-b.png,モンスター,「Animated Mushroom Monster (Pixel-Art)」より（魔物）,232,28,10,OpenGameArt,Animated Mushroom Monster (Pixel-Art),ScratchIO,https://opengameart.org/content/animated-mushroom-monster-pixel-art,CC0 1.0,
01-characters/oga-cozy-asset-pack-10-sprite-0004-b.gif,キャラクター,「cozy asset pack 1.0」より（人物）,96,96,17,OpenGameArt,cozy asset pack 1.0,IshtartPixels,https://opengameart.org/content/cozy-asset-pack-10,CC0 1.0,
06-dungeon/oga-dungeon-tileset-with-walls-a-tiles-final-sw-b.png,ダンジョン,「dungeon tileset with walls and floors」より（ダンジョンのタイル）,768,576,26,OpenGameArt,dungeon tileset with walls and floors,rubberduck,https://opengameart.org/content/dungeon-tileset-with-walls-and-floors,CC0 1.0,
06-dungeon/oga-dungeon-tileset-with-walls-a-tiles-final-col5-b.png,ダンジョン,「dungeon tileset with walls and floors」より（ダンジョンのタイル）,768,576,26,OpenGameArt,dungeon tileset with walls and floors,rubberduck,https://opengameart.org/content/dungeon-tileset-with-walls-and-floors,CC0 1.0,
02-monsters/oga-gb-funky-fauna-dog4x-b.png,モンスター,「gb funky fauna」より（魔物）,64,64,4,OpenGameArt,gb funky fauna,pebonius,https://opengameart.org/content/gb-funky-fauna,CC0 1.0,
02-monsters/oga-gb-funky-fauna-frog4x-b.png,モンスター,「gb funky fauna」より（魔物）,64,64,4,OpenGameArt,gb funky fauna,pebonius,https://opengameart.org/content/gb-funky-fauna,CC0 1.0,
04-field/oga-grass-tiles-32x32-0-grass-v2-2-b.png,フィールド,「Grass Tiles [32x32]」より（フィールドのタイル）,256,128,32,OpenGameArt,Grass Tiles [32x32],CDmir,https://opengameart.org/content/grass-tiles-32x32-0,CC0 1.0,
02-monsters/oga-gremlin-animated-classic-her-gremlin-sheet-2-0-b.png,モンスター,「Gremlin [Animated] - Classic Hero Edit」より（魔物）,256,224,5,OpenGameArt,Gremlin [Animated] - Classic Hero Edit,Umz,https://opengameart.org/content/gremlin-animated-classic-hero-edit,CC0 1.0,
07-town-indoor/oga-pixel-art-wasteland-tileset8sorted-b.png,町・屋内,「Pixel Art Wasteland」より（町・屋内のタイル）,128,128,43,OpenGameArt,Pixel Art Wasteland,CodeManu,https://opengameart.org/content/pixel-art-wasteland,CC0 1.0,
02-monsters/oga-rpg-assets-gb-gb-monster-1-gray-b.png,モンスター,「RPG Assets (GB)」より（魔物）,1024,512,4,OpenGameArt,RPG Assets (GB),Chasersgaming,https://opengameart.org/content/rpg-assets-gb,CC0 1.0,
06-dungeon/oga-rpg-assets-gb-gb-tileset-1-origi-b.png,ダンジョン,「RPG Assets (GB)」より（ダンジョンのタイル）,128,128,4,OpenGameArt,RPG Assets (GB),Chasersgaming,https://opengameart.org/content/rpg-assets-gb,CC0 1.0,
04-field/oga-rpg-assets-tile-set-nes-nes-tile-set-u1-b.png,フィールド,「RPG Assets 'Tile Set' (NES)」より（フィールドのタイル）,128,128,9,OpenGameArt,RPG Assets 'Tile Set' (NES),Chasersgaming,https://opengameart.org/content/rpg-assets-tile-set-nes,CC0 1.0,
06-dungeon/oga-rpg-dungeon-package-rpg-dungeon-vol-3-b.png,ダンジョン,「RPG DUNGEON PACKAGE」より（ダンジョンのタイル）,384,384,10,OpenGameArt,RPG DUNGEON PACKAGE,Corey Archer,https://opengameart.org/content/rpg-dungeon-package,CC0 1.0,
04-field/oga-rpg-tile-set-stonelands-nes-nes-stonelands-til-b.png,フィールド,「RPG Tile Set 'Stonelands' NES」より（フィールドのタイル）,128,128,6,OpenGameArt,RPG Tile Set 'Stonelands' NES,Chasersgaming,https://opengameart.org/content/rpg-tile-set-stonelands-nes,CC0 1.0,
06-dungeon/oga-spooky-castle-tileset-oppcastle-tiles-0-b.png,ダンジョン,「Spooky Castle Tileset」より（ダンジョンのタイル）,416,352,17,OpenGameArt,Spooky Castle Tileset,Buch,https://opengameart.org/content/spooky-castle-tileset,CC0 1.0,
02-monsters/oga-superpowers-assets-character-sprite-sheet-385x3-b.png,モンスター,「Superpowers assets characters」より（魔物）,3080,1272,13,OpenGameArt,Superpowers assets characters,MedicineStorm,https://opengameart.org/content/superpowers-assets-characters,CC0 1.0,
04-field/oga-tileset-1-ice-1-3-b.png,フィールド,「Tileset」より（フィールドのタイル）,48,48,19,OpenGameArt,Tileset,Robert Ramsay,https://opengameart.org/content/tileset-1,CC0 1.0,
04-field/oga-tileset-1-rocks-1-b.png,フィールド,「Tileset」より（フィールドのタイル）,48,48,15,OpenGameArt,Tileset,Robert Ramsay,https://opengameart.org/content/tileset-1,CC0 1.0,
06-dungeon/oga-warped-super-grotto-escape-p-middle-b.png,ダンジョン,「Warped: Super Grotto Escape Pack」より（ダンジョンのタイル）,368,240,10,OpenGameArt,Warped: Super Grotto Escape Pack,ansimuz,https://opengameart.org/content/warped-super-grotto-escape-pack,CC0 1.0,
04-field/oga-zoria-cc0-pack-tiles2-b.png,フィールド,「[Zoria] cc0 pack」より（フィールドのタイル）,96,80,13,OpenGameArt,[Zoria] cc0 pack,Baŝto,https://opengameart.org/content/zoria-cc0-pack,CC0 1.0,
07-town-indoor/kenney-tiny-battle.png,町・屋内,Kenney「Tiny Battle」: 城・塔・兵のタイル（16×16）,288,176,35,Kenney,Tiny Battle,Kenney,https://kenney.nl/assets/tiny-battle,CC0 1.0,
04-field/kenney-tiny-ski.png,フィールド,Kenney「Tiny Ski」: 雪山のタイル（16×16）,192,176,28,Kenney,Tiny Ski,Kenney,https://kenney.nl/assets/tiny-ski,CC0 1.0,
06-dungeon/kenney-1bit-colored.png,ダンジョン,Kenney「1-Bit Pack」: 色つきの1bitタイル（町・ダンジョン・人物）,784,352,7,Kenney,1-Bit Pack,Kenney,https://kenney.nl/assets/1-bit-pack,CC0 1.0,
05-maps/pipoya-worldmap-sample-f.png,マップ（完成図・見本）,ぴぽや「フィールドマップセット１」で組み立てたワールドマップの見本F,832,640,11227,ぴぽや倉庫,フィールドマップセット１・同 追加パーツ（このプロジェクトで組み立てたマップ。元のタイルは assets-src/pipoya/）,ぴぽや,https://pipoya.net/sozai/assets/map-chip_tileset32/,ぴぽや 無料素材利用規約,このプロジェクトで組み立てた（素材の加工）
05-maps/pipoya-worldmap-sample-g.png,マップ（完成図・見本）,ぴぽや「フィールドマップセット１」で組み立てたワールドマップの見本G,1088,768,10177,ぴぽや倉庫,フィールドマップセット１・同 追加パーツ（このプロジェクトで組み立てたマップ。元のタイルは assets-src/pipoya/）,ぴぽや,https://pipoya.net/sozai/assets/map-chip_tileset32/,ぴぽや 無料素材利用規約,このプロジェクトで組み立てた（素材の加工）
05-maps/pipoya-worldmap-sample-h.png,マップ（完成図・見本）,ぴぽや「フィールドマップセット１」で組み立てたワールドマップの見本H,960,960,12931,ぴぽや倉庫,フィールドマップセット１・同 追加パーツ（このプロジェクトで組み立てたマップ。元のタイルは assets-src/pipoya/）,ぴぽや,https://pipoya.net/sozai/assets/map-chip_tileset32/,ぴぽや 無料素材利用規約,このプロジェクトで組み立てた（素材の加工）
05-maps/pipoya-worldmap-sample-i.png,マップ（完成図・見本）,ぴぽや「フィールドマップセット１」で組み立てたワールドマップの見本I,1408,768,13627,ぴぽや倉庫,フィールドマップセット１・同 追加パーツ（このプロジェクトで組み立てたマップ。元のタイルは assets-src/pipoya/）,ぴぽや,https://pipoya.net/sozai/assets/map-chip_tileset32/,ぴぽや 無料素材利用規約,このプロジェクトで組み立てた（素材の加工）
05-maps/pipoya-worldmap-sample-j.png,マップ（完成図・見本）,ぴぽや「フィールドマップセット１」で組み立てたワールドマップの見本J,768,576,8294,ぴぽや倉庫,フィールドマップセット１・同 追加パーツ（このプロジェクトで組み立てたマップ。元のタイルは assets-src/pipoya/）,ぴぽや,https://pipoya.net/sozai/assets/map-chip_tileset32/,ぴぽや 無料素材利用規約,このプロジェクトで組み立てた（素材の加工）
01-characters/pipoya-hero-m-d.png,キャラクター,勇者男（色違いd）。32×32、4方向×3コマ,96,128,48,ぴぽや倉庫,RPGキャラ基本セット（キャラチップ.zip）,ぴぽや,https://pipoya.net/sozai/assets/charachip/character-chip-1/,ぴぽや 無料素材利用規約,
01-characters/pipoya-hero-f-d.png,キャラクター,勇者女（色違いd）。32×32、4方向×3コマ,96,128,38,ぴぽや倉庫,RPGキャラ基本セット（キャラチップ.zip）,ぴぽや,https://pipoya.net/sozai/assets/charachip/character-chip-1/,ぴぽや 無料素材利用規約,
01-characters/pipoya-warrior-m-d.png,キャラクター,戦士男（色違いd）。32×32、4方向×3コマ,96,128,31,ぴぽや倉庫,RPGキャラ基本セット（キャラチップ.zip）,ぴぽや,https://pipoya.net/sozai/assets/charachip/character-chip-1/,ぴぽや 無料素材利用規約,
01-characters/pipoya-warrior-f-d.png,キャラクター,戦士女（色違いd）。32×32、4方向×3コマ,96,128,33,ぴぽや倉庫,RPGキャラ基本セット（キャラチップ.zip）,ぴぽや,https://pipoya.net/sozai/assets/charachip/character-chip-1/,ぴぽや 無料素材利用規約,
01-characters/pipoya-mage-m-d.png,キャラクター,魔法使い男（色違いd）。32×32、4方向×3コマ,96,128,39,ぴぽや倉庫,RPGキャラ基本セット（キャラチップ.zip）,ぴぽや,https://pipoya.net/sozai/assets/charachip/character-chip-1/,ぴぽや 無料素材利用規約,
01-characters/pipoya-mage-f-d.png,キャラクター,魔法使い女（色違いd）。32×32、4方向×3コマ,96,128,40,ぴぽや倉庫,RPGキャラ基本セット（キャラチップ.zip）,ぴぽや,https://pipoya.net/sozai/assets/charachip/character-chip-1/,ぴぽや 無料素材利用規約,
01-characters/pipoya-cleric-m-d.png,キャラクター,僧侶男（色違いd）。32×32、4方向×3コマ,96,128,34,ぴぽや倉庫,RPGキャラ基本セット（キャラチップ.zip）,ぴぽや,https://pipoya.net/sozai/assets/charachip/character-chip-1/,ぴぽや 無料素材利用規約,
01-characters/pipoya-cleric-f-d.png,キャラクター,僧侶女（色違いd）。32×32、4方向×3コマ,96,128,32,ぴぽや倉庫,RPGキャラ基本セット（キャラチップ.zip）,ぴぽや,https://pipoya.net/sozai/assets/charachip/character-chip-1/,ぴぽや 無料素材利用規約,
01-characters/pipoya-thief-m-d.png,キャラクター,盗賊男（色違いd）。32×32、4方向×3コマ,96,128,34,ぴぽや倉庫,RPGキャラ基本セット（キャラチップ.zip）,ぴぽや,https://pipoya.net/sozai/assets/charachip/character-chip-1/,ぴぽや 無料素材利用規約,
01-characters/pipoya-thief-f-d.png,キャラクター,盗賊女（色違いd）。32×32、4方向×3コマ,96,128,34,ぴぽや倉庫,RPGキャラ基本セット（キャラチップ.zip）,ぴぽや,https://pipoya.net/sozai/assets/charachip/character-chip-1/,ぴぽや 無料素材利用規約,
01-characters/pipoya-old-man-a.png,キャラクター,老人男（色違いa）。32×32、4方向×3コマ,96,128,27,ぴぽや倉庫,RPGキャラ基本セット（キャラチップ.zip）,ぴぽや,https://pipoya.net/sozai/assets/charachip/character-chip-1/,ぴぽや 無料素材利用規約,
01-characters/pipoya-boy-a.png,キャラクター,子供男（色違いa）。32×32、4方向×3コマ,96,128,34,ぴぽや倉庫,RPGキャラ基本セット（キャラチップ.zip）,ぴぽや,https://pipoya.net/sozai/assets/charachip/character-chip-1/,ぴぽや 無料素材利用規約,
01-characters/pipoya-girl-a.png,キャラクター,子供女（色違いa）。32×32、4方向×3コマ,96,128,30,ぴぽや倉庫,RPGキャラ基本セット（キャラチップ.zip）,ぴぽや,https://pipoya.net/sozai/assets/charachip/character-chip-1/,ぴぽや 無料素材利用規約,
01-characters/pipoya-queen-a.png,キャラクター,王妃（色違いa）。32×32、4方向×3コマ,96,128,33,ぴぽや倉庫,RPGキャラ基本セット（キャラチップ.zip）,ぴぽや,https://pipoya.net/sozai/assets/charachip/character-chip-1/,ぴぽや 無料素材利用規約,
01-characters/pipoya-prince-a.png,キャラクター,王子（色違いa）。32×32、4方向×3コマ,96,128,37,ぴぽや倉庫,RPGキャラ基本セット（キャラチップ.zip）,ぴぽや,https://pipoya.net/sozai/assets/charachip/character-chip-1/,ぴぽや 無料素材利用規約,
01-characters/pipoya-princess-a.png,キャラクター,王女（色違いa）。32×32、4方向×3コマ,96,128,33,ぴぽや倉庫,RPGキャラ基本セット（キャラチップ.zip）,ぴぽや,https://pipoya.net/sozai/assets/charachip/character-chip-1/,ぴぽや 無料素材利用規約,
01-characters/pipoya-minister-a.png,キャラクター,大臣（色違いa）。32×32、4方向×3コマ,96,128,26,ぴぽや倉庫,RPGキャラ基本セット（キャラチップ.zip）,ぴぽや,https://pipoya.net/sozai/assets/charachip/character-chip-1/,ぴぽや 無料素材利用規約,
01-characters/pipoya-soldier-c.png,キャラクター,兵士（色違いc）。32×32、4方向×3コマ,96,128,19,ぴぽや倉庫,RPGキャラ基本セット（キャラチップ.zip）,ぴぽや,https://pipoya.net/sozai/assets/charachip/character-chip-1/,ぴぽや 無料素材利用規約,
08-objects-items/oga-icon-ac-necklace06.png,小物・アイテム・乗り物,アイコン: 首飾り（32×32）,34,34,10,OpenGameArt,496 pixel art icons for medieval/fantasy RPG,Henrique Lazarini (7Soul1),https://opengameart.org/content/496-pixel-art-icons-for-medievalfantasy-rpg,CC0 1.0,
08-objects-items/oga-icon-i-book.png,小物・アイテム・乗り物,アイコン: 本（32×32）,34,34,5,OpenGameArt,496 pixel art icons for medieval/fantasy RPG,Henrique Lazarini (7Soul1),https://opengameart.org/content/496-pixel-art-icons-for-medievalfantasy-rpg,CC0 1.0,
08-objects-items/oga-icon-w-bow12.png,小物・アイテム・乗り物,アイコン: 弓（32×32）,34,34,13,OpenGameArt,496 pixel art icons for medieval/fantasy RPG,Henrique Lazarini (7Soul1),https://opengameart.org/content/496-pixel-art-icons-for-medievalfantasy-rpg,CC0 1.0,
08-objects-items/oga-icon-p-green03.png,小物・アイテム・乗り物,アイコン: 緑の薬（32×32）,34,34,12,OpenGameArt,496 pixel art icons for medieval/fantasy RPG,Henrique Lazarini (7Soul1),https://opengameart.org/content/496-pixel-art-icons-for-medievalfantasy-rpg,CC0 1.0,
08-objects-items/oga-icon-e-metal04.png,小物・アイテム・乗り物,アイコン: 金属の鉱石（32×32）,34,34,6,OpenGameArt,496 pixel art icons for medieval/fantasy RPG,Henrique Lazarini (7Soul1),https://opengameart.org/content/496-pixel-art-icons-for-medievalfantasy-rpg,CC0 1.0,
07-town-indoor/mw-tower-red.png,町・屋内,MiniWorld: 見張り塔（赤い屋根）,48,96,15,OpenGameArt,MiniWorld Sprites,Shade,https://opengameart.org/content/miniworld-sprites,CC0 1.0,
07-town-indoor/mw-taverns-red.png,町・屋内,MiniWorld: 酒場（赤い屋根）,48,64,16,OpenGameArt,MiniWorld Sprites,Shade,https://opengameart.org/content/miniworld-sprites,CC0 1.0,
