file,category,description,width,height,colors,site,source_title,author,source_url,license,modified
02-monsters/oga-16x16-ant-enemies-antenemy-red-spr.png,モンスター,「16x16 Ant Enemies」より（魔物）,16,32,6,OpenGameArt,16x16 Ant Enemies,ARoachIFoundOnMyPillow,https://opengameart.org/content/16x16-ant-enemies,CC0 1.0,
02-monsters/oga-16x16-ant-enemies-antenemyred-2.png,モンスター,「16x16 Ant Enemies」より（魔物）,16,16,6,OpenGameArt,16x16 Ant Enemies,ARoachIFoundOnMyPillow,https://opengameart.org/content/16x16-ant-enemies,CC0 1.0,
06-dungeon/oga-16x16-dungeon-tiles-slider-shooter-l.png,ダンジョン,「16x16 Dungeon Tiles」より（ダンジョン）,16,16,6,OpenGameArt,16x16 Dungeon Tiles,ETTiNGRiNDER,https://opengameart.org/content/16x16-dungeon-tiles,CC0 1.0,
06-dungeon/oga-16x16-dungeon-tiles-blob-3.png,ダンジョン,「16x16 Dungeon Tiles」より（ダンジョン）,16,16,40,OpenGameArt,16x16 Dungeon Tiles,ETTiNGRiNDER,https://opengameart.org/content/16x16-dungeon-tiles,CC0 1.0,
02-monsters/oga-16x16-flies-greyfly-spritesh.png,モンスター,「16x16 Flies」より（魔物）,48,16,9,OpenGameArt,16x16 Flies,ARoachIFoundOnMyPillow,https://opengameart.org/content/16x16-flies,CC0 1.0,
01-characters/oga-16x16-sprite-ninji-spritesheet-31.png,キャラクター,「16x16 Sprite Ninji」より（人物）,48,96,26,OpenGameArt,16x16 Sprite Ninji,One To Zero,https://opengameart.org/content/16x16-sprite-ninji,CC0 1.0,
06-dungeon/oga-16x16-square-block-variati-2015-02-12-block.png,ダンジョン,「16x16 Square Block Variations」より（ダンジョン）,1296,728,14,OpenGameArt,16x16 Square Block Variations,etqws3,https://opengameart.org/content/16x16-square-block-variations,CC0 1.0,
06-dungeon/oga-1bit-graphics-collection-arduboy-graphics.png,ダンジョン,「1bit Graphics Collection」より（ダンジョン）,408,360,4,OpenGameArt,1bit Graphics Collection,Drummyfish,https://opengameart.org/content/1bit-graphics-collection,CC0 1.0,
02-monsters/oga-2d-enemy-characters-pack-2-enemies-spritesh.png,モンスター,「2D Enemy Characters Pack [20x20]」より（魔物）,80,240,25,OpenGameArt,2D Enemy Characters Pack [20x20],RottingPixels,https://opengameart.org/content/2d-enemy-characters-pack-20x20,CC0 1.0,
01-characters/oga-2d-female-character-animat-elfia.png,キャラクター,「2D Female Character Animated Elfia」より（人物）,256,175,24,OpenGameArt,2D Female Character Animated Elfia,nyarlko,https://opengameart.org/content/2d-female-character-animated-elfia,CC0 1.0,
09-effects/oga-32x32-explosion-explosion-pixelf.png,エフェクト,「32x32 Explosion」より（エフェクト）,128,128,14,OpenGameArt,32x32 Explosion,diamonddmgirl,https://opengameart.org/content/32x32-explosion,CC0 1.0,
08-objects-items/oga-43-8x8-food-tiles-foodtiles.png,小物・アイテム・乗り物,「43 8x8 food tiles」より（小物・アイテム）,320,164,104,OpenGameArt,43 8x8 food tiles,ZakChaos,https://opengameart.org/content/43-8x8-food-tiles,CC0 1.0,
04-field/oga-8x8-8-bit-styled-grassland-gbc-styled-grass.png,フィールド,「8x8 8-bit Styled Grassland Tileset」より（フィールド）,144,32,6,OpenGameArt,8x8 8-bit Styled Grassland Tileset,ImpossibleRealms,https://opengameart.org/content/8x8-8-bit-styled-grassland-tileset,CC0 1.0,
08-objects-items/oga-a-statue-of-a-knight-in-pi-statue-0.png,小物・アイテム・乗り物,「A statue of a knight in pixel art.」より（小物・アイテム）,32,64,3,OpenGameArt,A statue of a knight in pixel art.,Kitsune64,https://opengameart.org/content/a-statue-of-a-knight-in-pixel-art,CC0 1.0,
08-objects-items/oga-alexs-fun-starter-pack-tile-door.png,小物・アイテム・乗り物,「Alex's fun starter pack」より（小物・アイテム）,2360,3912,98,OpenGameArt,Alex's fun starter pack,Fooliery,https://opengameart.org/content/alexs-fun-starter-pack,CC0 1.0,
01-characters/oga-angel-pixel-character-spri-angel.png,キャラクター,「ANGEL - Pixel Character Spritesheet」より（人物）,64,128,47,OpenGameArt,ANGEL - Pixel Character Spritesheet,ben0bi,https://opengameart.org/content/angel-pixel-character-spritesheet,CC0 1.0,
09-effects/oga-animated-fire-fire4-64-0.png,エフェクト,「Animated Fire」より（エフェクト）,640,384,5,OpenGameArt,Animated Fire,BenHickling,https://opengameart.org/content/animated-fire,CC0 1.0,
09-effects/oga-animated-fires-jumping-small-fi.png,エフェクト,「Animated Fires」より（エフェクト）,140,270,12,OpenGameArt,Animated Fires,stealthix,https://opengameart.org/content/animated-fires,CC0 1.0,
01-characters/oga-archer-elf-arqueira.png,キャラクター,「Archer Elf」より（人物）,38,64,10,OpenGameArt,Archer Elf,Ian Peter,https://opengameart.org/content/archer-elf,CC0 1.0,
01-characters/oga-archer-static-64x64-archer-light.png,キャラクター,「archer [Static] [64x64]」より（人物）,64,64,25,OpenGameArt,archer [Static] [64x64],LordNeo,https://opengameart.org/content/archer-static-64x64,CC0 1.0,
02-monsters/oga-assorted-32x32-creatures-creatures-3.png,モンスター,「Assorted 32x32 creatures」より（魔物）,288,288,41,OpenGameArt,Assorted 32x32 creatures,AndHeGames,https://opengameart.org/content/assorted-32x32-creatures,CC0 1.0,
08-objects-items/oga-basic-rpg-icons-basic-rpg-icons.png,小物・アイテム・乗り物,「Basic Rpg Icons」より（小物・アイテム）,48,48,25,OpenGameArt,Basic Rpg Icons,Pixel Archer,https://opengameart.org/content/basic-rpg-icons,CC0 1.0,
04-field/oga-beach-tileset-beach-tiles-1.png,フィールド,「Beach tileset」より（フィールド）,161,172,79,OpenGameArt,Beach tileset,ChikenwingJJA,https://opengameart.org/content/beach-tileset,CC0 1.0,
04-field/oga-beginner-tileset-out-now-beginnertileset.png,フィールド,「Beginner TileSet OUT NOW!」より（フィールド）,160,160,161,OpenGameArt,Beginner TileSet OUT NOW!,DesolateCorp,https://opengameart.org/content/beginner-tileset-out-now,CC0 1.0,
08-objects-items/oga-behrs-2500-pixel-spears-32-spears-115.png,小物・アイテム・乗り物,"「Behrs 2,500 Pixel Spears 32x32 Archive」より（小物・アイテム）",31,32,132,OpenGameArt,"Behrs 2,500 Pixel Spears 32x32 Archive",Behrtron,https://opengameart.org/content/behrs-2500-pixel-spears-32x32-archive,CC0 1.0,
08-objects-items/oga-behrs-4500-pixel-swords-32-1handswords-04-1.png,小物・アイテム・乗り物,"「Behrs 4,500 Pixel Swords 32x32 Archive」より（小物・アイテム）",32,32,136,OpenGameArt,"Behrs 4,500 Pixel Swords 32x32 Archive",Behrtron,https://opengameart.org/content/behrs-4500-pixel-swords-32x32-archive,CC0 1.0,
08-objects-items/oga-bomb-animation-24p-dx-bomb-spritesheet.png,小物・アイテム・乗り物,「Bomb Animation 24p DX」より（小物・アイテム）,64,64,6,OpenGameArt,Bomb Animation 24p DX,Umplix,https://opengameart.org/content/bomb-animation-24p-dx,CC0 1.0,
01-characters/oga-boy-npc-menino-trek-face.png,キャラクター,「Boy Npc」より（人物）,136,204,57,OpenGameArt,Boy Npc,Blind Harpy Gamedev,https://opengameart.org/content/boy-npc,CC0 1.0,
01-characters/oga-boy-npc-menino-trek-tran.png,キャラクター,「Boy Npc」より（人物）,144,144,13,OpenGameArt,Boy Npc,Blind Harpy Gamedev,https://opengameart.org/content/boy-npc,CC0 1.0,
02-monsters/oga-cat-sprites-catspritesx4.png,モンスター,「Cat sprites」より（魔物）,548,200,4,OpenGameArt,Cat sprites,Shepardskin,https://opengameart.org/content/cat-sprites,CC0 1.0,背景色を透明にして余白を切った
08-objects-items/oga-cc0-currency-updatedcoin.png,小物・アイテム・乗り物,「CC0 Currency」より（小物・アイテム）,294,266,26,OpenGameArt,CC0 Currency,ZaninDevelopers,https://opengameart.org/content/cc0-currency,CC0 1.0,
08-objects-items/oga-cc0-currency-updatedgem.png,小物・アイテム・乗り物,「CC0 Currency」より（小物・アイテム）,196,336,14,OpenGameArt,CC0 Currency,ZaninDevelopers,https://opengameart.org/content/cc0-currency,CC0 1.0,
04-field/oga-cc0-plant-clutter-orchids.png,フィールド,「CC0 Plant Clutter」より（フィールド）,704,704,17,OpenGameArt,CC0 Plant Clutter,ZaninDevelopers,https://opengameart.org/content/cc0-plant-clutter,CC0 1.0,
02-monsters/oga-chicken-sprites-chickenx4.png,モンスター,「Chicken Sprites」より（魔物）,328,140,5,OpenGameArt,Chicken Sprites,Shepardskin,https://opengameart.org/content/chicken-sprites,CC0 1.0,背景色を透明にして余白を切った
08-objects-items/oga-chinese-icons-chinese-icons.png,小物・アイテム・乗り物,「Chinese Icons」より（小物・アイテム）,48,48,49,OpenGameArt,Chinese Icons,Pixel Archer,https://opengameart.org/content/chinese-icons,CC0 1.0,
06-dungeon/oga-classical-ruin-tiles-classical-ruin-t.png,ダンジョン,「Classical Ruin Tiles」より（ダンジョン）,640,256,16,OpenGameArt,Classical Ruin Tiles,surt,https://opengameart.org/content/classical-ruin-tiles,CC0 1.0,
07-town-indoor/oga-colony-sim-assets-colony-0.png,町・屋内,「Colony sim assets」より（町・屋内）,417,328,24,OpenGameArt,Colony sim assets,Buch,https://opengameart.org/content/colony-sim-assets,CC0 1.0,
04-field/oga-crops-cc0-grey-all.png,フィールド,「Crops CC0」より（フィールド）,244,139,5,OpenGameArt,Crops CC0,SnoopethDuckDuck,https://opengameart.org/content/crops-cc0,CC0 1.0,
08-objects-items/oga-crops-cc0-gold-all.png,小物・アイテム・乗り物,「Crops CC0」より（小物・アイテム）,244,139,6,OpenGameArt,Crops CC0,SnoopethDuckDuck,https://opengameart.org/content/crops-cc0,CC0 1.0,
02-monsters/oga-cute-16x16-animal-icons-cute-animal-icon.png,モンスター,「Cute 16x16 Animal Icons」より（魔物）,192,16,84,OpenGameArt,Cute 16x16 Animal Icons,Spring Spring,https://opengameart.org/content/cute-16x16-animal-icons,CC0 1.0,
04-field/oga-cutted-tree-roots-new-cutted-tree.png,フィールド,「Cutted tree + roots」より（フィールド）,144,144,20,OpenGameArt,Cutted tree + roots,MiguelOliveira3D,https://opengameart.org/content/cutted-tree-roots,CC0 1.0,
04-field/oga-dancing-seaweed-0-dancing-seaweed.gif,フィールド,「Dancing Seaweed」より（フィールド）,99,63,29,OpenGameArt,Dancing Seaweed,Spring Spring,https://opengameart.org/content/dancing-seaweed-0,CC0 1.0,
02-monsters/oga-dino-rpg-character-dinox3.gif,モンスター,「Dino RPG Character」より（魔物）,300,240,23,OpenGameArt,Dino RPG Character,Shepardskin,https://opengameart.org/content/dino-rpg-character,CC0 1.0,
08-objects-items/oga-dutone-tileset-objects-and-minimalobjects-3.png,小物・アイテム・乗り物,「Dutone tileset objects and character」より（小物・アイテム）,192,384,6,OpenGameArt,Dutone tileset objects and character,Eris,https://opengameart.org/content/dutone-tileset-objects-and-character,CC0 1.0,
02-monsters/oga-enemy-game-character-cute--spider.png,モンスター,「Enemy Game Character - Cute Spider」より（魔物）,547,500,113,OpenGameArt,Enemy Game Character - Cute Spider,bevouliin.com,https://opengameart.org/content/enemy-game-character-cute-spider,CC0 1.0,
02-monsters/oga-enemy-sprite-0-enemy-10.png,モンスター,「Enemy Sprite」より（魔物）,18,22,9,OpenGameArt,Enemy Sprite,Teapot,https://opengameart.org/content/enemy-sprite-0,CC0 1.0,
09-effects/oga-explosion-3-explosion-11.png,エフェクト,「Explosion」より（エフェクト）,192,32,3,OpenGameArt,Explosion,Sogomn,https://opengameart.org/content/explosion-3,CC0 1.0,
09-effects/oga-explosion-7-explosion1-6.png,エフェクト,「Explosion」より（エフェクト）,1000,500,8,OpenGameArt,Explosion,BenHickling,https://opengameart.org/content/explosion-7,CC0 1.0,
09-effects/oga-explosion-animation-1-explosion-1.gif,エフェクト,「Explosion Animation」より（エフェクト）,32,32,16,OpenGameArt,Explosion Animation,den_yes,https://opengameart.org/content/explosion-animation-1,CC0 1.0,
02-monsters/oga-faces-of-surt-faces-of-surt-db.png,モンスター,「Faces of Surt」より（魔物）,272,237,23,OpenGameArt,Faces of Surt,Ragnar Random,https://opengameart.org/content/faces-of-surt,CC0 1.0,
08-objects-items/oga-fantasy-swords-16x16-pack--sword-pack-1.png,小物・アイテム・乗り物,「Fantasy Swords 16X16 pack 1.0」より（小物・アイテム）,80,64,14,OpenGameArt,Fantasy Swords 16X16 pack 1.0,IshtartPixels,https://opengameart.org/content/fantasy-swords-16x16-pack-10,CC0 1.0,
09-effects/oga-fire-circle-fx-fire-circles-400.png,エフェクト,「Fire Circle FX」より（エフェクト）,3200,3200,9,OpenGameArt,Fire Circle FX,Matriax,https://opengameart.org/content/fire-circle-fx,CC0 1.0,
02-monsters/oga-fish-0-sprite-00h03.gif,モンスター,「fish」より（魔物）,102,150,7,OpenGameArt,fish,kotnaszynce,https://opengameart.org/content/fish-0,CC0 1.0,
09-effects/oga-floor-is-lava-floor-is-lava.png,エフェクト,「Floor is lava」より（エフェクト）,128,128,47,OpenGameArt,Floor is lava,Kipperfalcon,https://opengameart.org/content/floor-is-lava,CC0 1.0,
09-effects/oga-free-pixel-effects-pack-15-loading-sprit.png,エフェクト,「Free Pixel Effects Pack」より（エフェクト）,1100,1100,6,OpenGameArt,Free Pixel Effects Pack,CodeManu,https://opengameart.org/content/free-pixel-effects-pack,CC0 1.0,
08-objects-items/oga-game-icons-sheet-black2x.png,小物・アイテム・乗り物,「Game icons」より（小物・アイテム）,1024,2048,16,OpenGameArt,Game icons,Kenney,https://opengameart.org/content/game-icons,CC0 1.0,
02-monsters/oga-german-shepherd-0-spritesheet.png,モンスター,「German Shepherd」より（魔物）,543,174,7,OpenGameArt,German Shepherd,Shepardskin,https://opengameart.org/content/german-shepherd-0,CC0 1.0,
03-bosses/oga-graveyard-goon-skeletonidle.gif,ボス,「Graveyard Goon」より（ボス向き）,128,128,9,OpenGameArt,Graveyard Goon,Admurin,https://opengameart.org/content/graveyard-goon,CC0 1.0,
06-dungeon/oga-green-temple-autotile-set-greentempleterra.png,ダンジョン,「Green Temple Autotile Set」より（ダンジョン）,192,64,18,OpenGameArt,Green Temple Autotile Set,Ultrahuntr,https://opengameart.org/content/green-temple-autotile-set,CC0 1.0,
06-dungeon/oga-grey-roguelike-tileset-grey-tileset0000.png,ダンジョン,「Grey Roguelike Tileset」より（ダンジョン）,256,224,9,OpenGameArt,Grey Roguelike Tileset,Sardonic,https://opengameart.org/content/grey-roguelike-tileset,CC0 1.0,
04-field/oga-ground-tiles-2-rock.png,フィールド,「Ground Tiles」より（フィールド）,1000,1000,78,OpenGameArt,Ground Tiles,Raijin,https://opengameart.org/content/ground-tiles-2,CC0 1.0,
01-characters/oga-half-human-npcs-dog-boy-bmp.png,キャラクター,「Half-Human NPCs」より（人物）,160,20,14,OpenGameArt,Half-Human NPCs,marionline,https://opengameart.org/content/half-human-npcs,CC0 1.0,
04-field/oga-hedge-maze-and-ice-palace--hedge-maze-tiles.png,フィールド,「Hedge Maze and Ice Palace Tiles」より（フィールド）,64,64,37,OpenGameArt,Hedge Maze and Ice Palace Tiles,Spring Spring,https://opengameart.org/content/hedge-maze-and-ice-palace-tiles,CC0 1.0,
08-objects-items/oga-hit-die-icons-hit-dice-sheet.png,小物・アイテム・乗り物,「Hit Die Icons」より（小物・アイテム）,160,320,6,OpenGameArt,Hit Die Icons,OptimusGnu,https://opengameart.org/content/hit-die-icons,CC0 1.0,
07-town-indoor/oga-home-tile-set-spr-hometiles-pa.png,町・屋内,「Home Tile Set」より（町・屋内）,329,133,27,OpenGameArt,Home Tile Set,Chasersgaming,https://opengameart.org/content/home-tile-set,CC0 1.0,
06-dungeon/oga-industrial-mine-tileset-mine-1.png,ダンジョン,「Industrial Mine Tileset」より（ダンジョン）,512,512,26,OpenGameArt,Industrial Mine Tileset,Spring Spring,https://opengameart.org/content/industrial-mine-tileset,CC0 1.0,
08-objects-items/oga-inventory-filter-icons-icons.png,小物・アイテム・乗り物,「Inventory filter icons」より（小物・アイテム）,192,16,16,OpenGameArt,Inventory filter icons,twiswist,https://opengameart.org/content/inventory-filter-icons,CC0 1.0,
08-objects-items/oga-inventory-filter-icons-bag.png,小物・アイテム・乗り物,「Inventory filter icons」より（小物・アイテム）,16,16,5,OpenGameArt,Inventory filter icons,twiswist,https://opengameart.org/content/inventory-filter-icons,CC0 1.0,
02-monsters/oga-kiwi-sprites-kiwix4.gif,モンスター,「Kiwi Sprites」より（魔物）,452,36,6,OpenGameArt,Kiwi Sprites,Shepardskin,https://opengameart.org/content/kiwi-sprites,CC0 1.0,
01-characters/oga-knight-spritesheet-dumbthing.png,キャラクター,「Knight spritesheet」より（人物）,512,256,32,OpenGameArt,Knight spritesheet,marqueeplier,https://opengameart.org/content/knight-spritesheet,CC0 1.0,
02-monsters/oga-knight-spritesheet-spritesheet-62.png,モンスター,「Knight spritesheet」より（魔物）,256,258,38,OpenGameArt,Knight spritesheet,marqueeplier,https://opengameart.org/content/knight-spritesheet,CC0 1.0,
04-field/oga-kudzu-leaves-pixel-art-kudzu-leaves-32x.png,フィールド,「Kudzu leaves pixel art」より（フィールド）,128,32,2,OpenGameArt,Kudzu leaves pixel art,hatmix,https://opengameart.org/content/kudzu-leaves-pixel-art,CC0 1.0,
08-objects-items/oga-lamps-lights-n-torches-lamps-all.png,小物・アイテム・乗り物,「Lamps Lights n Torches」より（小物・アイテム）,160,112,175,OpenGameArt,Lamps Lights n Torches,Reactorcore,https://opengameart.org/content/lamps-lights-n-torches,CC0 1.0,
08-objects-items/oga-lamps-lights-n-torches-lamp-shade.png,小物・アイテム・乗り物,「Lamps Lights n Torches」より（小物・アイテム）,20,26,12,OpenGameArt,Lamps Lights n Torches,Reactorcore,https://opengameart.org/content/lamps-lights-n-torches,CC0 1.0,
06-dungeon/oga-lava-tileset-lava-tiles.png,ダンジョン,「Lava tileset」より（ダンジョン）,256,256,4,OpenGameArt,Lava tileset,batica,https://opengameart.org/content/lava-tileset,CC0 1.0,
01-characters/oga-little-weirdos-portraits.png,キャラクター,「little weirdos」より（人物）,512,256,23,OpenGameArt,little weirdos,pebonius,https://opengameart.org/content/little-weirdos,CC0 1.0,
02-monsters/oga-little-weirdos-animals.png,モンスター,「little weirdos」より（魔物）,256,256,25,OpenGameArt,little weirdos,pebonius,https://opengameart.org/content/little-weirdos,CC0 1.0,
02-monsters/oga-little-weirdos-spooks.png,モンスター,「little weirdos」より（魔物）,256,256,23,OpenGameArt,little weirdos,pebonius,https://opengameart.org/content/little-weirdos,CC0 1.0,
01-characters/oga-miscellaneous-pixel-art-image-4.png,キャラクター,「Miscellaneous pixel art.」より（人物）,688,448,17,OpenGameArt,Miscellaneous pixel art.,"darkagegames ほか: darkagegames, surt",https://opengameart.org/content/miscellaneous-pixel-art,CC0 1.0,
10-parts/oga-monster-builder-pack-spritesheet-doub.png,組み立て用の部品,「Monster Builder Pack」より（組み立て用の部品）,2958,2960,253,OpenGameArt,Monster Builder Pack,Kenney,https://opengameart.org/content/monster-builder-pack,CC0 1.0,
04-field/oga-mountain-tileset-mountaintileset.png,フィールド,「Mountain Tileset」より（フィールド）,208,128,8,OpenGameArt,Mountain Tileset,ImpossibleRealms,https://opengameart.org/content/mountain-tileset,CC0 1.0,
04-field/oga-nature-props-surface-fores-fir-tree-2.png,フィールド,「Nature Props Surface Forest」より（フィールド）,56,94,210,OpenGameArt,Nature Props Surface Forest,Reactorcore,https://opengameart.org/content/nature-props-surface-forest,CC0 1.0,
04-field/oga-nature-props-surface-fores-rock-1.png,フィールド,「Nature Props Surface Forest」より（フィールド）,46,25,97,OpenGameArt,Nature Props Surface Forest,Reactorcore,https://opengameart.org/content/nature-props-surface-forest,CC0 1.0,
04-field/oga-nature-props-surface-fores-bush-1.png,フィールド,「Nature Props Surface Forest」より（フィールド）,44,21,69,OpenGameArt,Nature Props Surface Forest,Reactorcore,https://opengameart.org/content/nature-props-surface-forest,CC0 1.0,
01-characters/oga-npc-characters-20-background6-0.png,キャラクター,「NPC Characters (20)」より（人物）,480,384,92,OpenGameArt,NPC Characters (20),Chasersgaming,https://opengameart.org/content/npc-characters-20,CC0 1.0,
02-monsters/oga-orange-spider-game-charact-orange-spider.png,モンスター,「Orange Spider Game Character」より（魔物）,639,532,108,OpenGameArt,Orange Spider Game Character,bevouliin.com,https://opengameart.org/content/orange-spider-game-character,CC0 1.0,
04-field/oga-pixel-art-animations-and-e-tree-big-sheet.png,フィールド,「Pixel art animations and enemies from 'Gop go go' project」より（フィールド）,1280,720,63,OpenGameArt,Pixel art animations and enemies from 'Gop go go' project,madmedicsoft,https://opengameart.org/content/pixel-art-animations-and-enemies-from-gop-go-go-project,CC0 1.0,
08-objects-items/oga-pixel-art-bomb-animation-bomb-prefuze.png,小物・アイテム・乗り物,「Pixel art Bomb animation」より（小物・アイテム）,240,80,11,OpenGameArt,Pixel art Bomb animation,momopey,https://opengameart.org/content/pixel-art-bomb-animation,CC0 1.0,
08-objects-items/oga-pixel-art-circular-table-table-0.gif,小物・アイテム・乗り物,「Pixel Art Circular Table」より（小物・アイテム）,195,113,10,OpenGameArt,Pixel Art Circular Table,Spring Spring,https://opengameart.org/content/pixel-art-circular-table,CC0 1.0,
09-effects/oga-pixel-art-explosion-animat-splode-0.gif,エフェクト,「Pixel art explosion animation」より（エフェクト）,192,192,4,OpenGameArt,Pixel art explosion animation,floatvoid,https://opengameart.org/content/pixel-art-explosion-animation-0,CC0 1.0,
01-characters/oga-pixel-art-top-down-soldier-soldier-8.png,キャラクター,「pixel art top down soldiers」より（人物）,64,64,15,OpenGameArt,pixel art top down soldiers,tbbk,https://opengameart.org/content/pixel-art-top-down-soldiers,CC0 1.0,
02-monsters/oga-pixel-bug-bad-boy-bug.png,モンスター,「Pixel Bug」より（魔物）,87,25,9,OpenGameArt,Pixel Bug,Umplix,https://opengameart.org/content/pixel-bug,CC0 1.0,
09-effects/oga-pixel-fx-pack-4.png,エフェクト,「Pixel FX Pack」より（エフェクト）,900,900,78,OpenGameArt,Pixel FX Pack,CodeManu,https://opengameart.org/content/pixel-fx-pack,CC0 1.0,
02-monsters/oga-pixel-horse-horse-idle-cycle.png,モンスター,「pixel horse」より（魔物）,574,66,5,OpenGameArt,pixel horse,alizard,https://opengameart.org/content/pixel-horse,CC0 1.0,
01-characters/oga-pixel-man-character-positi.png,キャラクター,「Pixel Man」より（人物）,32,32,18,OpenGameArt,Pixel Man,Shawneth,https://opengameart.org/content/pixel-man,CC0 1.0,
04-field/oga-pixel-pine-tree-assets-10--iso-pines-0.png,フィールド,「Pixel Pine Tree Assets (10 Pack)」より（フィールド）,416,541,8,OpenGameArt,Pixel Pine Tree Assets (10 Pack),pistachio,https://opengameart.org/content/pixel-pine-tree-assets-10-pack,CC0 1.0,
01-characters/oga-pixel-wizard-girl-fullsize.png,キャラクター,「Pixel wizard girl」より（人物）,32,34,52,OpenGameArt,Pixel wizard girl,mailbun,https://opengameart.org/content/pixel-wizard-girl,CC0 1.0,
02-monsters/oga-plant-pets-plant-dog-0.gif,モンスター,「Plant Pets」より（魔物）,28,30,13,OpenGameArt,Plant Pets,Aswino,https://opengameart.org/content/plant-pets,CC0 1.0,
08-objects-items/oga-potions-32x32-potions-11.png,小物・アイテム・乗り物,「Potions 32x32」より（小物・アイテム）,160,192,76,OpenGameArt,Potions 32x32,Leozlk,https://opengameart.org/content/potions-32x32,CC0 1.0,
08-objects-items/oga-potions-pack-potion-sheet.png,小物・アイテム・乗り物,「Potions Pack」より（小物・アイテム）,32,32,10,OpenGameArt,Potions Pack,FunnyDude,https://opengameart.org/content/potions-pack,CC0 1.0,
02-monsters/oga-psycho-furs-chiffer-1-0.png,モンスター,「Psycho Furs!」より（魔物）,192,192,15,OpenGameArt,Psycho Furs!,Spring Spring ほか: withthelove,https://opengameart.org/content/psycho-furs,CC0 1.0,
02-monsters/oga-purple-puma-pixel-art-spri-puma-0.png,モンスター,「Purple Puma pixel art spritesheet」より（魔物）,64,128,5,OpenGameArt,Purple Puma pixel art spritesheet,nightgane,https://opengameart.org/content/purple-puma-pixel-art-spritesheet,CC0 1.0,
01-characters/oga-ranger-animated-jump-1.png,キャラクター,「Ranger [Animated]」より（人物）,200,145,16,OpenGameArt,Ranger [Animated],DezrasDragons,https://opengameart.org/content/ranger-animated,CC0 1.0,
09-effects/oga-ring-explosion-explosion2-4.png,エフェクト,「Ring Explosion」より（エフェクト）,1000,600,7,OpenGameArt,Ring Explosion,BenHickling,https://opengameart.org/content/ring-explosion,CC0 1.0,
08-objects-items/oga-rose-sprite-rose-ergorius-0.png,小物・アイテム・乗り物,「Rose sprite」より（小物・アイテム）,32,32,3,OpenGameArt,Rose sprite,Ergorius,https://opengameart.org/content/rose-sprite,CC0 1.0,
08-objects-items/oga-rough-gems-speedstonegrey-0.png,小物・アイテム・乗り物,「Rough gems」より（小物・アイテム）,32,32,5,OpenGameArt,Rough gems,mistergrey,https://opengameart.org/content/rough-gems,CC0 1.0,
01-characters/oga-rpg-asset-character-centur-full-spritesheet.png,キャラクター,「RPG Asset Character 'Centurion' NES」より（人物）,320,168,9,OpenGameArt,RPG Asset Character 'Centurion' NES,Chasersgaming,https://opengameart.org/content/rpg-asset-character-centurion-nes,CC0 1.0,
01-characters/oga-rpg-asset-character-centur-run-spritesheet.png,キャラクター,「RPG Asset Character 'Centurion' NES」より（人物）,96,128,4,OpenGameArt,RPG Asset Character 'Centurion' NES,Chasersgaming,https://opengameart.org/content/rpg-asset-character-centurion-nes,CC0 1.0,
01-characters/oga-rpg-asset-character-zombie-nes-zombie-death.png,キャラクター,「RPG Asset Character 'Zombie' NES」より（人物）,96,32,4,OpenGameArt,RPG Asset Character 'Zombie' NES,Chasersgaming,https://opengameart.org/content/rpg-asset-character-zombie-nes,CC0 1.0,
01-characters/oga-rpg-character-knight-sms-sms-png-knight-a.png,キャラクター,「RPG Character 'Knight' SMS」より（人物）,96,96,7,OpenGameArt,RPG Character 'Knight' SMS,Chasersgaming,https://opengameart.org/content/rpg-character-knight-sms,CC0 1.0,
01-characters/oga-rpg-character-ranger-sms-sms-ranger-attac.png,キャラクター,「RPG Character 'Ranger' SMS」より（人物）,96,96,8,OpenGameArt,RPG Character 'Ranger' SMS,Chasersgaming,https://opengameart.org/content/rpg-character-ranger-sms,CC0 1.0,
02-monsters/oga-rpg-goblin-knife-jab-anima-goblin-knife-att.png,モンスター,「RPG Goblin Knife Jab Animation Sprite Sheet」より（魔物）,52,85,13,OpenGameArt,RPG Goblin Knife Jab Animation Sprite Sheet,Gman2099,https://opengameart.org/content/rpg-goblin-knife-jab-animation-sprite-sheet,CC0 1.0,背景色を透明にして余白を切った
07-town-indoor/oga-rpg-sprite-sheet-tile-sheet-0.png,町・屋内,「RPG Sprite Sheet」より（町・屋内）,180,180,92,OpenGameArt,RPG Sprite Sheet,Healy,https://opengameart.org/content/rpg-sprite-sheet,CC0 1.0,
01-characters/oga-rpg-sprites-blu-guy-01.png,キャラクター,「RPG - Sprites - Blu Guy」より（人物）,33,33,8,OpenGameArt,RPG - Sprites - Blu Guy,Ulti,https://opengameart.org/content/rpg-sprites-blu-guy,CC0 1.0,
08-objects-items/oga-shattering-boulder-boulder-0.gif,小物・アイテム・乗り物,「Shattering Boulder」より（小物・アイテム）,32,32,4,OpenGameArt,Shattering Boulder,Spring Spring,https://opengameart.org/content/shattering-boulder,CC0 1.0,
08-objects-items/oga-shroomblade-2-sizes-32x-sprites.png,小物・アイテム・乗り物,「'SHROOMBLADE 2 SIZES」より（小物・アイテム）,32,64,213,OpenGameArt,'SHROOMBLADE 2 SIZES,GoopyBus,https://opengameart.org/content/shroomblade-2-sizes,CC0 1.0,
08-objects-items/oga-shroomblade-2-sizes-32x32-1.png,小物・アイテム・乗り物,「'SHROOMBLADE 2 SIZES」より（小物・アイテム）,32,32,133,OpenGameArt,'SHROOMBLADE 2 SIZES,GoopyBus,https://opengameart.org/content/shroomblade-2-sizes,CC0 1.0,
08-objects-items/oga-simple-rpg-weapons-icon-16-rpg-weapons-icon.png,小物・アイテム・乗り物,「Simple RPG Weapons Icon (16x16)」より（小物・アイテム）,128,128,51,OpenGameArt,Simple RPG Weapons Icon (16x16),CapivarAzul,https://opengameart.org/content/simple-rpg-weapons-icon-16x16,CC0 1.0,
02-monsters/oga-sinkar-birber-minibird-0.gif,モンスター,「Sinkar Birber」より（魔物）,27,32,9,OpenGameArt,Sinkar Birber,Spring Spring,https://opengameart.org/content/sinkar-birber,CC0 1.0,
08-objects-items/oga-skulls-skull-mutations.png,小物・アイテム・乗り物,「Skulls」より（小物・アイテム）,6080,992,38,OpenGameArt,Skulls,Doodle,https://opengameart.org/content/skulls,CC0 1.0,
07-town-indoor/oga-spooky-house-spooky-house-she.png,町・屋内,「Spooky House」より（町・屋内）,500,320,20,OpenGameArt,Spooky House,Chasersgaming,https://opengameart.org/content/spooky-house,CC0 1.0,
04-field/oga-sprites-from-old-project-f-forest-14.png,フィールド,「Sprites from old project - forest objects and character」より（フィールド）,512,256,41,OpenGameArt,Sprites from old project - forest objects and character,TheNess,https://opengameart.org/content/sprites-from-old-project-forest-objects-and-character,CC0 1.0,
04-field/oga-sprites-from-old-project-f-grass-63.png,フィールド,「Sprites from old project - forest objects and character」より（フィールド）,256,128,22,OpenGameArt,Sprites from old project - forest objects and character,TheNess,https://opengameart.org/content/sprites-from-old-project-forest-objects-and-character,CC0 1.0,
04-field/oga-tile-set-pack-17-free-tileset-17.png,フィールド,「Tile Set Pack 17」より（フィールド）,496,500,12,OpenGameArt,Tile Set Pack 17,Chasersgaming,https://opengameart.org/content/tile-set-pack-17,CC0 1.0,
08-objects-items/oga-top-view-crossbow-man-archer-shoot-0.gif,小物・アイテム・乗り物,「Top View Crossbow man」より（小物・アイテム）,88,76,183,OpenGameArt,Top View Crossbow man,Cliipso,https://opengameart.org/content/top-view-crossbow-man,CC0 1.0,
04-field/oga-tree-falling-over-tree-1-fall.png,フィールド,「tree falling over」より（フィールド）,605,102,5,OpenGameArt,tree falling over,sodri,https://opengameart.org/content/tree-falling-over,CC0 1.0,
04-field/oga-tree-with-small-details-tree2-3.png,フィールド,「tree with small details」より（フィールド）,213,195,30,OpenGameArt,tree with small details,Angry Amish,https://opengameart.org/content/tree-with-small-details,CC0 1.0,
01-characters/oga-unreleased-scraps-unreleased-scrap.png,キャラクター,「unreleased scraps」より（人物）,128,256,55,OpenGameArt,unreleased scraps,pebonius,https://opengameart.org/content/unreleased-scraps,CC0 1.0,
07-town-indoor/oga-unreleased-scraps-shed-tiles.png,町・屋内,「unreleased scraps」より（町・屋内）,128,96,11,OpenGameArt,unreleased scraps,pebonius,https://opengameart.org/content/unreleased-scraps,CC0 1.0,
09-effects/oga-upwards-floating-soul-ssoul.png,エフェクト,「Upwards Floating Soul」より（エフェクト）,64,16,3,OpenGameArt,Upwards Floating Soul,patvanmackelberg,https://opengameart.org/content/upwards-floating-soul,CC0 1.0,
01-characters/oga-walking-knight-0-walkingknight.png,キャラクター,「Walking Knight」より（人物）,640,640,6,OpenGameArt,Walking Knight,utkdub,https://opengameart.org/content/walking-knight-0,CC0 1.0,
09-effects/oga-warped-shooting-fx-charged2.png,エフェクト,「Warped Shooting Fx」より（エフェクト）,63,48,3,OpenGameArt,Warped Shooting Fx,ansimuz,https://opengameart.org/content/warped-shooting-fx,CC0 1.0,
02-monsters/oga-wasp-0-waspy-boi-persis.gif,モンスター,「Wasp」より（魔物）,37,26,11,OpenGameArt,Wasp,Spring Spring ほか: Puffolotti,https://opengameart.org/content/wasp-0,CC0 1.0,
04-field/oga-water-aqua-layer-system-288x288-seamless.png,フィールド,「Water Aqua Layer System」より（フィールド）,288,288,2,OpenGameArt,Water Aqua Layer System,Reactorcore,https://opengameart.org/content/water-aqua-layer-system,CC0 1.0,
04-field/oga-water-aqua-layer-system-acid-flat-bright.png,フィールド,「Water Aqua Layer System」より（フィールド）,288,288,48,OpenGameArt,Water Aqua Layer System,Reactorcore,https://opengameart.org/content/water-aqua-layer-system,CC0 1.0,
01-characters/oga-wizard-7-wizard-walking-0.png,キャラクター,「Wizard」より（人物）,144,192,28,OpenGameArt,Wizard,lylfDW,https://opengameart.org/content/wizard-7,CC0 1.0,
02-monsters/oga-16-bit-skeleton-skeleton-17.png,モンスター,「16-bit skeleton」より（魔物）,544,32,8,OpenGameArt,16-bit skeleton,jhanson9012,https://opengameart.org/content/16-bit-skeleton,CC0 1.0,
02-monsters/oga-2d-slime-animated-dungeonslime.png,モンスター,「2D Slime Animated」より（魔物）,88,32,4,OpenGameArt,2D Slime Animated,SpinachChicken,https://opengameart.org/content/2d-slime-animated,CC0 1.0,
08-objects-items/oga-30-sprites-made-in-30-minu-30-sprites-in-30.png,小物・アイテム・乗り物,「30 sprites made in 30 minutes」より（小物・アイテム）,102,85,151,OpenGameArt,30 sprites made in 30 minutes,russpuppy,https://opengameart.org/content/30-sprites-made-in-30-minutes,CC0 1.0,
01-characters/oga-angel-angel-0.gif,キャラクター,「Angel」より（人物）,34,43,14,OpenGameArt,Angel,Spring Spring,https://opengameart.org/content/angel,CC0 1.0,
02-monsters/oga-bear-0-bear-trident-1.png,モンスター,「Bear」より（魔物）,30,30,30,OpenGameArt,Bear,Sketlux,https://opengameart.org/content/bear-0,CC0 1.0,
02-monsters/oga-bear-warrior-bear2-0.png,モンスター,「Bear Warrior」より（魔物）,800,468,14,OpenGameArt,Bear Warrior,Spring Spring,https://opengameart.org/content/bear-warrior,CC0 1.0,
02-monsters/oga-benza-png.png,モンスター,「Benza」より（魔物）,1059,1194,80,OpenGameArt,Benza,megupets,https://opengameart.org/content/benza,CC0 1.0,
02-monsters/oga-bird-2-bird-v001-blue-a.png,モンスター,「Bird」より（魔物）,528,256,11,OpenGameArt,Bird,rmazanek,https://opengameart.org/content/bird-2,CC0 1.0,
02-monsters/oga-bird-asset-bird-asset-2-8.png,モンスター,「Bird asset」より（魔物）,256,256,6,OpenGameArt,Bird asset,EclipseDaOne,https://opengameart.org/content/bird-asset,CC0 1.0,
01-characters/oga-character-animations-cavem-spr-caveman-0-2.png,キャラクター,「Character Animations (Caveman)」より（人物）,256,544,37,OpenGameArt,Character Animations (Caveman),Chasersgaming,https://opengameart.org/content/character-animations-caveman,CC0 1.0,
04-field/oga-cowboys-vs-zombies-tree.png,フィールド,「Cowboys vs Zombies」より（フィールド）,128,156,6,OpenGameArt,Cowboys vs Zombies,BananaGirl,https://opengameart.org/content/cowboys-vs-zombies,CC0 1.0,
02-monsters/oga-cowboys-vs-zombies-zombie-all.gif,モンスター,「Cowboys vs Zombies」より（魔物）,128,128,4,OpenGameArt,Cowboys vs Zombies,BananaGirl,https://opengameart.org/content/cowboys-vs-zombies,CC0 1.0,
02-monsters/oga-cute-frog-rzabu1-0.gif,モンスター,「cute frog」より（魔物）,384,512,13,OpenGameArt,cute frog,kotnaszynce,https://opengameart.org/content/cute-frog,CC0 1.0,
02-monsters/oga-dogwolf-spritesheet-dog.png,モンスター,「Dog/Wolf spritesheet」より（魔物）,128,32,7,OpenGameArt,Dog/Wolf spritesheet,Cough-E,https://opengameart.org/content/dogwolf-spritesheet,CC0 1.0,
02-monsters/oga-fire-slime-fireslime-0.gif,モンスター,「Fire Slime」より（魔物）,32,32,11,OpenGameArt,Fire Slime,Spring Spring,https://opengameart.org/content/fire-slime,CC0 1.0,
02-monsters/oga-flying-monster-frames-16x1-bat-2.png,モンスター,「Flying Monster Frames 16x16」より（魔物）,160,160,4,OpenGameArt,Flying Monster Frames 16x16,awesomeduck,https://opengameart.org/content/flying-monster-frames-16x16,CC0 1.0,
02-monsters/oga-flying-monster-frames-16x1-stalkette-1-0.png,モンスター,「Flying Monster Frames 16x16」より（魔物）,128,128,5,OpenGameArt,Flying Monster Frames 16x16,awesomeduck,https://opengameart.org/content/flying-monster-frames-16x16,CC0 1.0,
02-monsters/oga-flying-snake-monster-hero-hero-5.png,モンスター,「Flying Snake Monster Hero」より（魔物）,256,40,10,OpenGameArt,Flying Snake Monster Hero,marionline,https://opengameart.org/content/flying-snake-monster-hero,CC0 1.0,
02-monsters/oga-frog-frog-6.png,モンスター,「Frog」より（魔物）,32,26,10,OpenGameArt,Frog,Pixel Archer,https://opengameart.org/content/frog,CC0 1.0,
01-characters/oga-frog-classic-hero-frog.png,キャラクター,「Frog [Classic Hero]」より（人物）,416,32,17,OpenGameArt,Frog [Classic Hero],xxgicoxx,https://opengameart.org/content/frog-classic-hero,CC0 1.0,
02-monsters/oga-froggy-froggy-1.png,モンスター,「Froggy」より（魔物）,256,128,6,OpenGameArt,Froggy,Spring Spring,https://opengameart.org/content/froggy,CC0 1.0,
02-monsters/oga-fwoggy-rzabba12-0.gif,モンスター,「fwoggy」より（魔物）,171,120,7,OpenGameArt,fwoggy,kotnaszynce,https://opengameart.org/content/fwoggy,CC0 1.0,
02-monsters/oga-ghost-3-ghost-9.png,モンスター,「Ghost」より（魔物）,1200,600,6,OpenGameArt,Ghost,Robotrage,https://opengameart.org/content/ghost-3,CC0 1.0,
02-monsters/oga-ghost-5-ghosts-0.png,モンスター,「Ghost」より（魔物）,40,20,2,OpenGameArt,Ghost,StygianChrno,https://opengameart.org/content/ghost-5,CC0 1.0,
02-monsters/oga-goblin-free-pixelart-goblin-attack-ri.gif,モンスター,「GOBLIN FREE PIXELART」より（魔物）,48,32,13,OpenGameArt,GOBLIN FREE PIXELART,thekingphoenix,https://opengameart.org/content/goblin-free-pixelart,CC0 1.0,
02-monsters/oga-green-slime-1-slime-17.png,モンスター,「Green Slime」より（魔物）,320,192,9,OpenGameArt,Green Slime,Kimicharu,https://opengameart.org/content/green-slime-1,CC0 1.0,
01-characters/oga-halloween-characters-ballimage-0001-l.png,キャラクター,「Halloween characters」より（人物）,137,277,57,OpenGameArt,Halloween characters,Armando Rodarte,https://opengameart.org/content/halloween-characters,CC0 1.0,
02-monsters/oga-horned-skeletons-skeletonsorigina.gif,モンスター,「Horned Skeletons」より（魔物）,47,76,12,OpenGameArt,Horned Skeletons,Shepardskin,https://opengameart.org/content/horned-skeletons,CC0 1.0,
02-monsters/oga-kawaii-slime-sprites-8c29e913-a442-44.png,モンスター,「Kawaii Slime sprites」より（魔物）,263,185,12,OpenGameArt,Kawaii Slime sprites,Graveheartart,https://opengameart.org/content/kawaii-slime-sprites,CC0 1.0,
03-bosses/oga-king-rat-new-piskel-16.png,ボス,「King Rat」より（ボス向き）,150,150,6,OpenGameArt,King Rat,djantosh10,https://opengameart.org/content/king-rat,CC0 1.0,
08-objects-items/oga-medicines-spr-sheet-medici.png,小物・アイテム・乗り物,「MEDICINES」より（小物・アイテム）,96,100,27,OpenGameArt,MEDICINES,NaranjaIncógnita,https://opengameart.org/content/medicines,CC0 1.0,
04-field/oga-misc-props-misc-stuff-openg.png,フィールド,「Misc props」より（フィールド）,234,94,32,OpenGameArt,Misc props,.bee,https://opengameart.org/content/misc-props,CC0 1.0,
02-monsters/oga-orange-fat-cat-cat-dead0015.png,モンスター,「Orange Fat Cat」より（魔物）,1144,996,164,OpenGameArt,Orange Fat Cat,megupets,https://opengameart.org/content/orange-fat-cat,CC0 1.0,
02-monsters/oga-piskel-cute-ghost-ghost-spriteshee.png,モンスター,「Piskel cute ghost」より（魔物）,512,384,5,OpenGameArt,Piskel cute ghost,PINKCANNON,https://opengameart.org/content/piskel-cute-ghost,CC0 1.0,
02-monsters/oga-pixel-art-ghosts-ghost6-0.png,モンスター,「Pixel Art Ghosts」より（魔物）,135,130,2,OpenGameArt,Pixel Art Ghosts,bonzille,https://opengameart.org/content/pixel-art-ghosts,CC0 1.0,
02-monsters/oga-pixel-art-ghosts-ghost5.png,モンスター,「Pixel Art Ghosts」より（魔物）,135,130,3,OpenGameArt,Pixel Art Ghosts,bonzille,https://opengameart.org/content/pixel-art-ghosts,CC0 1.0,
02-monsters/oga-pixel-bat-sprite-piskel-bat-0.png,モンスター,「Pixel bat sprite」より（魔物）,64,96,2,OpenGameArt,Pixel bat sprite,tbbk,https://opengameart.org/content/pixel-bat-sprite,CC0 1.0,
02-monsters/oga-pixel-frog-0-froggy.png,モンスター,「Pixel frog」より（魔物）,26,21,4,OpenGameArt,Pixel frog,scofanogd,https://opengameart.org/content/pixel-frog-0,CC0 1.0,
02-monsters/oga-pixel-frog-1616-pixel-frog-jumpi.gif,モンスター,「Pixel Frog (16*16)」より（魔物）,32,16,7,OpenGameArt,Pixel Frog (16*16),scriptoy,https://opengameart.org/content/pixel-frog-1616,CC0 1.0,
01-characters/oga-pixel-rabbit-people-larry-with-a-bow.png,キャラクター,「Pixel Rabbit People」より（人物）,172,79,25,OpenGameArt,Pixel Rabbit People,diamonddmgirl,https://opengameart.org/content/pixel-rabbit-people,CC0 1.0,
02-monsters/oga-pixel-tree-frog-sprite-frog-20240818141.png,モンスター,「Pixel Tree Frog Sprite」より（魔物）,226,198,10,OpenGameArt,Pixel Tree Frog Sprite,ieppei,https://opengameart.org/content/pixel-tree-frog-sprite,CC0 1.0,
02-monsters/oga-pixel-wolf-wolf-run.png,モンスター,「pixel wolf」より（魔物）,315,27,5,OpenGameArt,pixel wolf,alizard,https://opengameart.org/content/pixel-wolf,CC0 1.0,背景色を透明にして余白を切った
02-monsters/oga-pixelated-goblin-goblin-walk-righ.png,モンスター,「Pixelated Goblin」より（魔物）,128,32,9,OpenGameArt,Pixelated Goblin,markoxx2,https://opengameart.org/content/pixelated-goblin,CC0 1.0,
02-monsters/oga-purple-ghost-bunny-sprite-bunbun-sprites.png,モンスター,「Purple Ghost Bunny Sprite」より（魔物）,192,96,11,OpenGameArt,Purple Ghost Bunny Sprite,cwendeku,https://opengameart.org/content/purple-ghost-bunny-sprite,CC0 1.0,
02-monsters/oga-random-assets-camells.png,モンスター,「random assets」より（魔物）,512,360,236,OpenGameArt,random assets,megupets,https://opengameart.org/content/random-assets,CC0 1.0,
02-monsters/oga-rat-new-piskel-7-0.png,モンスター,「Rat」より（魔物）,100,100,4,OpenGameArt,Rat,djantosh10,https://opengameart.org/content/rat,CC0 1.0,
08-objects-items/oga-round-shield-64x64-a-shield-round-m.png,小物・アイテム・乗り物,「round shield [64x64]」より（小物・アイテム）,64,64,8,OpenGameArt,round shield [64x64],LordNeo,https://opengameart.org/content/round-shield-64x64,CC0 1.0,
07-town-indoor/oga-rpg-house-rndomhouse.png,町・屋内,「Rpg House」より（町・屋内）,104,88,10,OpenGameArt,Rpg House,Angel,https://opengameart.org/content/rpg-house,CC0 1.0,
02-monsters/oga-scary-ghost-scary-ghost-0.png,モンスター,「Scary Ghost」より（魔物）,80,48,2,OpenGameArt,Scary Ghost,StygianChrno,https://opengameart.org/content/scary-ghost,CC0 1.0,
02-monsters/oga-sideview-goblin-by-lucasse-goblin-running-0.png,モンスター,「Sideview Goblin by lucasserapiao」より（魔物）,224,25,11,OpenGameArt,Sideview Goblin by lucasserapiao,Dwapook,https://opengameart.org/content/sideview-goblin-by-lucasserapiao,CC0 1.0,
02-monsters/oga-skeleton-4-skeleton-attack.png,モンスター,「Skeleton」より（魔物）,375,50,11,OpenGameArt,Skeleton,rehcub,https://opengameart.org/content/skeleton-4,CC0 1.0,
02-monsters/oga-skeleton-sprite-idle-right.png,モンスター,「Skeleton Sprite」より（魔物）,200,150,2,OpenGameArt,Skeleton Sprite,r0ar,https://opengameart.org/content/skeleton-sprite,CC0 1.0,
08-objects-items/oga-skull-game-obstacle-skull-game-obsta.png,小物・アイテム・乗り物,「Skull Game Obstacle」より（小物・アイテム）,561,560,221,OpenGameArt,Skull Game Obstacle,bevouliin.com,https://opengameart.org/content/skull-game-obstacle,CC0 1.0,
02-monsters/oga-slime-5-slime3-0.png,モンスター,「slime」より（魔物）,96,32,4,OpenGameArt,slime,troler_24,https://opengameart.org/content/slime-5,CC0 1.0,
02-monsters/oga-slime-6-slime-3.gif,モンスター,「Slime」より（魔物）,42,42,153,OpenGameArt,Slime,Soloslime,https://opengameart.org/content/slime-6,CC0 1.0,
02-monsters/oga-slime-emojis-slimeticons-0.png,モンスター,「Slime Emojis」より（魔物）,400,56,54,OpenGameArt,Slime Emojis,SCaydi,https://opengameart.org/content/slime-emojis,CC0 1.0,
02-monsters/oga-slimes-32x32-smallslimessprit.png,モンスター,「Slimes 32x32」より（魔物）,256,256,33,OpenGameArt,Slimes 32x32,RodHakGames,https://opengameart.org/content/slimes-32x32,CC0 1.0,
02-monsters/oga-snake-0-snake-trident-0.png,モンスター,「Snake」より（魔物）,30,30,13,OpenGameArt,Snake,Sketlux,https://opengameart.org/content/snake-0,CC0 1.0,
02-monsters/oga-snake-2d-serpe2d-sheet.png,モンスター,「Snake 2d」より（魔物）,300,50,10,OpenGameArt,Snake 2d,Zelta,https://opengameart.org/content/snake-2d,CC0 1.0,
02-monsters/oga-snake-on-an-old-stump-snake-on-an-old.png,モンスター,「Snake on an old stump」より（魔物）,270,270,45,OpenGameArt,Snake on an old stump,Angry Amish,https://opengameart.org/content/snake-on-an-old-stump,CC0 1.0,
02-monsters/oga-spider-3-spider-8.png,モンスター,「Spider」より（魔物）,89,62,5,OpenGameArt,Spider,smark,https://opengameart.org/content/spider-3,CC0 1.0,
02-monsters/oga-spider-set-spider-set.png,モンスター,「spider set」より（魔物）,48,48,3,OpenGameArt,spider set,aman7,https://opengameart.org/content/spider-set,CC0 1.0,
02-monsters/oga-spider-with-cut-leg-spider-5.png,モンスター,「Spider with cut leg」より（魔物）,79,51,10,OpenGameArt,Spider with cut leg,KindlyFire,https://opengameart.org/content/spider-with-cut-leg,CC0 1.0,
07-town-indoor/oga-sprites-and-icons-pack-house2-sprite.png,町・屋内,「Sprites And Icons Pack」より（町・屋内）,737,721,16,OpenGameArt,Sprites And Icons Pack,PucciGames,https://opengameart.org/content/sprites-and-icons-pack,CC0 1.0,
02-monsters/oga-tiny-slime-slime.png,モンスター,「Tiny Slime」より（魔物）,64,16,151,OpenGameArt,Tiny Slime,gustavoasilveira,https://opengameart.org/content/tiny-slime,CC0 1.0,
01-characters/oga-toon-characters-1-character-zombie.png,キャラクター,「Toon Characters 1」より（人物）,1728,1280,253,OpenGameArt,Toon Characters 1,Kenney,https://opengameart.org/content/toon-characters-1,CC0 1.0,
01-characters/oga-toon-characters-1-character-robot.png,キャラクター,「Toon Characters 1」より（人物）,1728,1280,253,OpenGameArt,Toon Characters 1,Kenney,https://opengameart.org/content/toon-characters-1,CC0 1.0,
02-monsters/oga-top-down-2d-pixel-art-top-down-zombie.png,モンスター,「Top down 2d pixel art」より（魔物）,32,160,5,OpenGameArt,Top down 2d pixel art,graphicBeardo,https://opengameart.org/content/top-down-2d-pixel-art,CC0 1.0,
08-objects-items/oga-white-wing-32x32-wing.png,小物・アイテム・乗り物,"「White wing, 32x32」より（小物・アイテム）",64,64,4,OpenGameArt,"White wing, 32x32",twiswist,https://opengameart.org/content/white-wing-32x32,CC0 1.0,
02-monsters/oga-wolf-3-wolf-walk.png,モンスター,「Wolf」より（魔物）,128,192,11,OpenGameArt,Wolf,carnageddon,https://opengameart.org/content/wolf-3,CC0 1.0,
02-monsters/oga-wolf-4-wolf-0.png,モンスター,「Wolf」より（魔物）,30,30,16,OpenGameArt,Wolf,Sketlux,https://opengameart.org/content/wolf-4,CC0 1.0,
03-bosses/oga-wolf-spirit-musicicon.png,ボス,「Wolf Spirit」より（ボス向き）,100,110,15,OpenGameArt,Wolf Spirit,zonked,https://opengameart.org/content/wolf-spirit,CC0 1.0,
03-bosses/oga-wolf-spirit-infoicon.png,ボス,「Wolf Spirit」より（ボス向き）,100,110,14,OpenGameArt,Wolf Spirit,zonked,https://opengameart.org/content/wolf-spirit,CC0 1.0,
02-monsters/oga-zombibi-pink-sheet.png,モンスター,「Zombibi」より（魔物）,311,559,48,OpenGameArt,Zombibi,megupets,https://opengameart.org/content/zombibi,CC0 1.0,
02-monsters/oga-zombie-6-zombie-strip4.png,モンスター,「Zombie」より（魔物）,100,32,10,OpenGameArt,Zombie,NiceGraphic,https://opengameart.org/content/zombie-6,CC0 1.0,
01-characters/pipoya-modern-001.png,キャラクター,現代の人物: シンプル・お店・コンビニ1（32×32、4方向×3コマ）,96,128,18,ぴぽや倉庫,ぴぽやキャラチップ32出力素材（ぴぽや32×32 出力画像＋α）,ぴぽや,https://pipoya.net/sozai/assets/charachip/character-chip-2/,ぴぽや 無料素材利用規約,
01-characters/pipoya-modern-002.png,キャラクター,現代の人物: シンプル・お店・コンビニ2（32×32、4方向×3コマ）,96,128,16,ぴぽや倉庫,ぴぽやキャラチップ32出力素材（ぴぽや32×32 出力画像＋α）,ぴぽや,https://pipoya.net/sozai/assets/charachip/character-chip-2/,ぴぽや 無料素材利用規約,
01-characters/pipoya-modern-003.png,キャラクター,現代の人物: シンプル・お店・コンビニ3（32×32、4方向×3コマ）,96,128,16,ぴぽや倉庫,ぴぽやキャラチップ32出力素材（ぴぽや32×32 出力画像＋α）,ぴぽや,https://pipoya.net/sozai/assets/charachip/character-chip-2/,ぴぽや 無料素材利用規約,
01-characters/pipoya-modern-004.png,キャラクター,現代の人物: シンプル・お店・シェフ1（32×32、4方向×3コマ）,96,128,15,ぴぽや倉庫,ぴぽやキャラチップ32出力素材（ぴぽや32×32 出力画像＋α）,ぴぽや,https://pipoya.net/sozai/assets/charachip/character-chip-2/,ぴぽや 無料素材利用規約,
01-characters/pipoya-modern-005.png,キャラクター,現代の人物: シンプル・お店・シェフ2（32×32、4方向×3コマ）,96,128,13,ぴぽや倉庫,ぴぽやキャラチップ32出力素材（ぴぽや32×32 出力画像＋α）,ぴぽや,https://pipoya.net/sozai/assets/charachip/character-chip-2/,ぴぽや 無料素材利用規約,
01-characters/pipoya-modern-006.png,キャラクター,現代の人物: シンプル・お店・シェフ3（32×32、4方向×3コマ）,96,128,13,ぴぽや倉庫,ぴぽやキャラチップ32出力素材（ぴぽや32×32 出力画像＋α）,ぴぽや,https://pipoya.net/sozai/assets/charachip/character-chip-2/,ぴぽや 無料素材利用規約,
01-characters/pipoya-modern-007.png,キャラクター,現代の人物: シンプル・お店・スーパー1（32×32、4方向×3コマ）,96,128,14,ぴぽや倉庫,ぴぽやキャラチップ32出力素材（ぴぽや32×32 出力画像＋α）,ぴぽや,https://pipoya.net/sozai/assets/charachip/character-chip-2/,ぴぽや 無料素材利用規約,
01-characters/pipoya-modern-008.png,キャラクター,現代の人物: シンプル・お店・スーパー2（32×32、4方向×3コマ）,96,128,13,ぴぽや倉庫,ぴぽやキャラチップ32出力素材（ぴぽや32×32 出力画像＋α）,ぴぽや,https://pipoya.net/sozai/assets/charachip/character-chip-2/,ぴぽや 無料素材利用規約,
01-characters/pipoya-modern-009.png,キャラクター,現代の人物: シンプル・お店・スーパー3（32×32、4方向×3コマ）,96,128,13,ぴぽや倉庫,ぴぽやキャラチップ32出力素材（ぴぽや32×32 出力画像＋α）,ぴぽや,https://pipoya.net/sozai/assets/charachip/character-chip-2/,ぴぽや 無料素材利用規約,
01-characters/pipoya-modern-010.png,キャラクター,現代の人物: シンプル・お店・パティシエ1（32×32、4方向×3コマ）,96,128,19,ぴぽや倉庫,ぴぽやキャラチップ32出力素材（ぴぽや32×32 出力画像＋α）,ぴぽや,https://pipoya.net/sozai/assets/charachip/character-chip-2/,ぴぽや 無料素材利用規約,
01-characters/pipoya-modern-011.png,キャラクター,現代の人物: シンプル・お店・パティシエ2（32×32、4方向×3コマ）,96,128,17,ぴぽや倉庫,ぴぽやキャラチップ32出力素材（ぴぽや32×32 出力画像＋α）,ぴぽや,https://pipoya.net/sozai/assets/charachip/character-chip-2/,ぴぽや 無料素材利用規約,
01-characters/pipoya-modern-012.png,キャラクター,現代の人物: シンプル・お店・パティシエ3（32×32、4方向×3コマ）,96,128,17,ぴぽや倉庫,ぴぽやキャラチップ32出力素材（ぴぽや32×32 出力画像＋α）,ぴぽや,https://pipoya.net/sozai/assets/charachip/character-chip-2/,ぴぽや 無料素材利用規約,
01-characters/pipoya-modern-013.png,キャラクター,現代の人物: シンプル・お店・ファーストフード1（32×32、4方向×3コマ）,96,128,19,ぴぽや倉庫,ぴぽやキャラチップ32出力素材（ぴぽや32×32 出力画像＋α）,ぴぽや,https://pipoya.net/sozai/assets/charachip/character-chip-2/,ぴぽや 無料素材利用規約,
01-characters/pipoya-modern-014.png,キャラクター,現代の人物: シンプル・お店・ファーストフード2（32×32、4方向×3コマ）,96,128,17,ぴぽや倉庫,ぴぽやキャラチップ32出力素材（ぴぽや32×32 出力画像＋α）,ぴぽや,https://pipoya.net/sozai/assets/charachip/character-chip-2/,ぴぽや 無料素材利用規約,
01-characters/pipoya-modern-015.png,キャラクター,現代の人物: シンプル・お店・ファーストフード3（32×32、4方向×3コマ）,96,128,16,ぴぽや倉庫,ぴぽやキャラチップ32出力素材（ぴぽや32×32 出力画像＋α）,ぴぽや,https://pipoya.net/sozai/assets/charachip/character-chip-2/,ぴぽや 無料素材利用規約,
01-characters/pipoya-modern-016.png,キャラクター,現代の人物: シンプル・お店・量販店1（32×32、4方向×3コマ）,96,128,16,ぴぽや倉庫,ぴぽやキャラチップ32出力素材（ぴぽや32×32 出力画像＋α）,ぴぽや,https://pipoya.net/sozai/assets/charachip/character-chip-2/,ぴぽや 無料素材利用規約,
01-characters/pipoya-modern-017.png,キャラクター,現代の人物: シンプル・お店・量販店2（32×32、4方向×3コマ）,96,128,18,ぴぽや倉庫,ぴぽやキャラチップ32出力素材（ぴぽや32×32 出力画像＋α）,ぴぽや,https://pipoya.net/sozai/assets/charachip/character-chip-2/,ぴぽや 無料素材利用規約,
01-characters/pipoya-modern-018.png,キャラクター,現代の人物: シンプル・お店・量販店3（32×32、4方向×3コマ）,96,128,16,ぴぽや倉庫,ぴぽやキャラチップ32出力素材（ぴぽや32×32 出力画像＋α）,ぴぽや,https://pipoya.net/sozai/assets/charachip/character-chip-2/,ぴぽや 無料素材利用規約,
01-characters/pipoya-modern-019.png,キャラクター,現代の人物: シンプル・イベント・結婚式 新婦（32×32、4方向×3コマ）,96,128,14,ぴぽや倉庫,ぴぽやキャラチップ32出力素材（ぴぽや32×32 出力画像＋α）,ぴぽや,https://pipoya.net/sozai/assets/charachip/character-chip-2/,ぴぽや 無料素材利用規約,
01-characters/pipoya-modern-020.png,キャラクター,現代の人物: シンプル・イベント・結婚式 新郎（32×32、4方向×3コマ）,96,128,16,ぴぽや倉庫,ぴぽやキャラチップ32出力素材（ぴぽや32×32 出力画像＋α）,ぴぽや,https://pipoya.net/sozai/assets/charachip/character-chip-2/,ぴぽや 無料素材利用規約,
01-characters/pipoya-modern-021.png,キャラクター,現代の人物: シンプル・スポーツ・サッカー ゴールキーパー1（32×32、4方向×3コマ）,96,128,16,ぴぽや倉庫,ぴぽやキャラチップ32出力素材（ぴぽや32×32 出力画像＋α）,ぴぽや,https://pipoya.net/sozai/assets/charachip/character-chip-2/,ぴぽや 無料素材利用規約,
01-characters/pipoya-modern-022.png,キャラクター,現代の人物: シンプル・スポーツ・サッカー ゴールキーパー2（32×32、4方向×3コマ）,96,128,16,ぴぽや倉庫,ぴぽやキャラチップ32出力素材（ぴぽや32×32 出力画像＋α）,ぴぽや,https://pipoya.net/sozai/assets/charachip/character-chip-2/,ぴぽや 無料素材利用規約,
01-characters/pipoya-modern-023.png,キャラクター,現代の人物: シンプル・スポーツ・サッカー1（32×32、4方向×3コマ）,96,128,16,ぴぽや倉庫,ぴぽやキャラチップ32出力素材（ぴぽや32×32 出力画像＋α）,ぴぽや,https://pipoya.net/sozai/assets/charachip/character-chip-2/,ぴぽや 無料素材利用規約,
01-characters/pipoya-modern-024.png,キャラクター,現代の人物: シンプル・スポーツ・サッカー2（32×32、4方向×3コマ）,96,128,16,ぴぽや倉庫,ぴぽやキャラチップ32出力素材（ぴぽや32×32 出力画像＋α）,ぴぽや,https://pipoya.net/sozai/assets/charachip/character-chip-2/,ぴぽや 無料素材利用規約,
01-characters/pipoya-modern-025.png,キャラクター,現代の人物: シンプル・スポーツ・チアガール（32×32、4方向×3コマ）,96,128,16,ぴぽや倉庫,ぴぽやキャラチップ32出力素材（ぴぽや32×32 出力画像＋α）,ぴぽや,https://pipoya.net/sozai/assets/charachip/character-chip-2/,ぴぽや 無料素材利用規約,
01-characters/pipoya-modern-026.png,キャラクター,現代の人物: シンプル・スポーツ・応援団員（32×32、4方向×3コマ）,96,128,15,ぴぽや倉庫,ぴぽやキャラチップ32出力素材（ぴぽや32×32 出力画像＋α）,ぴぽや,https://pipoya.net/sozai/assets/charachip/character-chip-2/,ぴぽや 無料素材利用規約,
01-characters/pipoya-modern-027.png,キャラクター,現代の人物: シンプル・スポーツ・柔道1（32×32、4方向×3コマ）,96,128,12,ぴぽや倉庫,ぴぽやキャラチップ32出力素材（ぴぽや32×32 出力画像＋α）,ぴぽや,https://pipoya.net/sozai/assets/charachip/character-chip-2/,ぴぽや 無料素材利用規約,
01-characters/pipoya-modern-028.png,キャラクター,現代の人物: シンプル・スポーツ・柔道2（32×32、4方向×3コマ）,96,128,12,ぴぽや倉庫,ぴぽやキャラチップ32出力素材（ぴぽや32×32 出力画像＋α）,ぴぽや,https://pipoya.net/sozai/assets/charachip/character-chip-2/,ぴぽや 無料素材利用規約,
01-characters/pipoya-modern-029.png,キャラクター,現代の人物: シンプル・スポーツ・野球1（32×32、4方向×3コマ）,96,128,16,ぴぽや倉庫,ぴぽやキャラチップ32出力素材（ぴぽや32×32 出力画像＋α）,ぴぽや,https://pipoya.net/sozai/assets/charachip/character-chip-2/,ぴぽや 無料素材利用規約,
01-characters/pipoya-modern-030.png,キャラクター,現代の人物: シンプル・スポーツ・野球2（32×32、4方向×3コマ）,96,128,16,ぴぽや倉庫,ぴぽやキャラチップ32出力素材（ぴぽや32×32 出力画像＋α）,ぴぽや,https://pipoya.net/sozai/assets/charachip/character-chip-2/,ぴぽや 無料素材利用規約,
01-characters/pipoya-modern-031.png,キャラクター,現代の人物: シンプル・スポーツ・陸上1（32×32、4方向×3コマ）,96,128,13,ぴぽや倉庫,ぴぽやキャラチップ32出力素材（ぴぽや32×32 出力画像＋α）,ぴぽや,https://pipoya.net/sozai/assets/charachip/character-chip-2/,ぴぽや 無料素材利用規約,
01-characters/pipoya-modern-032.png,キャラクター,現代の人物: シンプル・スポーツ・陸上2（32×32、4方向×3コマ）,96,128,15,ぴぽや倉庫,ぴぽやキャラチップ32出力素材（ぴぽや32×32 出力画像＋α）,ぴぽや,https://pipoya.net/sozai/assets/charachip/character-chip-2/,ぴぽや 無料素材利用規約,
01-characters/pipoya-modern-033.png,キャラクター,現代の人物: シンプル・他職業1・メイド1（32×32、4方向×3コマ）,96,128,15,ぴぽや倉庫,ぴぽやキャラチップ32出力素材（ぴぽや32×32 出力画像＋α）,ぴぽや,https://pipoya.net/sozai/assets/charachip/character-chip-2/,ぴぽや 無料素材利用規約,
01-characters/pipoya-modern-034.png,キャラクター,現代の人物: シンプル・他職業1・メイド2（32×32、4方向×3コマ）,96,128,16,ぴぽや倉庫,ぴぽやキャラチップ32出力素材（ぴぽや32×32 出力画像＋α）,ぴぽや,https://pipoya.net/sozai/assets/charachip/character-chip-2/,ぴぽや 無料素材利用規約,
01-characters/pipoya-modern-035.png,キャラクター,現代の人物: シンプル・他職業1・保育士1（32×32、4方向×3コマ）,96,128,18,ぴぽや倉庫,ぴぽやキャラチップ32出力素材（ぴぽや32×32 出力画像＋α）,ぴぽや,https://pipoya.net/sozai/assets/charachip/character-chip-2/,ぴぽや 無料素材利用規約,
01-characters/pipoya-modern-036.png,キャラクター,現代の人物: シンプル・他職業1・保育士2（32×32、4方向×3コマ）,96,128,18,ぴぽや倉庫,ぴぽやキャラチップ32出力素材（ぴぽや32×32 出力画像＋α）,ぴぽや,https://pipoya.net/sozai/assets/charachip/character-chip-2/,ぴぽや 無料素材利用規約,
01-characters/pipoya-modern-037.png,キャラクター,現代の人物: シンプル・他職業1・執事1（32×32、4方向×3コマ）,96,128,17,ぴぽや倉庫,ぴぽやキャラチップ32出力素材（ぴぽや32×32 出力画像＋α）,ぴぽや,https://pipoya.net/sozai/assets/charachip/character-chip-2/,ぴぽや 無料素材利用規約,
01-characters/pipoya-modern-038.png,キャラクター,現代の人物: シンプル・他職業1・執事2（32×32、4方向×3コマ）,96,128,19,ぴぽや倉庫,ぴぽやキャラチップ32出力素材（ぴぽや32×32 出力画像＋α）,ぴぽや,https://pipoya.net/sozai/assets/charachip/character-chip-2/,ぴぽや 無料素材利用規約,
01-characters/pipoya-modern-039.png,キャラクター,現代の人物: シンプル・他職業1・工事作業員（32×32、4方向×3コマ）,96,128,22,ぴぽや倉庫,ぴぽやキャラチップ32出力素材（ぴぽや32×32 出力画像＋α）,ぴぽや,https://pipoya.net/sozai/assets/charachip/character-chip-2/,ぴぽや 無料素材利用規約,
01-characters/pipoya-modern-040.png,キャラクター,現代の人物: シンプル・他職業1・警備員（32×32、4方向×3コマ）,96,128,20,ぴぽや倉庫,ぴぽやキャラチップ32出力素材（ぴぽや32×32 出力画像＋α）,ぴぽや,https://pipoya.net/sozai/assets/charachip/character-chip-2/,ぴぽや 無料素材利用規約,
01-characters/pipoya-modern-041.png,キャラクター,現代の人物: シンプル・他職業1・農家1（32×32、4方向×3コマ）,96,128,13,ぴぽや倉庫,ぴぽやキャラチップ32出力素材（ぴぽや32×32 出力画像＋α）,ぴぽや,https://pipoya.net/sozai/assets/charachip/character-chip-2/,ぴぽや 無料素材利用規約,
01-characters/pipoya-modern-042.png,キャラクター,現代の人物: シンプル・他職業1・農家2（32×32、4方向×3コマ）,96,128,11,ぴぽや倉庫,ぴぽやキャラチップ32出力素材（ぴぽや32×32 出力画像＋α）,ぴぽや,https://pipoya.net/sozai/assets/charachip/character-chip-2/,ぴぽや 無料素材利用規約,
01-characters/pipoya-modern-043.png,キャラクター,現代の人物: シンプル・他職業1・配達員1（32×32、4方向×3コマ）,96,128,15,ぴぽや倉庫,ぴぽやキャラチップ32出力素材（ぴぽや32×32 出力画像＋α）,ぴぽや,https://pipoya.net/sozai/assets/charachip/character-chip-2/,ぴぽや 無料素材利用規約,
01-characters/pipoya-modern-044.png,キャラクター,現代の人物: シンプル・他職業1・配達員2（32×32、4方向×3コマ）,96,128,16,ぴぽや倉庫,ぴぽやキャラチップ32出力素材（ぴぽや32×32 出力画像＋α）,ぴぽや,https://pipoya.net/sozai/assets/charachip/character-chip-2/,ぴぽや 無料素材利用規約,
01-characters/pipoya-modern-045.png,キャラクター,現代の人物: シンプル・会社・会社員女1（32×32、4方向×3コマ）,96,128,12,ぴぽや倉庫,ぴぽやキャラチップ32出力素材（ぴぽや32×32 出力画像＋α）,ぴぽや,https://pipoya.net/sozai/assets/charachip/character-chip-2/,ぴぽや 無料素材利用規約,
01-characters/pipoya-modern-046.png,キャラクター,現代の人物: シンプル・会社・会社員女2（32×32、4方向×3コマ）,96,128,12,ぴぽや倉庫,ぴぽやキャラチップ32出力素材（ぴぽや32×32 出力画像＋α）,ぴぽや,https://pipoya.net/sozai/assets/charachip/character-chip-2/,ぴぽや 無料素材利用規約,
01-characters/pipoya-modern-047.png,キャラクター,現代の人物: シンプル・会社・会社員女3（32×32、4方向×3コマ）,96,128,16,ぴぽや倉庫,ぴぽやキャラチップ32出力素材（ぴぽや32×32 出力画像＋α）,ぴぽや,https://pipoya.net/sozai/assets/charachip/character-chip-2/,ぴぽや 無料素材利用規約,
01-characters/pipoya-modern-048.png,キャラクター,現代の人物: シンプル・会社・会社員男1（32×32、4方向×3コマ）,96,128,13,ぴぽや倉庫,ぴぽやキャラチップ32出力素材（ぴぽや32×32 出力画像＋α）,ぴぽや,https://pipoya.net/sozai/assets/charachip/character-chip-2/,ぴぽや 無料素材利用規約,
01-characters/pipoya-modern-049.png,キャラクター,現代の人物: シンプル・会社・会社員男2（32×32、4方向×3コマ）,96,128,13,ぴぽや倉庫,ぴぽやキャラチップ32出力素材（ぴぽや32×32 出力画像＋α）,ぴぽや,https://pipoya.net/sozai/assets/charachip/character-chip-2/,ぴぽや 無料素材利用規約,
01-characters/pipoya-modern-050.png,キャラクター,現代の人物: シンプル・会社・会社員男3（32×32、4方向×3コマ）,96,128,15,ぴぽや倉庫,ぴぽやキャラチップ32出力素材（ぴぽや32×32 出力画像＋α）,ぴぽや,https://pipoya.net/sozai/assets/charachip/character-chip-2/,ぴぽや 無料素材利用規約,
01-characters/pipoya-modern-051.png,キャラクター,現代の人物: シンプル・会社・受付嬢（32×32、4方向×3コマ）,96,128,16,ぴぽや倉庫,ぴぽやキャラチップ32出力素材（ぴぽや32×32 出力画像＋α）,ぴぽや,https://pipoya.net/sozai/assets/charachip/character-chip-2/,ぴぽや 無料素材利用規約,
01-characters/pipoya-modern-052.png,キャラクター,現代の人物: シンプル・会社・社長1（32×32、4方向×3コマ）,96,128,15,ぴぽや倉庫,ぴぽやキャラチップ32出力素材（ぴぽや32×32 出力画像＋α）,ぴぽや,https://pipoya.net/sozai/assets/charachip/character-chip-2/,ぴぽや 無料素材利用規約,
01-characters/pipoya-modern-053.png,キャラクター,現代の人物: シンプル・会社・社長2（32×32、4方向×3コマ）,96,128,14,ぴぽや倉庫,ぴぽやキャラチップ32出力素材（ぴぽや32×32 出力画像＋α）,ぴぽや,https://pipoya.net/sozai/assets/charachip/character-chip-2/,ぴぽや 無料素材利用規約,
01-characters/pipoya-modern-054.png,キャラクター,現代の人物: シンプル・学生・学生女 体育着（32×32、4方向×3コマ）,96,128,13,ぴぽや倉庫,ぴぽやキャラチップ32出力素材（ぴぽや32×32 出力画像＋α）,ぴぽや,https://pipoya.net/sozai/assets/charachip/character-chip-2/,ぴぽや 無料素材利用規約,
01-characters/pipoya-modern-055.png,キャラクター,現代の人物: シンプル・学生・学生女 体育着半袖（32×32、4方向×3コマ）,96,128,12,ぴぽや倉庫,ぴぽやキャラチップ32出力素材（ぴぽや32×32 出力画像＋α）,ぴぽや,https://pipoya.net/sozai/assets/charachip/character-chip-2/,ぴぽや 無料素材利用規約,
01-characters/pipoya-modern-056.png,キャラクター,現代の人物: シンプル・学生・学生女 冬服（32×32、4方向×3コマ）,96,128,15,ぴぽや倉庫,ぴぽやキャラチップ32出力素材（ぴぽや32×32 出力画像＋α）,ぴぽや,https://pipoya.net/sozai/assets/charachip/character-chip-2/,ぴぽや 無料素材利用規約,
01-characters/pipoya-modern-057.png,キャラクター,現代の人物: シンプル・学生・学生女 夏服（32×32、4方向×3コマ）,96,128,13,ぴぽや倉庫,ぴぽやキャラチップ32出力素材（ぴぽや32×32 出力画像＋α）,ぴぽや,https://pipoya.net/sozai/assets/charachip/character-chip-2/,ぴぽや 無料素材利用規約,
01-characters/pipoya-modern-058.png,キャラクター,現代の人物: シンプル・学生・学生女ツインテ（32×32、4方向×3コマ）,96,128,19,ぴぽや倉庫,ぴぽやキャラチップ32出力素材（ぴぽや32×32 出力画像＋α）,ぴぽや,https://pipoya.net/sozai/assets/charachip/character-chip-2/,ぴぽや 無料素材利用規約,
01-characters/pipoya-modern-059.png,キャラクター,現代の人物: シンプル・学生・学生男 体育着（32×32、4方向×3コマ）,96,128,13,ぴぽや倉庫,ぴぽやキャラチップ32出力素材（ぴぽや32×32 出力画像＋α）,ぴぽや,https://pipoya.net/sozai/assets/charachip/character-chip-2/,ぴぽや 無料素材利用規約,
01-characters/pipoya-modern-060.png,キャラクター,現代の人物: シンプル・学生・学生男 体育着半袖（32×32、4方向×3コマ）,96,128,12,ぴぽや倉庫,ぴぽやキャラチップ32出力素材（ぴぽや32×32 出力画像＋α）,ぴぽや,https://pipoya.net/sozai/assets/charachip/character-chip-2/,ぴぽや 無料素材利用規約,
01-characters/pipoya-modern-061.png,キャラクター,現代の人物: シンプル・学生・学生男 冬服（32×32、4方向×3コマ）,96,128,17,ぴぽや倉庫,ぴぽやキャラチップ32出力素材（ぴぽや32×32 出力画像＋α）,ぴぽや,https://pipoya.net/sozai/assets/charachip/character-chip-2/,ぴぽや 無料素材利用規約,
01-characters/pipoya-modern-062.png,キャラクター,現代の人物: シンプル・学生・学生男 夏（32×32、4方向×3コマ）,96,128,15,ぴぽや倉庫,ぴぽやキャラチップ32出力素材（ぴぽや32×32 出力画像＋α）,ぴぽや,https://pipoya.net/sozai/assets/charachip/character-chip-2/,ぴぽや 無料素材利用規約,
01-characters/pipoya-modern-063.png,キャラクター,現代の人物: シンプル・男女・女 普段着1（32×32、4方向×3コマ）,96,128,11,ぴぽや倉庫,ぴぽやキャラチップ32出力素材（ぴぽや32×32 出力画像＋α）,ぴぽや,https://pipoya.net/sozai/assets/charachip/character-chip-2/,ぴぽや 無料素材利用規約,
01-characters/pipoya-modern-064.png,キャラクター,現代の人物: シンプル・男女・女 普段着2（32×32、4方向×3コマ）,96,128,12,ぴぽや倉庫,ぴぽやキャラチップ32出力素材（ぴぽや32×32 出力画像＋α）,ぴぽや,https://pipoya.net/sozai/assets/charachip/character-chip-2/,ぴぽや 無料素材利用規約,
01-characters/pipoya-modern-065.png,キャラクター,現代の人物: シンプル・男女・女 普段着3（32×32、4方向×3コマ）,96,128,11,ぴぽや倉庫,ぴぽやキャラチップ32出力素材（ぴぽや32×32 出力画像＋α）,ぴぽや,https://pipoya.net/sozai/assets/charachip/character-chip-2/,ぴぽや 無料素材利用規約,
01-characters/pipoya-modern-066.png,キャラクター,現代の人物: シンプル・男女・女 部屋着（32×32、4方向×3コマ）,96,128,10,ぴぽや倉庫,ぴぽやキャラチップ32出力素材（ぴぽや32×32 出力画像＋α）,ぴぽや,https://pipoya.net/sozai/assets/charachip/character-chip-2/,ぴぽや 無料素材利用規約,
01-characters/pipoya-modern-067.png,キャラクター,現代の人物: シンプル・男女・男 普段着1（32×32、4方向×3コマ）,96,128,13,ぴぽや倉庫,ぴぽやキャラチップ32出力素材（ぴぽや32×32 出力画像＋α）,ぴぽや,https://pipoya.net/sozai/assets/charachip/character-chip-2/,ぴぽや 無料素材利用規約,
01-characters/pipoya-modern-068.png,キャラクター,現代の人物: シンプル・男女・男 普段着2（32×32、4方向×3コマ）,96,128,12,ぴぽや倉庫,ぴぽやキャラチップ32出力素材（ぴぽや32×32 出力画像＋α）,ぴぽや,https://pipoya.net/sozai/assets/charachip/character-chip-2/,ぴぽや 無料素材利用規約,
01-characters/pipoya-modern-069.png,キャラクター,現代の人物: シンプル・男女・男 普段着3（32×32、4方向×3コマ）,96,128,15,ぴぽや倉庫,ぴぽやキャラチップ32出力素材（ぴぽや32×32 出力画像＋α）,ぴぽや,https://pipoya.net/sozai/assets/charachip/character-chip-2/,ぴぽや 無料素材利用規約,
01-characters/pipoya-modern-070.png,キャラクター,現代の人物: シンプル・男女・男 部屋着（32×32、4方向×3コマ）,96,128,10,ぴぽや倉庫,ぴぽやキャラチップ32出力素材（ぴぽや32×32 出力画像＋α）,ぴぽや,https://pipoya.net/sozai/assets/charachip/character-chip-2/,ぴぽや 無料素材利用規約,
01-characters/pipoya-modern-071.png,キャラクター,現代の人物: シンプル・病院・事務員（32×32、4方向×3コマ）,96,128,15,ぴぽや倉庫,ぴぽやキャラチップ32出力素材（ぴぽや32×32 出力画像＋α）,ぴぽや,https://pipoya.net/sozai/assets/charachip/character-chip-2/,ぴぽや 無料素材利用規約,
01-characters/pipoya-modern-072.png,キャラクター,現代の人物: シンプル・病院・医師1（32×32、4方向×3コマ）,96,128,16,ぴぽや倉庫,ぴぽやキャラチップ32出力素材（ぴぽや32×32 出力画像＋α）,ぴぽや,https://pipoya.net/sozai/assets/charachip/character-chip-2/,ぴぽや 無料素材利用規約,
01-characters/pipoya-modern-073.png,キャラクター,現代の人物: シンプル・病院・医師2（32×32、4方向×3コマ）,96,128,17,ぴぽや倉庫,ぴぽやキャラチップ32出力素材（ぴぽや32×32 出力画像＋α）,ぴぽや,https://pipoya.net/sozai/assets/charachip/character-chip-2/,ぴぽや 無料素材利用規約,
01-characters/pipoya-modern-074.png,キャラクター,現代の人物: シンプル・病院・医師3（32×32、4方向×3コマ）,96,128,15,ぴぽや倉庫,ぴぽやキャラチップ32出力素材（ぴぽや32×32 出力画像＋α）,ぴぽや,https://pipoya.net/sozai/assets/charachip/character-chip-2/,ぴぽや 無料素材利用規約,
01-characters/pipoya-modern-075.png,キャラクター,現代の人物: シンプル・病院・救急隊員（32×32、4方向×3コマ）,96,128,19,ぴぽや倉庫,ぴぽやキャラチップ32出力素材（ぴぽや32×32 出力画像＋α）,ぴぽや,https://pipoya.net/sozai/assets/charachip/character-chip-2/,ぴぽや 無料素材利用規約,
01-characters/pipoya-modern-076.png,キャラクター,現代の人物: シンプル・病院・用務員（32×32、4方向×3コマ）,96,128,13,ぴぽや倉庫,ぴぽやキャラチップ32出力素材（ぴぽや32×32 出力画像＋α）,ぴぽや,https://pipoya.net/sozai/assets/charachip/character-chip-2/,ぴぽや 無料素材利用規約,
01-characters/pipoya-modern-077.png,キャラクター,現代の人物: シンプル・病院・看護師1（32×32、4方向×3コマ）,96,128,13,ぴぽや倉庫,ぴぽやキャラチップ32出力素材（ぴぽや32×32 出力画像＋α）,ぴぽや,https://pipoya.net/sozai/assets/charachip/character-chip-2/,ぴぽや 無料素材利用規約,
01-characters/pipoya-modern-078.png,キャラクター,現代の人物: シンプル・病院・看護師2（32×32、4方向×3コマ）,96,128,14,ぴぽや倉庫,ぴぽやキャラチップ32出力素材（ぴぽや32×32 出力画像＋α）,ぴぽや,https://pipoya.net/sozai/assets/charachip/character-chip-2/,ぴぽや 無料素材利用規約,
01-characters/pipoya-modern-079.png,キャラクター,現代の人物: シンプル・素体（32×32、4方向×3コマ）,96,128,5,ぴぽや倉庫,ぴぽやキャラチップ32出力素材（ぴぽや32×32 出力画像＋α）,ぴぽや,https://pipoya.net/sozai/assets/charachip/character-chip-2/,ぴぽや 無料素材利用規約,
01-characters/pipoya-modern-080.png,キャラクター,現代の人物: シンプル・警察・警官女1（32×32、4方向×3コマ）,96,128,15,ぴぽや倉庫,ぴぽやキャラチップ32出力素材（ぴぽや32×32 出力画像＋α）,ぴぽや,https://pipoya.net/sozai/assets/charachip/character-chip-2/,ぴぽや 無料素材利用規約,
01-characters/pipoya-modern-081.png,キャラクター,現代の人物: シンプル・警察・警官女2（32×32、4方向×3コマ）,96,128,16,ぴぽや倉庫,ぴぽやキャラチップ32出力素材（ぴぽや32×32 出力画像＋α）,ぴぽや,https://pipoya.net/sozai/assets/charachip/character-chip-2/,ぴぽや 無料素材利用規約,
01-characters/pipoya-modern-082.png,キャラクター,現代の人物: シンプル・警察・警官男1（32×32、4方向×3コマ）,96,128,15,ぴぽや倉庫,ぴぽやキャラチップ32出力素材（ぴぽや32×32 出力画像＋α）,ぴぽや,https://pipoya.net/sozai/assets/charachip/character-chip-2/,ぴぽや 無料素材利用規約,
01-characters/pipoya-modern-083.png,キャラクター,現代の人物: シンプル・警察・警官男2（32×32、4方向×3コマ）,96,128,16,ぴぽや倉庫,ぴぽやキャラチップ32出力素材（ぴぽや32×32 出力画像＋α）,ぴぽや,https://pipoya.net/sozai/assets/charachip/character-chip-2/,ぴぽや 無料素材利用規約,
01-characters/pipoya-modern-084.png,キャラクター,現代の人物: 現代系・女_スーツ1（32×32、4方向×3コマ）,96,128,32,ぴぽや倉庫,ぴぽやキャラチップ32出力素材（ぴぽや32×32 出力画像＋α）,ぴぽや,https://pipoya.net/sozai/assets/charachip/character-chip-2/,ぴぽや 無料素材利用規約,
01-characters/pipoya-modern-085.png,キャラクター,現代の人物: 現代系・女_スーツ2（32×32、4方向×3コマ）,96,128,24,ぴぽや倉庫,ぴぽやキャラチップ32出力素材（ぴぽや32×32 出力画像＋α）,ぴぽや,https://pipoya.net/sozai/assets/charachip/character-chip-2/,ぴぽや 無料素材利用規約,
01-characters/pipoya-modern-086.png,キャラクター,現代の人物: 現代系・女_スーツ白衣（32×32、4方向×3コマ）,96,128,26,ぴぽや倉庫,ぴぽやキャラチップ32出力素材（ぴぽや32×32 出力画像＋α）,ぴぽや,https://pipoya.net/sozai/assets/charachip/character-chip-2/,ぴぽや 無料素材利用規約,
01-characters/pipoya-modern-087.png,キャラクター,現代の人物: 現代系・女_学生1（32×32、4方向×3コマ）,96,128,50,ぴぽや倉庫,ぴぽやキャラチップ32出力素材（ぴぽや32×32 出力画像＋α）,ぴぽや,https://pipoya.net/sozai/assets/charachip/character-chip-2/,ぴぽや 無料素材利用規約,
01-characters/pipoya-modern-088.png,キャラクター,現代の人物: 現代系・女_学生2（32×32、4方向×3コマ）,96,128,30,ぴぽや倉庫,ぴぽやキャラチップ32出力素材（ぴぽや32×32 出力画像＋α）,ぴぽや,https://pipoya.net/sozai/assets/charachip/character-chip-2/,ぴぽや 無料素材利用規約,
01-characters/pipoya-modern-089.png,キャラクター,現代の人物: 現代系・女_学生3（32×32、4方向×3コマ）,96,128,30,ぴぽや倉庫,ぴぽやキャラチップ32出力素材（ぴぽや32×32 出力画像＋α）,ぴぽや,https://pipoya.net/sozai/assets/charachip/character-chip-2/,ぴぽや 無料素材利用規約,
01-characters/pipoya-modern-090.png,キャラクター,現代の人物: 現代系・女_学生ホラー（32×32、4方向×3コマ）,96,128,47,ぴぽや倉庫,ぴぽやキャラチップ32出力素材（ぴぽや32×32 出力画像＋α）,ぴぽや,https://pipoya.net/sozai/assets/charachip/character-chip-2/,ぴぽや 無料素材利用規約,
01-characters/pipoya-modern-091.png,キャラクター,現代の人物: 現代系・学校セット・先生_女_02（32×32、4方向×3コマ）,96,128,21,ぴぽや倉庫,ぴぽやキャラチップ32出力素材（ぴぽや32×32 出力画像＋α）,ぴぽや,https://pipoya.net/sozai/assets/charachip/character-chip-2/,ぴぽや 無料素材利用規約,
01-characters/pipoya-modern-092.png,キャラクター,現代の人物: 現代系・学校セット・先生_女_03（32×32、4方向×3コマ）,96,128,26,ぴぽや倉庫,ぴぽやキャラチップ32出力素材（ぴぽや32×32 出力画像＋α）,ぴぽや,https://pipoya.net/sozai/assets/charachip/character-chip-2/,ぴぽや 無料素材利用規約,
01-characters/pipoya-modern-093.png,キャラクター,現代の人物: 現代系・学校セット・先生_女_04（32×32、4方向×3コマ）,96,128,26,ぴぽや倉庫,ぴぽやキャラチップ32出力素材（ぴぽや32×32 出力画像＋α）,ぴぽや,https://pipoya.net/sozai/assets/charachip/character-chip-2/,ぴぽや 無料素材利用規約,
01-characters/pipoya-modern-094.png,キャラクター,現代の人物: 現代系・学校セット・先生_男_01（32×32、4方向×3コマ）,96,128,29,ぴぽや倉庫,ぴぽやキャラチップ32出力素材（ぴぽや32×32 出力画像＋α）,ぴぽや,https://pipoya.net/sozai/assets/charachip/character-chip-2/,ぴぽや 無料素材利用規約,
01-characters/pipoya-modern-095.png,キャラクター,現代の人物: 現代系・学校セット・先生_男_02（32×32、4方向×3コマ）,96,128,22,ぴぽや倉庫,ぴぽやキャラチップ32出力素材（ぴぽや32×32 出力画像＋α）,ぴぽや,https://pipoya.net/sozai/assets/charachip/character-chip-2/,ぴぽや 無料素材利用規約,
01-characters/pipoya-modern-096.png,キャラクター,現代の人物: 現代系・学校セット・先生_男_03（32×32、4方向×3コマ）,96,128,26,ぴぽや倉庫,ぴぽやキャラチップ32出力素材（ぴぽや32×32 出力画像＋α）,ぴぽや,https://pipoya.net/sozai/assets/charachip/character-chip-2/,ぴぽや 無料素材利用規約,
01-characters/pipoya-modern-097.png,キャラクター,現代の人物: 現代系・学校セット・先生_男_04（32×32、4方向×3コマ）,96,128,26,ぴぽや倉庫,ぴぽやキャラチップ32出力素材（ぴぽや32×32 出力画像＋α）,ぴぽや,https://pipoya.net/sozai/assets/charachip/character-chip-2/,ぴぽや 無料素材利用規約,
01-characters/pipoya-modern-098.png,キャラクター,現代の人物: 現代系・学校セット・制服1冬服_女_01（32×32、4方向×3コマ）,96,128,28,ぴぽや倉庫,ぴぽやキャラチップ32出力素材（ぴぽや32×32 出力画像＋α）,ぴぽや,https://pipoya.net/sozai/assets/charachip/character-chip-2/,ぴぽや 無料素材利用規約,
01-characters/pipoya-modern-099.png,キャラクター,現代の人物: 現代系・学校セット・制服1冬服_女_04（32×32、4方向×3コマ）,96,128,24,ぴぽや倉庫,ぴぽやキャラチップ32出力素材（ぴぽや32×32 出力画像＋α）,ぴぽや,https://pipoya.net/sozai/assets/charachip/character-chip-2/,ぴぽや 無料素材利用規約,
01-characters/pipoya-modern-100.png,キャラクター,現代の人物: 現代系・学校セット・制服1冬服_女_12（32×32、4方向×3コマ）,96,128,24,ぴぽや倉庫,ぴぽやキャラチップ32出力素材（ぴぽや32×32 出力画像＋α）,ぴぽや,https://pipoya.net/sozai/assets/charachip/character-chip-2/,ぴぽや 無料素材利用規約,
01-characters/pipoya-modern-101.png,キャラクター,現代の人物: 現代系・学校セット・制服1冬服_女_13（32×32、4方向×3コマ）,96,128,24,ぴぽや倉庫,ぴぽやキャラチップ32出力素材（ぴぽや32×32 出力画像＋α）,ぴぽや,https://pipoya.net/sozai/assets/charachip/character-chip-2/,ぴぽや 無料素材利用規約,
01-characters/pipoya-modern-102.png,キャラクター,現代の人物: 現代系・学校セット・制服1冬服_女_17（32×32、4方向×3コマ）,96,128,26,ぴぽや倉庫,ぴぽやキャラチップ32出力素材（ぴぽや32×32 出力画像＋α）,ぴぽや,https://pipoya.net/sozai/assets/charachip/character-chip-2/,ぴぽや 無料素材利用規約,
01-characters/pipoya-modern-103.png,キャラクター,現代の人物: 現代系・学校セット・制服1冬服_男_01（32×32、4方向×3コマ）,96,128,26,ぴぽや倉庫,ぴぽやキャラチップ32出力素材（ぴぽや32×32 出力画像＋α）,ぴぽや,https://pipoya.net/sozai/assets/charachip/character-chip-2/,ぴぽや 無料素材利用規約,
01-characters/pipoya-modern-104.png,キャラクター,現代の人物: 現代系・学校セット・制服1冬服_男_04（32×32、4方向×3コマ）,96,128,26,ぴぽや倉庫,ぴぽやキャラチップ32出力素材（ぴぽや32×32 出力画像＋α）,ぴぽや,https://pipoya.net/sozai/assets/charachip/character-chip-2/,ぴぽや 無料素材利用規約,
01-characters/pipoya-modern-105.png,キャラクター,現代の人物: 現代系・学校セット・制服1冬服_男_06（32×32、4方向×3コマ）,96,128,26,ぴぽや倉庫,ぴぽやキャラチップ32出力素材（ぴぽや32×32 出力画像＋α）,ぴぽや,https://pipoya.net/sozai/assets/charachip/character-chip-2/,ぴぽや 無料素材利用規約,
01-characters/pipoya-modern-106.png,キャラクター,現代の人物: 現代系・学校セット・制服1冬服_男_10（32×32、4方向×3コマ）,96,128,26,ぴぽや倉庫,ぴぽやキャラチップ32出力素材（ぴぽや32×32 出力画像＋α）,ぴぽや,https://pipoya.net/sozai/assets/charachip/character-chip-2/,ぴぽや 無料素材利用規約,
01-characters/pipoya-modern-107.png,キャラクター,現代の人物: 現代系・学校セット・制服1冬服_男_12（32×32、4方向×3コマ）,96,128,26,ぴぽや倉庫,ぴぽやキャラチップ32出力素材（ぴぽや32×32 出力画像＋α）,ぴぽや,https://pipoya.net/sozai/assets/charachip/character-chip-2/,ぴぽや 無料素材利用規約,
01-characters/pipoya-modern-108.png,キャラクター,現代の人物: 現代系・学校セット・制服1夏服_女_01（32×32、4方向×3コマ）,96,128,31,ぴぽや倉庫,ぴぽやキャラチップ32出力素材（ぴぽや32×32 出力画像＋α）,ぴぽや,https://pipoya.net/sozai/assets/charachip/character-chip-2/,ぴぽや 無料素材利用規約,
01-characters/pipoya-modern-109.png,キャラクター,現代の人物: 現代系・学校セット・制服1夏服_女_04（32×32、4方向×3コマ）,96,128,27,ぴぽや倉庫,ぴぽやキャラチップ32出力素材（ぴぽや32×32 出力画像＋α）,ぴぽや,https://pipoya.net/sozai/assets/charachip/character-chip-2/,ぴぽや 無料素材利用規約,
01-characters/pipoya-modern-110.png,キャラクター,現代の人物: 現代系・学校セット・制服1夏服_女_12（32×32、4方向×3コマ）,96,128,27,ぴぽや倉庫,ぴぽやキャラチップ32出力素材（ぴぽや32×32 出力画像＋α）,ぴぽや,https://pipoya.net/sozai/assets/charachip/character-chip-2/,ぴぽや 無料素材利用規約,
01-characters/pipoya-modern-111.png,キャラクター,現代の人物: 現代系・学校セット・制服1夏服_女_13（32×32、4方向×3コマ）,96,128,27,ぴぽや倉庫,ぴぽやキャラチップ32出力素材（ぴぽや32×32 出力画像＋α）,ぴぽや,https://pipoya.net/sozai/assets/charachip/character-chip-2/,ぴぽや 無料素材利用規約,
01-characters/pipoya-modern-112.png,キャラクター,現代の人物: 現代系・学校セット・制服1夏服_女_17（32×32、4方向×3コマ）,96,128,29,ぴぽや倉庫,ぴぽやキャラチップ32出力素材（ぴぽや32×32 出力画像＋α）,ぴぽや,https://pipoya.net/sozai/assets/charachip/character-chip-2/,ぴぽや 無料素材利用規約,
01-characters/pipoya-modern-113.png,キャラクター,現代の人物: 現代系・学校セット・制服1夏服_男_01（32×32、4方向×3コマ）,96,128,26,ぴぽや倉庫,ぴぽやキャラチップ32出力素材（ぴぽや32×32 出力画像＋α）,ぴぽや,https://pipoya.net/sozai/assets/charachip/character-chip-2/,ぴぽや 無料素材利用規約,
01-characters/pipoya-modern-114.png,キャラクター,現代の人物: 現代系・学校セット・制服1夏服_男_04（32×32、4方向×3コマ）,96,128,26,ぴぽや倉庫,ぴぽやキャラチップ32出力素材（ぴぽや32×32 出力画像＋α）,ぴぽや,https://pipoya.net/sozai/assets/charachip/character-chip-2/,ぴぽや 無料素材利用規約,
01-characters/pipoya-modern-115.png,キャラクター,現代の人物: 現代系・学校セット・制服1夏服_男_06（32×32、4方向×3コマ）,96,128,26,ぴぽや倉庫,ぴぽやキャラチップ32出力素材（ぴぽや32×32 出力画像＋α）,ぴぽや,https://pipoya.net/sozai/assets/charachip/character-chip-2/,ぴぽや 無料素材利用規約,
01-characters/pipoya-modern-116.png,キャラクター,現代の人物: 現代系・学校セット・制服1夏服_男_10（32×32、4方向×3コマ）,96,128,26,ぴぽや倉庫,ぴぽやキャラチップ32出力素材（ぴぽや32×32 出力画像＋α）,ぴぽや,https://pipoya.net/sozai/assets/charachip/character-chip-2/,ぴぽや 無料素材利用規約,
01-characters/pipoya-modern-117.png,キャラクター,現代の人物: 現代系・学校セット・制服1夏服_男_12（32×32、4方向×3コマ）,96,128,26,ぴぽや倉庫,ぴぽやキャラチップ32出力素材（ぴぽや32×32 出力画像＋α）,ぴぽや,https://pipoya.net/sozai/assets/charachip/character-chip-2/,ぴぽや 無料素材利用規約,
01-characters/pipoya-modern-118.png,キャラクター,現代の人物: 現代系・学校セット・制服2冬服_女_01（32×32、4方向×3コマ）,96,128,32,ぴぽや倉庫,ぴぽやキャラチップ32出力素材（ぴぽや32×32 出力画像＋α）,ぴぽや,https://pipoya.net/sozai/assets/charachip/character-chip-2/,ぴぽや 無料素材利用規約,
01-characters/pipoya-modern-119.png,キャラクター,現代の人物: 現代系・学校セット・制服2冬服_女_04（32×32、4方向×3コマ）,96,128,28,ぴぽや倉庫,ぴぽやキャラチップ32出力素材（ぴぽや32×32 出力画像＋α）,ぴぽや,https://pipoya.net/sozai/assets/charachip/character-chip-2/,ぴぽや 無料素材利用規約,
01-characters/pipoya-modern-120.png,キャラクター,現代の人物: 現代系・学校セット・制服2冬服_女_12（32×32、4方向×3コマ）,96,128,28,ぴぽや倉庫,ぴぽやキャラチップ32出力素材（ぴぽや32×32 出力画像＋α）,ぴぽや,https://pipoya.net/sozai/assets/charachip/character-chip-2/,ぴぽや 無料素材利用規約,
01-characters/pipoya-modern-121.png,キャラクター,現代の人物: 現代系・学校セット・制服2冬服_女_13（32×32、4方向×3コマ）,96,128,28,ぴぽや倉庫,ぴぽやキャラチップ32出力素材（ぴぽや32×32 出力画像＋α）,ぴぽや,https://pipoya.net/sozai/assets/charachip/character-chip-2/,ぴぽや 無料素材利用規約,
01-characters/pipoya-modern-122.png,キャラクター,現代の人物: 現代系・学校セット・制服2冬服_女_17（32×32、4方向×3コマ）,96,128,30,ぴぽや倉庫,ぴぽやキャラチップ32出力素材（ぴぽや32×32 出力画像＋α）,ぴぽや,https://pipoya.net/sozai/assets/charachip/character-chip-2/,ぴぽや 無料素材利用規約,
01-characters/pipoya-modern-123.png,キャラクター,現代の人物: 現代系・学校セット・制服2冬服_男_01（32×32、4方向×3コマ）,96,128,26,ぴぽや倉庫,ぴぽやキャラチップ32出力素材（ぴぽや32×32 出力画像＋α）,ぴぽや,https://pipoya.net/sozai/assets/charachip/character-chip-2/,ぴぽや 無料素材利用規約,
01-characters/pipoya-modern-124.png,キャラクター,現代の人物: 現代系・学校セット・制服2冬服_男_04（32×32、4方向×3コマ）,96,128,26,ぴぽや倉庫,ぴぽやキャラチップ32出力素材（ぴぽや32×32 出力画像＋α）,ぴぽや,https://pipoya.net/sozai/assets/charachip/character-chip-2/,ぴぽや 無料素材利用規約,
01-characters/pipoya-modern-125.png,キャラクター,現代の人物: 現代系・学校セット・制服2冬服_男_06（32×32、4方向×3コマ）,96,128,26,ぴぽや倉庫,ぴぽやキャラチップ32出力素材（ぴぽや32×32 出力画像＋α）,ぴぽや,https://pipoya.net/sozai/assets/charachip/character-chip-2/,ぴぽや 無料素材利用規約,
01-characters/pipoya-modern-126.png,キャラクター,現代の人物: 現代系・学校セット・制服2冬服_男_10（32×32、4方向×3コマ）,96,128,26,ぴぽや倉庫,ぴぽやキャラチップ32出力素材（ぴぽや32×32 出力画像＋α）,ぴぽや,https://pipoya.net/sozai/assets/charachip/character-chip-2/,ぴぽや 無料素材利用規約,
01-characters/pipoya-modern-127.png,キャラクター,現代の人物: 現代系・学校セット・制服2冬服_男_12（32×32、4方向×3コマ）,96,128,26,ぴぽや倉庫,ぴぽやキャラチップ32出力素材（ぴぽや32×32 出力画像＋α）,ぴぽや,https://pipoya.net/sozai/assets/charachip/character-chip-2/,ぴぽや 無料素材利用規約,
01-characters/pipoya-modern-128.png,キャラクター,現代の人物: 現代系・学校セット・制服2夏服_女_01（32×32、4方向×3コマ）,96,128,35,ぴぽや倉庫,ぴぽやキャラチップ32出力素材（ぴぽや32×32 出力画像＋α）,ぴぽや,https://pipoya.net/sozai/assets/charachip/character-chip-2/,ぴぽや 無料素材利用規約,
01-characters/pipoya-modern-129.png,キャラクター,現代の人物: 現代系・学校セット・制服2夏服_女_04（32×32、4方向×3コマ）,96,128,31,ぴぽや倉庫,ぴぽやキャラチップ32出力素材（ぴぽや32×32 出力画像＋α）,ぴぽや,https://pipoya.net/sozai/assets/charachip/character-chip-2/,ぴぽや 無料素材利用規約,
01-characters/pipoya-modern-130.png,キャラクター,現代の人物: 現代系・学校セット・制服2夏服_女_12（32×32、4方向×3コマ）,96,128,31,ぴぽや倉庫,ぴぽやキャラチップ32出力素材（ぴぽや32×32 出力画像＋α）,ぴぽや,https://pipoya.net/sozai/assets/charachip/character-chip-2/,ぴぽや 無料素材利用規約,
01-characters/pipoya-modern-131.png,キャラクター,現代の人物: 現代系・学校セット・制服2夏服_女_13（32×32、4方向×3コマ）,96,128,31,ぴぽや倉庫,ぴぽやキャラチップ32出力素材（ぴぽや32×32 出力画像＋α）,ぴぽや,https://pipoya.net/sozai/assets/charachip/character-chip-2/,ぴぽや 無料素材利用規約,
01-characters/pipoya-modern-132.png,キャラクター,現代の人物: 現代系・学校セット・制服2夏服_女_17（32×32、4方向×3コマ）,96,128,33,ぴぽや倉庫,ぴぽやキャラチップ32出力素材（ぴぽや32×32 出力画像＋α）,ぴぽや,https://pipoya.net/sozai/assets/charachip/character-chip-2/,ぴぽや 無料素材利用規約,
01-characters/pipoya-modern-133.png,キャラクター,現代の人物: 現代系・学校セット・制服2夏服_男_01（32×32、4方向×3コマ）,96,128,27,ぴぽや倉庫,ぴぽやキャラチップ32出力素材（ぴぽや32×32 出力画像＋α）,ぴぽや,https://pipoya.net/sozai/assets/charachip/character-chip-2/,ぴぽや 無料素材利用規約,
01-characters/pipoya-modern-134.png,キャラクター,現代の人物: 現代系・学校セット・制服2夏服_男_04（32×32、4方向×3コマ）,96,128,27,ぴぽや倉庫,ぴぽやキャラチップ32出力素材（ぴぽや32×32 出力画像＋α）,ぴぽや,https://pipoya.net/sozai/assets/charachip/character-chip-2/,ぴぽや 無料素材利用規約,
01-characters/pipoya-modern-135.png,キャラクター,現代の人物: 現代系・学校セット・制服2夏服_男_06（32×32、4方向×3コマ）,96,128,27,ぴぽや倉庫,ぴぽやキャラチップ32出力素材（ぴぽや32×32 出力画像＋α）,ぴぽや,https://pipoya.net/sozai/assets/charachip/character-chip-2/,ぴぽや 無料素材利用規約,
01-characters/pipoya-modern-136.png,キャラクター,現代の人物: 現代系・学校セット・制服2夏服_男_10（32×32、4方向×3コマ）,96,128,27,ぴぽや倉庫,ぴぽやキャラチップ32出力素材（ぴぽや32×32 出力画像＋α）,ぴぽや,https://pipoya.net/sozai/assets/charachip/character-chip-2/,ぴぽや 無料素材利用規約,
01-characters/pipoya-modern-137.png,キャラクター,現代の人物: 現代系・学校セット・制服2夏服_男_12（32×32、4方向×3コマ）,96,128,27,ぴぽや倉庫,ぴぽやキャラチップ32出力素材（ぴぽや32×32 出力画像＋α）,ぴぽや,https://pipoya.net/sozai/assets/charachip/character-chip-2/,ぴぽや 無料素材利用規約,
01-characters/pipoya-modern-138.png,キャラクター,現代の人物: 現代系・学校セット・校長先生_女（32×32、4方向×3コマ）,96,128,31,ぴぽや倉庫,ぴぽやキャラチップ32出力素材（ぴぽや32×32 出力画像＋α）,ぴぽや,https://pipoya.net/sozai/assets/charachip/character-chip-2/,ぴぽや 無料素材利用規約,
01-characters/pipoya-modern-139.png,キャラクター,現代の人物: 現代系・男_ギャング（32×32、4方向×3コマ）,96,128,34,ぴぽや倉庫,ぴぽやキャラチップ32出力素材（ぴぽや32×32 出力画像＋α）,ぴぽや,https://pipoya.net/sozai/assets/charachip/character-chip-2/,ぴぽや 無料素材利用規約,
01-characters/pipoya-modern-140.png,キャラクター,現代の人物: 現代系・男_スーツ1（32×32、4方向×3コマ）,96,128,29,ぴぽや倉庫,ぴぽやキャラチップ32出力素材（ぴぽや32×32 出力画像＋α）,ぴぽや,https://pipoya.net/sozai/assets/charachip/character-chip-2/,ぴぽや 無料素材利用規約,
01-characters/pipoya-modern-141.png,キャラクター,現代の人物: 現代系・男_スーツ2（32×32、4方向×3コマ）,96,128,28,ぴぽや倉庫,ぴぽやキャラチップ32出力素材（ぴぽや32×32 出力画像＋α）,ぴぽや,https://pipoya.net/sozai/assets/charachip/character-chip-2/,ぴぽや 無料素材利用規約,
01-characters/pipoya-modern-142.png,キャラクター,現代の人物: 現代系・男_マッチョマン（32×32、4方向×3コマ）,96,128,18,ぴぽや倉庫,ぴぽやキャラチップ32出力素材（ぴぽや32×32 出力画像＋α）,ぴぽや,https://pipoya.net/sozai/assets/charachip/character-chip-2/,ぴぽや 無料素材利用規約,
01-characters/pipoya-modern-143.png,キャラクター,現代の人物: 現代系・男_学生学ラン（32×32、4方向×3コマ）,96,128,26,ぴぽや倉庫,ぴぽやキャラチップ32出力素材（ぴぽや32×32 出力画像＋α）,ぴぽや,https://pipoya.net/sozai/assets/charachip/character-chip-2/,ぴぽや 無料素材利用規約,
01-characters/pipoya-townswoman-young-a.png,キャラクター,RPGキャラ基本セット 002（色違いa）。32×32、4方向×3コマ,96,128,35,ぴぽや倉庫,RPGキャラ基本セット（キャラチップ.zip）,ぴぽや,https://pipoya.net/sozai/assets/charachip/character-chip-1/,ぴぽや 無料素材利用規約,
01-characters/pipoya-king-a.png,キャラクター,RPGキャラ基本セット 011（色違いa）。32×32、4方向×3コマ,96,128,38,ぴぽや倉庫,RPGキャラ基本セット（キャラチップ.zip）,ぴぽや,https://pipoya.net/sozai/assets/charachip/character-chip-1/,ぴぽや 無料素材利用規約,
01-characters/pipoya-priest-a.png,キャラクター,RPGキャラ基本セット 016（色違いa）。32×32、4方向×3コマ,96,128,23,ぴぽや倉庫,RPGキャラ基本セット（キャラチップ.zip）,ぴぽや,https://pipoya.net/sozai/assets/charachip/character-chip-1/,ぴぽや 無料素材利用規約,
01-characters/pipoya-maid-a.png,キャラクター,RPGキャラ基本セット 017（色違いa）。32×32、4方向×3コマ,96,128,28,ぴぽや倉庫,RPGキャラ基本セット（キャラチップ.zip）,ぴぽや,https://pipoya.net/sozai/assets/charachip/character-chip-1/,ぴぽや 無料素材利用規約,
01-characters/pipoya-maid-c.png,キャラクター,RPGキャラ基本セット 017（色違いc）。32×32、4方向×3コマ,96,128,28,ぴぽや倉庫,RPGキャラ基本セット（キャラチップ.zip）,ぴぽや,https://pipoya.net/sozai/assets/charachip/character-chip-1/,ぴぽや 無料素材利用規約,
01-characters/pipoya-soldier-a.png,キャラクター,RPGキャラ基本セット 018（色違いa）。32×32、4方向×3コマ,96,128,19,ぴぽや倉庫,RPGキャラ基本セット（キャラチップ.zip）,ぴぽや,https://pipoya.net/sozai/assets/charachip/character-chip-1/,ぴぽや 無料素材利用規約,
01-characters/pipoya-soldier-d.png,キャラクター,RPGキャラ基本セット 018（色違いd）。32×32、4方向×3コマ,96,128,19,ぴぽや倉庫,RPGキャラ基本セット（キャラチップ.zip）,ぴぽや,https://pipoya.net/sozai/assets/charachip/character-chip-1/,ぴぽや 無料素材利用規約,
01-characters/pipoya-soldier-e.png,キャラクター,RPGキャラ基本セット 018（色違いe）。32×32、4方向×3コマ,96,128,19,ぴぽや倉庫,RPGキャラ基本セット（キャラチップ.zip）,ぴぽや,https://pipoya.net/sozai/assets/charachip/character-chip-1/,ぴぽや 無料素材利用規約,
01-characters/pipoya-soldier-f.png,キャラクター,RPGキャラ基本セット 018（色違いf）。32×32、4方向×3コマ,96,128,20,ぴぽや倉庫,RPGキャラ基本セット（キャラチップ.zip）,ぴぽや,https://pipoya.net/sozai/assets/charachip/character-chip-1/,ぴぽや 無料素材利用規約,
01-characters/pipoya-soldier-g.png,キャラクター,RPGキャラ基本セット 018（色違いg）。32×32、4方向×3コマ,96,128,19,ぴぽや倉庫,RPGキャラ基本セット（キャラチップ.zip）,ぴぽや,https://pipoya.net/sozai/assets/charachip/character-chip-1/,ぴぽや 無料素材利用規約,
01-characters/pipoya-hero-m-e.png,キャラクター,RPGキャラ基本セット 021（色違いe）。32×32、4方向×3コマ,96,128,44,ぴぽや倉庫,RPGキャラ基本セット（キャラチップ.zip）,ぴぽや,https://pipoya.net/sozai/assets/charachip/character-chip-1/,ぴぽや 無料素材利用規約,
01-characters/pipoya-hero-f-e.png,キャラクター,RPGキャラ基本セット 022（色違いe）。32×32、4方向×3コマ,96,128,36,ぴぽや倉庫,RPGキャラ基本セット（キャラチップ.zip）,ぴぽや,https://pipoya.net/sozai/assets/charachip/character-chip-1/,ぴぽや 無料素材利用規約,
01-characters/pipoya-warrior-m-e.png,キャラクター,RPGキャラ基本セット 023（色違いe）。32×32、4方向×3コマ,96,128,32,ぴぽや倉庫,RPGキャラ基本セット（キャラチップ.zip）,ぴぽや,https://pipoya.net/sozai/assets/charachip/character-chip-1/,ぴぽや 無料素材利用規約,
01-characters/pipoya-warrior-f-e.png,キャラクター,RPGキャラ基本セット 024（色違いe）。32×32、4方向×3コマ,96,128,32,ぴぽや倉庫,RPGキャラ基本セット（キャラチップ.zip）,ぴぽや,https://pipoya.net/sozai/assets/charachip/character-chip-1/,ぴぽや 無料素材利用規約,
01-characters/pipoya-mage-m-e.png,キャラクター,RPGキャラ基本セット 025（色違いe）。32×32、4方向×3コマ,96,128,30,ぴぽや倉庫,RPGキャラ基本セット（キャラチップ.zip）,ぴぽや,https://pipoya.net/sozai/assets/charachip/character-chip-1/,ぴぽや 無料素材利用規約,
01-characters/pipoya-mage-f-e.png,キャラクター,RPGキャラ基本セット 026（色違いe）。32×32、4方向×3コマ,96,128,40,ぴぽや倉庫,RPGキャラ基本セット（キャラチップ.zip）,ぴぽや,https://pipoya.net/sozai/assets/charachip/character-chip-1/,ぴぽや 無料素材利用規約,
01-characters/pipoya-cleric-m-e.png,キャラクター,RPGキャラ基本セット 027（色違いe）。32×32、4方向×3コマ,96,128,33,ぴぽや倉庫,RPGキャラ基本セット（キャラチップ.zip）,ぴぽや,https://pipoya.net/sozai/assets/charachip/character-chip-1/,ぴぽや 無料素材利用規約,
01-characters/pipoya-cleric-f-e.png,キャラクター,RPGキャラ基本セット 028（色違いe）。32×32、4方向×3コマ,96,128,33,ぴぽや倉庫,RPGキャラ基本セット（キャラチップ.zip）,ぴぽや,https://pipoya.net/sozai/assets/charachip/character-chip-1/,ぴぽや 無料素材利用規約,
01-characters/pipoya-thief-m-e.png,キャラクター,RPGキャラ基本セット 029（色違いe）。32×32、4方向×3コマ,96,128,35,ぴぽや倉庫,RPGキャラ基本セット（キャラチップ.zip）,ぴぽや,https://pipoya.net/sozai/assets/charachip/character-chip-1/,ぴぽや 無料素材利用規約,
01-characters/pipoya-thief-f-e.png,キャラクター,RPGキャラ基本セット 030（色違いe）。32×32、4方向×3コマ,96,128,30,ぴぽや倉庫,RPGキャラ基本セット（キャラチップ.zip）,ぴぽや,https://pipoya.net/sozai/assets/charachip/character-chip-1/,ぴぽや 無料素材利用規約,
04-field/pipoya-wolf-autotile-dirt1-dirt2.png,フィールド,ウディタ形式のオートタイル「Dirt1-Dirt2」（展開前の並び。32×160または横長のアニメ）,64,160,451,ぴぽや倉庫,ウディタ２用マップセット（ウディタ2_32x32mapchip_20210215.zip）,ぴぽや,https://pipoya.net/sozai/assets/map-chip_tileset32/,ぴぽや 無料素材利用規約,
04-field/pipoya-wolf-autotile-dirt1-dirt3.png,フィールド,ウディタ形式のオートタイル「Dirt1-Dirt3」（展開前の並び。32×160または横長のアニメ）,64,160,313,ぴぽや倉庫,ウディタ２用マップセット（ウディタ2_32x32mapchip_20210215.zip）,ぴぽや,https://pipoya.net/sozai/assets/map-chip_tileset32/,ぴぽや 無料素材利用規約,
04-field/pipoya-wolf-autotile-dirt1-dirt4.png,フィールド,ウディタ形式のオートタイル「Dirt1-Dirt4」（展開前の並び。32×160または横長のアニメ）,64,160,395,ぴぽや倉庫,ウディタ２用マップセット（ウディタ2_32x32mapchip_20210215.zip）,ぴぽや,https://pipoya.net/sozai/assets/map-chip_tileset32/,ぴぽや 無料素材利用規約,
04-field/pipoya-wolf-autotile-dirt1.png,フィールド,ウディタ形式のオートタイル「Dirt1」（展開前の並び。32×160または横長のアニメ）,64,160,475,ぴぽや倉庫,ウディタ２用マップセット（ウディタ2_32x32mapchip_20210215.zip）,ぴぽや,https://pipoya.net/sozai/assets/map-chip_tileset32/,ぴぽや 無料素材利用規約,
04-field/pipoya-wolf-autotile-dirt2.png,フィールド,ウディタ形式のオートタイル「Dirt2」（展開前の並び。32×160または横長のアニメ）,64,160,549,ぴぽや倉庫,ウディタ２用マップセット（ウディタ2_32x32mapchip_20210215.zip）,ぴぽや,https://pipoya.net/sozai/assets/map-chip_tileset32/,ぴぽや 無料素材利用規約,
04-field/pipoya-wolf-autotile-dirt3.png,フィールド,ウディタ形式のオートタイル「Dirt3」（展開前の並び。32×160または横長のアニメ）,64,160,464,ぴぽや倉庫,ウディタ２用マップセット（ウディタ2_32x32mapchip_20210215.zip）,ぴぽや,https://pipoya.net/sozai/assets/map-chip_tileset32/,ぴぽや 無料素材利用規約,
04-field/pipoya-wolf-autotile-dirt4.png,フィールド,ウディタ形式のオートタイル「Dirt4」（展開前の並び。32×160または横長のアニメ）,64,160,494,ぴぽや倉庫,ウディタ２用マップセット（ウディタ2_32x32mapchip_20210215.zip）,ぴぽや,https://pipoya.net/sozai/assets/map-chip_tileset32/,ぴぽや 無料素材利用規約,
04-field/pipoya-wolf-autotile-flower.png,フィールド,ウディタ形式のオートタイル「Flower」（展開前の並び。32×160または横長のアニメ）,64,160,18,ぴぽや倉庫,ウディタ２用マップセット（ウディタ2_32x32mapchip_20210215.zip）,ぴぽや,https://pipoya.net/sozai/assets/map-chip_tileset32/,ぴぽや 無料素材利用規約,
04-field/pipoya-wolf-autotile-grass1-dirt1.png,フィールド,ウディタ形式のオートタイル「Grass1-Dirt1」（展開前の並び。32×160または横長のアニメ）,64,160,563,ぴぽや倉庫,ウディタ２用マップセット（ウディタ2_32x32mapchip_20210215.zip）,ぴぽや,https://pipoya.net/sozai/assets/map-chip_tileset32/,ぴぽや 無料素材利用規約,
04-field/pipoya-wolf-autotile-grass1-dirt2.png,フィールド,ウディタ形式のオートタイル「Grass1-Dirt2」（展開前の並び。32×160または横長のアニメ）,64,160,587,ぴぽや倉庫,ウディタ２用マップセット（ウディタ2_32x32mapchip_20210215.zip）,ぴぽや,https://pipoya.net/sozai/assets/map-chip_tileset32/,ぴぽや 無料素材利用規約,
04-field/pipoya-wolf-autotile-grass1-dirt3.png,フィールド,ウディタ形式のオートタイル「Grass1-Dirt3」（展開前の並び。32×160または横長のアニメ）,64,160,609,ぴぽや倉庫,ウディタ２用マップセット（ウディタ2_32x32mapchip_20210215.zip）,ぴぽや,https://pipoya.net/sozai/assets/map-chip_tileset32/,ぴぽや 無料素材利用規約,
04-field/pipoya-wolf-autotile-grass1-dirt4.png,フィールド,ウディタ形式のオートタイル「Grass1-Dirt4」（展開前の並び。32×160または横長のアニメ）,64,160,634,ぴぽや倉庫,ウディタ２用マップセット（ウディタ2_32x32mapchip_20210215.zip）,ぴぽや,https://pipoya.net/sozai/assets/map-chip_tileset32/,ぴぽや 無料素材利用規約,
04-field/pipoya-wolf-autotile-grass1-grass2.png,フィールド,ウディタ形式のオートタイル「Grass1-Grass2」（展開前の並び。32×160または横長のアニメ）,64,160,277,ぴぽや倉庫,ウディタ２用マップセット（ウディタ2_32x32mapchip_20210215.zip）,ぴぽや,https://pipoya.net/sozai/assets/map-chip_tileset32/,ぴぽや 無料素材利用規約,
04-field/pipoya-wolf-autotile-grass1-grass3.png,フィールド,ウディタ形式のオートタイル「Grass1-Grass3」（展開前の並び。32×160または横長のアニメ）,64,160,202,ぴぽや倉庫,ウディタ２用マップセット（ウディタ2_32x32mapchip_20210215.zip）,ぴぽや,https://pipoya.net/sozai/assets/map-chip_tileset32/,ぴぽや 無料素材利用規約,
04-field/pipoya-wolf-autotile-grass1-grass4.png,フィールド,ウディタ形式のオートタイル「Grass1-Grass4」（展開前の並び。32×160または横長のアニメ）,64,160,286,ぴぽや倉庫,ウディタ２用マップセット（ウディタ2_32x32mapchip_20210215.zip）,ぴぽや,https://pipoya.net/sozai/assets/map-chip_tileset32/,ぴぽや 無料素材利用規約,
04-field/pipoya-wolf-autotile-grass1.png,フィールド,ウディタ形式のオートタイル「Grass1」（展開前の並び。32×160または横長のアニメ）,64,160,550,ぴぽや倉庫,ウディタ２用マップセット（ウディタ2_32x32mapchip_20210215.zip）,ぴぽや,https://pipoya.net/sozai/assets/map-chip_tileset32/,ぴぽや 無料素材利用規約,
04-field/pipoya-wolf-autotile-grass2.png,フィールド,ウディタ形式のオートタイル「Grass2」（展開前の並び。32×160または横長のアニメ）,64,160,533,ぴぽや倉庫,ウディタ２用マップセット（ウディタ2_32x32mapchip_20210215.zip）,ぴぽや,https://pipoya.net/sozai/assets/map-chip_tileset32/,ぴぽや 無料素材利用規約,
04-field/pipoya-wolf-autotile-grass3.png,フィールド,ウディタ形式のオートタイル「Grass3」（展開前の並び。32×160または横長のアニメ）,64,160,546,ぴぽや倉庫,ウディタ２用マップセット（ウディタ2_32x32mapchip_20210215.zip）,ぴぽや,https://pipoya.net/sozai/assets/map-chip_tileset32/,ぴぽや 無料素材利用規約,
04-field/pipoya-wolf-autotile-grass4.png,フィールド,ウディタ形式のオートタイル「Grass4」（展開前の並び。32×160または横長のアニメ）,64,160,549,ぴぽや倉庫,ウディタ２用マップセット（ウディタ2_32x32mapchip_20210215.zip）,ぴぽや,https://pipoya.net/sozai/assets/map-chip_tileset32/,ぴぽや 無料素材利用規約,
04-field/pipoya-wolf-autotile-longgrass.png,フィールド,ウディタ形式のオートタイル「LongGrass」（展開前の並び。32×160または横長のアニメ）,64,160,15,ぴぽや倉庫,ウディタ２用マップセット（ウディタ2_32x32mapchip_20210215.zip）,ぴぽや,https://pipoya.net/sozai/assets/map-chip_tileset32/,ぴぽや 無料素材利用規約,
06-dungeon/pipoya-wolf-autotile-wall-up1.png,ダンジョン,ウディタ形式のオートタイル「Wall-Up1」（展開前の並び。32×160または横長のアニメ）,64,160,6,ぴぽや倉庫,ウディタ２用マップセット（ウディタ2_32x32mapchip_20210215.zip）,ぴぽや,https://pipoya.net/sozai/assets/map-chip_tileset32/,ぴぽや 無料素材利用規約,
06-dungeon/pipoya-wolf-autotile-wall-up2.png,ダンジョン,ウディタ形式のオートタイル「Wall-Up2」（展開前の並び。32×160または横長のアニメ）,64,160,6,ぴぽや倉庫,ウディタ２用マップセット（ウディタ2_32x32mapchip_20210215.zip）,ぴぽや,https://pipoya.net/sozai/assets/map-chip_tileset32/,ぴぽや 無料素材利用規約,
04-field/pipoya-wolf-autotile-water1.png,フィールド,ウディタ形式のオートタイル「Water1」（展開前の並び。32×160または横長のアニメ）,256,160,1117,ぴぽや倉庫,ウディタ２用マップセット（ウディタ2_32x32mapchip_20210215.zip）,ぴぽや,https://pipoya.net/sozai/assets/map-chip_tileset32/,ぴぽや 無料素材利用規約,
04-field/pipoya-wolf-autotile-water2.png,フィールド,ウディタ形式のオートタイル「Water2」（展開前の並び。32×160または横長のアニメ）,256,160,1692,ぴぽや倉庫,ウディタ２用マップセット（ウディタ2_32x32mapchip_20210215.zip）,ぴぽや,https://pipoya.net/sozai/assets/map-chip_tileset32/,ぴぽや 無料素材利用規約,
06-dungeon/pipoya-wolf-autotile-water3-cave1.png,ダンジョン,ウディタ形式のオートタイル「Water3_Cave1」（展開前の並び。32×160または横長のアニメ）,256,160,276,ぴぽや倉庫,ウディタ２用マップセット（ウディタ2_32x32mapchip_20210215.zip）,ぴぽや,https://pipoya.net/sozai/assets/map-chip_tileset32/,ぴぽや 無料素材利用規約,
04-field/pipoya-wolf-autotile-water3.png,フィールド,ウディタ形式のオートタイル「Water3」（展開前の並び。32×160または横長のアニメ）,256,160,346,ぴぽや倉庫,ウディタ２用マップセット（ウディタ2_32x32mapchip_20210215.zip）,ぴぽや,https://pipoya.net/sozai/assets/map-chip_tileset32/,ぴぽや 無料素材利用規約,
04-field/pipoya-wolf-autotile-water4.png,フィールド,ウディタ形式のオートタイル「Water4」（展開前の並び。32×160または横長のアニメ）,256,160,774,ぴぽや倉庫,ウディタ２用マップセット（ウディタ2_32x32mapchip_20210215.zip）,ぴぽや,https://pipoya.net/sozai/assets/map-chip_tileset32/,ぴぽや 無料素材利用規約,
04-field/pipoya-wolf-autotile-water5.png,フィールド,ウディタ形式のオートタイル「Water5」（展開前の並び。32×160または横長のアニメ）,256,160,1027,ぴぽや倉庫,ウディタ２用マップセット（ウディタ2_32x32mapchip_20210215.zip）,ぴぽや,https://pipoya.net/sozai/assets/map-chip_tileset32/,ぴぽや 無料素材利用規約,
04-field/pipoya-wolf-autotile-water6.png,フィールド,ウディタ形式のオートタイル「Water6」（展開前の並び。32×160または横長のアニメ）,256,160,307,ぴぽや倉庫,ウディタ２用マップセット（ウディタ2_32x32mapchip_20210215.zip）,ぴぽや,https://pipoya.net/sozai/assets/map-chip_tileset32/,ぴぽや 無料素材利用規約,
04-field/pipoya-wolf-autotile-water7.png,フィールド,ウディタ形式のオートタイル「Water7」（展開前の並び。32×160または横長のアニメ）,256,160,984,ぴぽや倉庫,ウディタ２用マップセット（ウディタ2_32x32mapchip_20210215.zip）,ぴぽや,https://pipoya.net/sozai/assets/map-chip_tileset32/,ぴぽや 無料素材利用規約,
04-field/pipoya-wolf-autotile-waterfall1.png,フィールド,ウディタ形式のオートタイル「WaterFall1」（展開前の並び。32×160または横長のアニメ）,128,160,3729,ぴぽや倉庫,ウディタ２用マップセット（ウディタ2_32x32mapchip_20210215.zip）,ぴぽや,https://pipoya.net/sozai/assets/map-chip_tileset32/,ぴぽや 無料素材利用規約,
04-field/pipoya-wolf-autotile-waterfall2.png,フィールド,ウディタ形式のオートタイル「WaterFall2」（展開前の並び。32×160または横長のアニメ）,128,160,4080,ぴぽや倉庫,ウディタ２用マップセット（ウディタ2_32x32mapchip_20210215.zip）,ぴぽや,https://pipoya.net/sozai/assets/map-chip_tileset32/,ぴぽや 無料素材利用規約,
04-field/pipoya-wolf-autotile-waterfall3.png,フィールド,ウディタ形式のオートタイル「WaterFall3」（展開前の並び。32×160または横長のアニメ）,128,160,3680,ぴぽや倉庫,ウディタ２用マップセット（ウディタ2_32x32mapchip_20210215.zip）,ぴぽや,https://pipoya.net/sozai/assets/map-chip_tileset32/,ぴぽや 無料素材利用規約,
01-characters/oga-1-bit-graveyard-pixel-art--boy-portrait.png,キャラクター,「1-Bit Graveyard Pixel Art Asset Pack」より（人物）,96,96,2,OpenGameArt,1-Bit Graveyard Pixel Art Asset Pack,Fava Beans,https://opengameart.org/content/1-bit-graveyard-pixel-art-asset-pack,CC0 1.0,
08-objects-items/oga-1-bit-graveyard-pixel-art--notable-angel-st.png,小物・アイテム・乗り物,「1-Bit Graveyard Pixel Art Asset Pack」より（小物・アイテム）,64,64,2,OpenGameArt,1-Bit Graveyard Pixel Art Asset Pack,Fava Beans,https://opengameart.org/content/1-bit-graveyard-pixel-art-asset-pack,CC0 1.0,
07-town-indoor/mw-cyanbarracks-cyan.png,町・屋内,MiniWorld: Buildings/Cyan/CyanBarracks,64,80,20,OpenGameArt,MiniWorld Sprites,Shade,https://opengameart.org/content/miniworld-sprites,CC0 1.0,
07-town-indoor/mw-cyanchapels-cyan.png,町・屋内,MiniWorld: Buildings/Cyan/CyanChapels,48,32,17,OpenGameArt,MiniWorld Sprites,Shade,https://opengameart.org/content/miniworld-sprites,CC0 1.0,
07-town-indoor/mw-cyandocks-cyan.png,町・屋内,MiniWorld: Buildings/Cyan/CyanDocks,64,32,15,OpenGameArt,MiniWorld Sprites,Shade,https://opengameart.org/content/miniworld-sprites,CC0 1.0,
07-town-indoor/mw-cyanhouses-cyan.png,町・屋内,MiniWorld: Buildings/Cyan/CyanHouses,48,64,16,OpenGameArt,MiniWorld Sprites,Shade,https://opengameart.org/content/miniworld-sprites,CC0 1.0,
07-town-indoor/mw-cyanhuts-cyan.png,町・屋内,MiniWorld: Buildings/Cyan/CyanHuts,80,16,11,OpenGameArt,MiniWorld Sprites,Shade,https://opengameart.org/content/miniworld-sprites,CC0 1.0,
07-town-indoor/mw-cyankeep-cyan.png,町・屋内,MiniWorld: Buildings/Cyan/CyanKeep,96,64,14,OpenGameArt,MiniWorld Sprites,Shade,https://opengameart.org/content/miniworld-sprites,CC0 1.0,
07-town-indoor/mw-cyanmarket-cyan.png,町・屋内,MiniWorld: Buildings/Cyan/CyanMarket,48,64,36,OpenGameArt,MiniWorld Sprites,Shade,https://opengameart.org/content/miniworld-sprites,CC0 1.0,
07-town-indoor/mw-cyanresources-cyan.png,町・屋内,MiniWorld: Buildings/Cyan/CyanResources,48,80,31,OpenGameArt,MiniWorld Sprites,Shade,https://opengameart.org/content/miniworld-sprites,CC0 1.0,
07-town-indoor/mw-cyanship-cyan.png,町・屋内,MiniWorld: Buildings/Cyan/CyanShip,96,32,10,OpenGameArt,MiniWorld Sprites,Shade,https://opengameart.org/content/miniworld-sprites,CC0 1.0,
07-town-indoor/mw-cyantaverns-cyan.png,町・屋内,MiniWorld: Buildings/Cyan/CyanTaverns,48,64,16,OpenGameArt,MiniWorld Sprites,Shade,https://opengameart.org/content/miniworld-sprites,CC0 1.0,
07-town-indoor/mw-cyantower-cyan.png,町・屋内,MiniWorld: Buildings/Cyan/CyanTower,48,96,15,OpenGameArt,MiniWorld Sprites,Shade,https://opengameart.org/content/miniworld-sprites,CC0 1.0,
07-town-indoor/mw-cyanwell-cyan.png,町・屋内,MiniWorld: Buildings/Cyan/CyanWell,48,32,12,OpenGameArt,MiniWorld Sprites,Shade,https://opengameart.org/content/miniworld-sprites,CC0 1.0,
07-town-indoor/mw-cyanworkshops-cyan.png,町・屋内,MiniWorld: Buildings/Cyan/CyanWorkshops,48,48,17,OpenGameArt,MiniWorld Sprites,Shade,https://opengameart.org/content/miniworld-sprites,CC0 1.0,
07-town-indoor/mw-spearwall-enemy.png,町・屋内,MiniWorld: Buildings/Enemy/SpearWall,48,32,11,OpenGameArt,MiniWorld Sprites,Shade,https://opengameart.org/content/miniworld-sprites,CC0 1.0,
07-town-indoor/mw-limebarracks-lime.png,町・屋内,MiniWorld: Buildings/Lime/LimeBarracks,64,80,20,OpenGameArt,MiniWorld Sprites,Shade,https://opengameart.org/content/miniworld-sprites,CC0 1.0,
07-town-indoor/mw-limechapels-lime.png,町・屋内,MiniWorld: Buildings/Lime/LimeChapels,48,32,17,OpenGameArt,MiniWorld Sprites,Shade,https://opengameart.org/content/miniworld-sprites,CC0 1.0,
07-town-indoor/mw-limedocks-lime.png,町・屋内,MiniWorld: Buildings/Lime/LimeDocks,64,32,15,OpenGameArt,MiniWorld Sprites,Shade,https://opengameart.org/content/miniworld-sprites,CC0 1.0,
07-town-indoor/mw-limehouses-lime.png,町・屋内,MiniWorld: Buildings/Lime/LimeHouses,48,64,16,OpenGameArt,MiniWorld Sprites,Shade,https://opengameart.org/content/miniworld-sprites,CC0 1.0,
07-town-indoor/mw-limehuts-lime.png,町・屋内,MiniWorld: Buildings/Lime/LimeHuts,80,16,10,OpenGameArt,MiniWorld Sprites,Shade,https://opengameart.org/content/miniworld-sprites,CC0 1.0,
07-town-indoor/mw-limekeep-lime.png,町・屋内,MiniWorld: Buildings/Lime/LimeKeep,96,64,14,OpenGameArt,MiniWorld Sprites,Shade,https://opengameart.org/content/miniworld-sprites,CC0 1.0,
07-town-indoor/mw-limemarket-lime.png,町・屋内,MiniWorld: Buildings/Lime/LimeMarket,48,64,36,OpenGameArt,MiniWorld Sprites,Shade,https://opengameart.org/content/miniworld-sprites,CC0 1.0,
07-town-indoor/mw-limeresources-lime.png,町・屋内,MiniWorld: Buildings/Lime/LimeResources,48,80,29,OpenGameArt,MiniWorld Sprites,Shade,https://opengameart.org/content/miniworld-sprites,CC0 1.0,
07-town-indoor/mw-limeship-lime.png,町・屋内,MiniWorld: Buildings/Lime/LimeShip,96,32,9,OpenGameArt,MiniWorld Sprites,Shade,https://opengameart.org/content/miniworld-sprites,CC0 1.0,
07-town-indoor/mw-limetaverns-lime.png,町・屋内,MiniWorld: Buildings/Lime/LimeTaverns,48,64,16,OpenGameArt,MiniWorld Sprites,Shade,https://opengameart.org/content/miniworld-sprites,CC0 1.0,
07-town-indoor/mw-limetower-lime.png,町・屋内,MiniWorld: Buildings/Lime/LimeTower,48,96,15,OpenGameArt,MiniWorld Sprites,Shade,https://opengameart.org/content/miniworld-sprites,CC0 1.0,
07-town-indoor/mw-limewell-lime.png,町・屋内,MiniWorld: Buildings/Lime/LimeWell,48,32,13,OpenGameArt,MiniWorld Sprites,Shade,https://opengameart.org/content/miniworld-sprites,CC0 1.0,
07-town-indoor/mw-limeworkshops-lime.png,町・屋内,MiniWorld: Buildings/Lime/LimeWorkshops,48,48,17,OpenGameArt,MiniWorld Sprites,Shade,https://opengameart.org/content/miniworld-sprites,CC0 1.0,
07-town-indoor/mw-purplebarracks-purple.png,町・屋内,MiniWorld: Buildings/Purple/PurpleBarracks,64,80,20,OpenGameArt,MiniWorld Sprites,Shade,https://opengameart.org/content/miniworld-sprites,CC0 1.0,
07-town-indoor/mw-purplechapels-purple.png,町・屋内,MiniWorld: Buildings/Purple/PurpleChapels,48,32,17,OpenGameArt,MiniWorld Sprites,Shade,https://opengameart.org/content/miniworld-sprites,CC0 1.0,
07-town-indoor/mw-purpledocks-purple.png,町・屋内,MiniWorld: Buildings/Purple/PurpleDocks,64,32,15,OpenGameArt,MiniWorld Sprites,Shade,https://opengameart.org/content/miniworld-sprites,CC0 1.0,
07-town-indoor/mw-purplehouses-purple.png,町・屋内,MiniWorld: Buildings/Purple/PurpleHouses,48,64,16,OpenGameArt,MiniWorld Sprites,Shade,https://opengameart.org/content/miniworld-sprites,CC0 1.0,
07-town-indoor/mw-purplehuts-purple.png,町・屋内,MiniWorld: Buildings/Purple/PurpleHuts,80,16,10,OpenGameArt,MiniWorld Sprites,Shade,https://opengameart.org/content/miniworld-sprites,CC0 1.0,
07-town-indoor/mw-purplekeep-purple.png,町・屋内,MiniWorld: Buildings/Purple/PurpleKeep,96,64,14,OpenGameArt,MiniWorld Sprites,Shade,https://opengameart.org/content/miniworld-sprites,CC0 1.0,
07-town-indoor/mw-purplemarket-purple.png,町・屋内,MiniWorld: Buildings/Purple/PurpleMarket,48,64,36,OpenGameArt,MiniWorld Sprites,Shade,https://opengameart.org/content/miniworld-sprites,CC0 1.0,
07-town-indoor/mw-purpleresources-purple.png,町・屋内,MiniWorld: Buildings/Purple/PurpleResources,48,80,22,OpenGameArt,MiniWorld Sprites,Shade,https://opengameart.org/content/miniworld-sprites,CC0 1.0,
07-town-indoor/mw-purpleship-purple.png,町・屋内,MiniWorld: Buildings/Purple/PurpleShip,96,32,9,OpenGameArt,MiniWorld Sprites,Shade,https://opengameart.org/content/miniworld-sprites,CC0 1.0,
07-town-indoor/mw-purpletaverns-purple.png,町・屋内,MiniWorld: Buildings/Purple/PurpleTaverns,48,64,16,OpenGameArt,MiniWorld Sprites,Shade,https://opengameart.org/content/miniworld-sprites,CC0 1.0,
07-town-indoor/mw-purpletower-purple.png,町・屋内,MiniWorld: Buildings/Purple/PurpleTower,48,96,15,OpenGameArt,MiniWorld Sprites,Shade,https://opengameart.org/content/miniworld-sprites,CC0 1.0,
07-town-indoor/mw-purplewell-purple.png,町・屋内,MiniWorld: Buildings/Purple/PurpleWell,48,32,13,OpenGameArt,MiniWorld Sprites,Shade,https://opengameart.org/content/miniworld-sprites,CC0 1.0,
07-town-indoor/mw-purpleworkshops-purple.png,町・屋内,MiniWorld: Buildings/Purple/PurpleWorkshops,48,48,17,OpenGameArt,MiniWorld Sprites,Shade,https://opengameart.org/content/miniworld-sprites,CC0 1.0,
07-town-indoor/mw-redbarracks-red.png,町・屋内,MiniWorld: Buildings/Red/RedBarracks,64,80,20,OpenGameArt,MiniWorld Sprites,Shade,https://opengameart.org/content/miniworld-sprites,CC0 1.0,
07-town-indoor/mw-reddocks-red.png,町・屋内,MiniWorld: Buildings/Red/RedDocks,64,32,15,OpenGameArt,MiniWorld Sprites,Shade,https://opengameart.org/content/miniworld-sprites,CC0 1.0,
07-town-indoor/mw-redhouses-red.png,町・屋内,MiniWorld: Buildings/Red/RedHouses,48,64,16,OpenGameArt,MiniWorld Sprites,Shade,https://opengameart.org/content/miniworld-sprites,CC0 1.0,
07-town-indoor/mw-redhuts-red.png,町・屋内,MiniWorld: Buildings/Red/RedHuts,80,16,10,OpenGameArt,MiniWorld Sprites,Shade,https://opengameart.org/content/miniworld-sprites,CC0 1.0,
07-town-indoor/mw-redmarket-red.png,町・屋内,MiniWorld: Buildings/Red/RedMarket,48,64,34,OpenGameArt,MiniWorld Sprites,Shade,https://opengameart.org/content/miniworld-sprites,CC0 1.0,
07-town-indoor/mw-redresources-red.png,町・屋内,MiniWorld: Buildings/Red/RedResources,48,80,22,OpenGameArt,MiniWorld Sprites,Shade,https://opengameart.org/content/miniworld-sprites,CC0 1.0,
07-town-indoor/mw-redworkshops-red.png,町・屋内,MiniWorld: Buildings/Red/RedWorkshops,48,48,16,OpenGameArt,MiniWorld Sprites,Shade,https://opengameart.org/content/miniworld-sprites,CC0 1.0,
01-characters/mw-axemancyan-cyanmelee.png,キャラクター,MiniWorld: Characters/Soldiers/Melee/CyanMelee/AxemanCyan,96,96,9,OpenGameArt,MiniWorld Sprites,Shade,https://opengameart.org/content/miniworld-sprites,CC0 1.0,
01-characters/mw-spearmancyan-cyanmelee.png,キャラクター,MiniWorld: Characters/Soldiers/Melee/CyanMelee/SpearmanCyan,80,224,12,OpenGameArt,MiniWorld Sprites,Shade,https://opengameart.org/content/miniworld-sprites,CC0 1.0,
01-characters/mw-swordsmancyan-cyanmelee.png,キャラクター,MiniWorld: Characters/Soldiers/Melee/CyanMelee/SwordsmanCyan,80,192,13,OpenGameArt,MiniWorld Sprites,Shade,https://opengameart.org/content/miniworld-sprites,CC0 1.0,
01-characters/mw-assasinlime-limemelee.png,キャラクター,MiniWorld: Characters/Soldiers/Melee/LimeMelee/AssasinLime,80,192,7,OpenGameArt,MiniWorld Sprites,Shade,https://opengameart.org/content/miniworld-sprites,CC0 1.0,
01-characters/mw-axemanlime-limemelee.png,キャラクター,MiniWorld: Characters/Soldiers/Melee/LimeMelee/AxemanLime,96,96,9,OpenGameArt,MiniWorld Sprites,Shade,https://opengameart.org/content/miniworld-sprites,CC0 1.0,
01-characters/mw-swordsmanlime-limemelee.png,キャラクター,MiniWorld: Characters/Soldiers/Melee/LimeMelee/SwordsmanLime,80,192,13,OpenGameArt,MiniWorld Sprites,Shade,https://opengameart.org/content/miniworld-sprites,CC0 1.0,
01-characters/mw-assasinpurple-purplemelee.png,キャラクター,MiniWorld: Characters/Soldiers/Melee/PurpleMelee/AssasinPurple,80,192,7,OpenGameArt,MiniWorld Sprites,Shade,https://opengameart.org/content/miniworld-sprites,CC0 1.0,
01-characters/mw-spearmanpurple-purplemelee.png,キャラクター,MiniWorld: Characters/Soldiers/Melee/PurpleMelee/SpearmanPurple,80,224,12,OpenGameArt,MiniWorld Sprites,Shade,https://opengameart.org/content/miniworld-sprites,CC0 1.0,
01-characters/mw-swordsmanpurple-purplemelee.png,キャラクター,MiniWorld: Characters/Soldiers/Melee/PurpleMelee/SwordsmanPurple,80,192,13,OpenGameArt,MiniWorld Sprites,Shade,https://opengameart.org/content/miniworld-sprites,CC0 1.0,
01-characters/mw-assasinred-redmelee.png,キャラクター,MiniWorld: Characters/Soldiers/Melee/RedMelee/AssasinRed,80,192,7,OpenGameArt,MiniWorld Sprites,Shade,https://opengameart.org/content/miniworld-sprites,CC0 1.0,
01-characters/mw-axemanred-redmelee.png,キャラクター,MiniWorld: Characters/Soldiers/Melee/RedMelee/AxemanRed,96,96,9,OpenGameArt,MiniWorld Sprites,Shade,https://opengameart.org/content/miniworld-sprites,CC0 1.0,
01-characters/mw-spearmanred-redmelee.png,キャラクター,MiniWorld: Characters/Soldiers/Melee/RedMelee/SpearmanRed,80,224,12,OpenGameArt,MiniWorld Sprites,Shade,https://opengameart.org/content/miniworld-sprites,CC0 1.0,
01-characters/mw-cyanknight-mounted.png,キャラクター,MiniWorld: Characters/Soldiers/Mounted/CyanKnight,128,384,17,OpenGameArt,MiniWorld Sprites,Shade,https://opengameart.org/content/miniworld-sprites,CC0 1.0,
01-characters/mw-limeknight-mounted.png,キャラクター,MiniWorld: Characters/Soldiers/Mounted/LimeKnight,128,384,17,OpenGameArt,MiniWorld Sprites,Shade,https://opengameart.org/content/miniworld-sprites,CC0 1.0,
01-characters/mw-bowmancyan-cyanranged.png,キャラクター,MiniWorld: Characters/Soldiers/Ranged/CyanRanged/BowmanCyan,80,128,12,OpenGameArt,MiniWorld Sprites,Shade,https://opengameart.org/content/miniworld-sprites,CC0 1.0,
01-characters/mw-magecyan-cyanranged.png,キャラクター,MiniWorld: Characters/Soldiers/Ranged/CyanRanged/MageCyan,96,128,5,OpenGameArt,MiniWorld Sprites,Shade,https://opengameart.org/content/miniworld-sprites,CC0 1.0,
01-characters/mw-musketeercyan-cyanranged.png,キャラクター,MiniWorld: Characters/Soldiers/Ranged/CyanRanged/MusketeerCyan,80,128,13,OpenGameArt,MiniWorld Sprites,Shade,https://opengameart.org/content/miniworld-sprites,CC0 1.0,
01-characters/mw-bowmanlime-limeranged.png,キャラクター,MiniWorld: Characters/Soldiers/Ranged/LimeRanged/BowmanLime,80,128,12,OpenGameArt,MiniWorld Sprites,Shade,https://opengameart.org/content/miniworld-sprites,CC0 1.0,
01-characters/mw-magelime-limeranged.png,キャラクター,MiniWorld: Characters/Soldiers/Ranged/LimeRanged/MageLime,96,128,5,OpenGameArt,MiniWorld Sprites,Shade,https://opengameart.org/content/miniworld-sprites,CC0 1.0,
01-characters/mw-musketeerlime-limeranged.png,キャラクター,MiniWorld: Characters/Soldiers/Ranged/LimeRanged/MusketeerLime,80,128,13,OpenGameArt,MiniWorld Sprites,Shade,https://opengameart.org/content/miniworld-sprites,CC0 1.0,
01-characters/mw-bowmanpurple-purpleranged.png,キャラクター,MiniWorld: Characters/Soldiers/Ranged/PurpleRanged/BowmanPurple,80,128,12,OpenGameArt,MiniWorld Sprites,Shade,https://opengameart.org/content/miniworld-sprites,CC0 1.0,
01-characters/mw-magepurple-purpleranged.png,キャラクター,MiniWorld: Characters/Soldiers/Ranged/PurpleRanged/MagePurple,96,128,5,OpenGameArt,MiniWorld Sprites,Shade,https://opengameart.org/content/miniworld-sprites,CC0 1.0,
01-characters/mw-musketeerpurple-purpleranged.png,キャラクター,MiniWorld: Characters/Soldiers/Ranged/PurpleRanged/MusketeerPurple,80,128,13,OpenGameArt,MiniWorld Sprites,Shade,https://opengameart.org/content/miniworld-sprites,CC0 1.0,
01-characters/mw-musketeerred-redranged.png,キャラクター,MiniWorld: Characters/Soldiers/Ranged/RedRanged/MusketeerRed,80,128,13,OpenGameArt,MiniWorld Sprites,Shade,https://opengameart.org/content/miniworld-sprites,CC0 1.0,
01-characters/mw-farmerlime-limeworker.png,キャラクター,MiniWorld: Characters/Workers/LimeWorker/FarmerLime,80,192,10,OpenGameArt,MiniWorld Sprites,Shade,https://opengameart.org/content/miniworld-sprites,CC0 1.0,
01-characters/mw-farmerpurple-purpleworker.png,キャラクター,MiniWorld: Characters/Workers/PurpleWorker/FarmerPurple,80,192,10,OpenGameArt,MiniWorld Sprites,Shade,https://opengameart.org/content/miniworld-sprites,CC0 1.0,
01-characters/mw-farmerred-redworker.png,キャラクター,MiniWorld: Characters/Workers/RedWorker/FarmerRed,80,192,10,OpenGameArt,MiniWorld Sprites,Shade,https://opengameart.org/content/miniworld-sprites,CC0 1.0,
08-objects-items/mw-arrowshort-objects.png,小物・アイテム・乗り物,MiniWorld: Objects/ArrowShort,32,32,5,OpenGameArt,MiniWorld Sprites,Shade,https://opengameart.org/content/miniworld-sprites,CC0 1.0,
08-objects-items/mw-shortbig-objects.png,小物・アイテム・乗り物,MiniWorld: Objects/ShortBig,32,16,6,OpenGameArt,MiniWorld Sprites,Shade,https://opengameart.org/content/miniworld-sprites,CC0 1.0,
02-monsters/oga-1-bit-doomcryp-bladevamp1.png,モンスター,1bitの1点: BladeVamp1,32,32,2,OpenGameArt,1-Bit Doomcrypt Kit,B77345-100,https://opengameart.org/content/1-bit-doomcrypt-kit,CC0 1.0,
02-monsters/oga-1-bit-doomcryp-ghoul1.png,モンスター,1bitの1点: Ghoul1,32,32,2,OpenGameArt,1-Bit Doomcrypt Kit,B77345-100,https://opengameart.org/content/1-bit-doomcrypt-kit,CC0 1.0,
02-monsters/oga-1-bit-doomcryp-macevamp1.png,モンスター,1bitの1点: MaceVamp1,32,32,2,OpenGameArt,1-Bit Doomcrypt Kit,B77345-100,https://opengameart.org/content/1-bit-doomcrypt-kit,CC0 1.0,
01-characters/oga-1-bit-doomcryp-staffhero1.png,キャラクター,1bitの1点: StaffHero1,32,32,2,OpenGameArt,1-Bit Doomcrypt Kit,B77345-100,https://opengameart.org/content/1-bit-doomcrypt-kit,CC0 1.0,
01-characters/oga-1-bit-doomcryp-staffheroine1.png,キャラクター,1bitの1点: StaffHeroine1,32,32,2,OpenGameArt,1-Bit Doomcrypt Kit,B77345-100,https://opengameart.org/content/1-bit-doomcrypt-kit,CC0 1.0,
02-monsters/oga-1-bit-doomcryp-vamp1.png,モンスター,1bitの1点: Vamp1,32,32,2,OpenGameArt,1-Bit Doomcrypt Kit,B77345-100,https://opengameart.org/content/1-bit-doomcrypt-kit,CC0 1.0,
02-monsters/oga-1-bit-doomland-goblin1.png,モンスター,1bitの1点: Goblin1,32,32,2,OpenGameArt,1-Bit Doomland Kit,B77345-100,https://opengameart.org/content/1-bit-doomland-kit,CC0 1.0,
02-monsters/oga-1-bit-doomland-orcbrute1.png,モンスター,1bitの1点: OrcBrute1,32,32,2,OpenGameArt,1-Bit Doomland Kit,B77345-100,https://opengameart.org/content/1-bit-doomland-kit,CC0 1.0,
02-monsters/oga-1-bit-doomland-orcgrunt1.png,モンスター,1bitの1点: OrcGrunt1,32,32,2,OpenGameArt,1-Bit Doomland Kit,B77345-100,https://opengameart.org/content/1-bit-doomland-kit,CC0 1.0,
01-characters/oga-1-bit-doomland-spearhero1.png,キャラクター,1bitの1点: SpearHero1,32,32,2,OpenGameArt,1-Bit Doomland Kit,B77345-100,https://opengameart.org/content/1-bit-doomland-kit,CC0 1.0,
01-characters/oga-1-bit-doomland-spearheroine1.png,キャラクター,1bitの1点: SpearHeroine1,32,32,2,OpenGameArt,1-Bit Doomland Kit,B77345-100,https://opengameart.org/content/1-bit-doomland-kit,CC0 1.0,
08-objects-items/oga-1-bit-doomland-chest1.png,小物・アイテム・乗り物,1bitの1点: Chest1,24,24,2,OpenGameArt,1-Bit Doomland Kit,B77345-100,https://opengameart.org/content/1-bit-doomland-kit,CC0 1.0,
08-objects-items/oga-1-bit-doomland-chest2.png,小物・アイテム・乗り物,1bitの1点: Chest2,24,24,2,OpenGameArt,1-Bit Doomland Kit,B77345-100,https://opengameart.org/content/1-bit-doomland-kit,CC0 1.0,
08-objects-items/oga-1-bit-doomland-chest3.png,小物・アイテム・乗り物,1bitの1点: Chest3,24,24,2,OpenGameArt,1-Bit Doomland Kit,B77345-100,https://opengameart.org/content/1-bit-doomland-kit,CC0 1.0,
08-objects-items/oga-1-bit-doomland-chest4.png,小物・アイテム・乗り物,1bitの1点: Chest4,24,24,2,OpenGameArt,1-Bit Doomland Kit,B77345-100,https://opengameart.org/content/1-bit-doomland-kit,CC0 1.0,
01-characters/oga-1-bit-doomgeon-hero1.png,キャラクター,1bitの1点: Hero1,32,32,2,OpenGameArt,1-Bit Doomgeon Kit,B77345-100,https://opengameart.org/content/1-bit-doomgeon-kit,CC0 1.0,
01-characters/oga-1-bit-doomgeon-heroine1.png,キャラクター,1bitの1点: Heroine1,32,32,2,OpenGameArt,1-Bit Doomgeon Kit,B77345-100,https://opengameart.org/content/1-bit-doomgeon-kit,CC0 1.0,
02-monsters/oga-1-bit-doomgeon-pumpkin1.png,モンスター,1bitの1点: Pumpkin1,32,32,2,OpenGameArt,1-Bit Doomgeon Kit,B77345-100,https://opengameart.org/content/1-bit-doomgeon-kit,CC0 1.0,
02-monsters/oga-1-bit-doomgeon-skelet1.png,モンスター,1bitの1点: Skelet1,32,32,2,OpenGameArt,1-Bit Doomgeon Kit,B77345-100,https://opengameart.org/content/1-bit-doomgeon-kit,CC0 1.0,
02-monsters/oga-1-bit-doomgeon-spearskelet1.png,モンスター,1bitの1点: SpearSkelet1,32,32,2,OpenGameArt,1-Bit Doomgeon Kit,B77345-100,https://opengameart.org/content/1-bit-doomgeon-kit,CC0 1.0,
02-monsters/oga-1-bit-doomgeon-swordskelet1.png,モンスター,1bitの1点: SwordSkelet1,32,32,2,OpenGameArt,1-Bit Doomgeon Kit,B77345-100,https://opengameart.org/content/1-bit-doomgeon-kit,CC0 1.0,
08-objects-items/oga-1-bit-doomgeon-key1.png,小物・アイテム・乗り物,1bitの1点: Key1,24,24,2,OpenGameArt,1-Bit Doomgeon Kit,B77345-100,https://opengameart.org/content/1-bit-doomgeon-kit,CC0 1.0,
08-objects-items/oga-1-bit-doomgeon-key2.png,小物・アイテム・乗り物,1bitの1点: Key2,24,24,2,OpenGameArt,1-Bit Doomgeon Kit,B77345-100,https://opengameart.org/content/1-bit-doomgeon-kit,CC0 1.0,
08-objects-items/oga-1-bit-doomgeon-key3.png,小物・アイテム・乗り物,1bitの1点: Key3,24,24,2,OpenGameArt,1-Bit Doomgeon Kit,B77345-100,https://opengameart.org/content/1-bit-doomgeon-kit,CC0 1.0,
08-objects-items/oga-1-bit-doomgeon-key4.png,小物・アイテム・乗り物,1bitの1点: Key4,24,24,2,OpenGameArt,1-Bit Doomgeon Kit,B77345-100,https://opengameart.org/content/1-bit-doomgeon-kit,CC0 1.0,
01-characters/puny-archer-purple.png,キャラクター,Puny Characters: Archer-Purple（8方向）,768,256,44,OpenGameArt,Puny Characters,Shade,https://opengameart.org/content/puny-characters,CC0 1.0,
01-characters/puny-human-soldier-red.png,キャラクター,Puny Characters: Human-Soldier-Red（8方向）,768,256,40,OpenGameArt,Puny Characters,Shade,https://opengameart.org/content/puny-characters,CC0 1.0,
01-characters/puny-human-worker-cyan.png,キャラクター,Puny Characters: Human-Worker-Cyan（8方向）,768,256,40,OpenGameArt,Puny Characters,Shade,https://opengameart.org/content/puny-characters,CC0 1.0,
01-characters/puny-mage-cyan.png,キャラクター,Puny Characters: Mage-Cyan（8方向）,768,256,40,OpenGameArt,Puny Characters,Shade,https://opengameart.org/content/puny-characters,CC0 1.0,
01-characters/puny-orc-grunt.png,キャラクター,Puny Characters: Orc-Grunt（8方向）,768,256,37,OpenGameArt,Puny Characters,Shade,https://opengameart.org/content/puny-characters,CC0 1.0,
01-characters/puny-orc-peon-cyan.png,キャラクター,Puny Characters: Orc-Peon-Cyan（8方向）,768,256,33,OpenGameArt,Puny Characters,Shade,https://opengameart.org/content/puny-characters,CC0 1.0,
01-characters/puny-orc-peon-red.png,キャラクター,Puny Characters: Orc-Peon-Red（8方向）,768,256,36,OpenGameArt,Puny Characters,Shade,https://opengameart.org/content/puny-characters,CC0 1.0,
01-characters/puny-orc-soldier-cyan.png,キャラクター,Puny Characters: Orc-Soldier-Cyan（8方向）,768,256,40,OpenGameArt,Puny Characters,Shade,https://opengameart.org/content/puny-characters,CC0 1.0,
01-characters/puny-orc-soldier-red.png,キャラクター,Puny Characters: Orc-Soldier-Red（8方向）,768,256,40,OpenGameArt,Puny Characters,Shade,https://opengameart.org/content/puny-characters,CC0 1.0,
01-characters/puny-slime.png,キャラクター,Puny Characters: Slime（8方向）,480,32,10,OpenGameArt,Puny Characters,Shade,https://opengameart.org/content/puny-characters,CC0 1.0,
01-characters/puny-soldier-red.png,キャラクター,Puny Characters: Soldier-Red（8方向）,768,256,42,OpenGameArt,Puny Characters,Shade,https://opengameart.org/content/puny-characters,CC0 1.0,
01-characters/puny-soldier-yellow.png,キャラクター,Puny Characters: Soldier-Yellow（8方向）,768,256,42,OpenGameArt,Puny Characters,Shade,https://opengameart.org/content/puny-characters,CC0 1.0,
01-characters/puny-warrior-red.png,キャラクター,Puny Characters: Warrior-Red（8方向）,768,256,43,OpenGameArt,Puny Characters,Shade,https://opengameart.org/content/puny-characters,CC0 1.0,
02-monsters/oga-battler-floatguy01.png,モンスター,正面向きの魔物: Floatguy01,144,144,9,OpenGameArt,Singular Direction Monsters + Battlers,Some Weirdo,https://opengameart.org/content/singular-direction-monsters-battlers,CC0 1.0,
02-monsters/oga-battler-floatguy03.png,モンスター,正面向きの魔物: Floatguy03,144,144,9,OpenGameArt,Singular Direction Monsters + Battlers,Some Weirdo,https://opengameart.org/content/singular-direction-monsters-battlers,CC0 1.0,
02-monsters/oga-battler-zombiemage01.png,モンスター,正面向きの魔物: ZombieMage01,144,144,9,OpenGameArt,Singular Direction Monsters + Battlers,Some Weirdo,https://opengameart.org/content/singular-direction-monsters-battlers,CC0 1.0,
02-monsters/oga-battler-zombiemage03.png,モンスター,正面向きの魔物: ZombieMage03,144,144,7,OpenGameArt,Singular Direction Monsters + Battlers,Some Weirdo,https://opengameart.org/content/singular-direction-monsters-battlers,CC0 1.0,
02-monsters/oga-nats-creatures-seagull-idleanimfull.png,モンスター,8×8の素材: Creatures/Seagull/IdleAnimFull,72,8,9,OpenGameArt,Nat's 8x8 Starter Pack,nateonus,https://opengameart.org/content/nats-8x8-starter-pack,CC0 1.0,
02-monsters/oga-nats-atures-seagull-idletilesheetnoanim.png,モンスター,8×8の素材: Creatures/Seagull/IdleTilesheetNoAnim,40,8,9,OpenGameArt,Nat's 8x8 Starter Pack,nateonus,https://opengameart.org/content/nats-8x8-starter-pack,CC0 1.0,
02-monsters/oga-nats-creatures-sheep-sheepanimrun.png,モンスター,8×8の素材: Creatures/Sheep/SheepAnimRun,32,8,8,OpenGameArt,Nat's 8x8 Starter Pack,nateonus,https://opengameart.org/content/nats-8x8-starter-pack,CC0 1.0,
02-monsters/oga-nats-tures-sheep-sheepidletilesetnoanim.png,モンスター,8×8の素材: Creatures/Sheep/SheepIdleTileSetNoAnim,40,8,8,OpenGameArt,Nat's 8x8 Starter Pack,nateonus,https://opengameart.org/content/nats-8x8-starter-pack,CC0 1.0,
02-monsters/oga-nats-res-willow-xoxo-doganimliedownloop.png,モンスター,8×8の素材: Creatures/Willow xoxo/DogAnimLieDownLoop,32,8,6,OpenGameArt,Nat's 8x8 Starter Pack,nateonus,https://opengameart.org/content/nats-8x8-starter-pack,CC0 1.0,
02-monsters/oga-nats-res-willow-xoxo-doganimstatictolie.png,モンスター,8×8の素材: Creatures/Willow xoxo/DogAnimStaticToLieDown,32,8,6,OpenGameArt,Nat's 8x8 Starter Pack,nateonus,https://opengameart.org/content/nats-8x8-starter-pack,CC0 1.0,
02-monsters/oga-nats-creatures-willow-xoxo-dogstatic.png,モンスター,8×8の素材: Creatures/Willow xoxo/DogStatic,8,8,6,OpenGameArt,Nat's 8x8 Starter Pack,nateonus,https://opengameart.org/content/nats-8x8-starter-pack,CC0 1.0,
02-monsters/oga-nats-res-willow-xoxo-dogtilesheetnoanim.png,モンスター,8×8の素材: Creatures/Willow xoxo/DogTileSheetNoAnim,72,8,6,OpenGameArt,Nat's 8x8 Starter Pack,nateonus,https://opengameart.org/content/nats-8x8-starter-pack,CC0 1.0,
04-field/oga-nats-tiles-grass-dirt-grasstilesscenery.png,フィールド,8×8の素材: Tiles/Grass&Dirt/GrassTilesScenery,32,40,51,OpenGameArt,Nat's 8x8 Starter Pack,nateonus,https://opengameart.org/content/nats-8x8-starter-pack,CC0 1.0,
04-field/oga-nats-tiles-sand-sandtilescubic.png,フィールド,8×8の素材: Tiles/Sand/SandTilesCubic,48,48,14,OpenGameArt,Nat's 8x8 Starter Pack,nateonus,https://opengameart.org/content/nats-8x8-starter-pack,CC0 1.0,
04-field/oga-nats-tiles-sky.png,フィールド,8×8の素材: Tiles/Sky,8,8,6,OpenGameArt,Nat's 8x8 Starter Pack,nateonus,https://opengameart.org/content/nats-8x8-starter-pack,CC0 1.0,
04-field/oga-nats-tiles-stone-recolored-stonetiles.png,フィールド,8×8の素材: Tiles/Stone/Recolored/StoneTiles,48,48,14,OpenGameArt,Nat's 8x8 Starter Pack,nateonus,https://opengameart.org/content/nats-8x8-starter-pack,CC0 1.0,
04-field/oga-nats-es-stone-recolored-stonetilescubic.png,フィールド,8×8の素材: Tiles/Stone/Recolored/StoneTilesCubic,48,48,13,OpenGameArt,Nat's 8x8 Starter Pack,nateonus,https://opengameart.org/content/nats-8x8-starter-pack,CC0 1.0,
04-field/oga-nats-tiles-stone-stonetilescubic.png,フィールド,8×8の素材: Tiles/Stone/StoneTilesCubic,48,48,13,OpenGameArt,Nat's 8x8 Starter Pack,nateonus,https://opengameart.org/content/nats-8x8-starter-pack,CC0 1.0,
09-effects/oga-nats-tiles-water-watertilestatic.png,エフェクト,8×8の素材: Tiles/Water/WaterTileStatic,8,8,10,OpenGameArt,Nat's 8x8 Starter Pack,nateonus,https://opengameart.org/content/nats-8x8-starter-pack,CC0 1.0,
09-effects/oga-nats-tiles-water-watertopanimated.png,エフェクト,8×8の素材: Tiles/Water/WaterTopAnimated,64,8,10,OpenGameArt,Nat's 8x8 Starter Pack,nateonus,https://opengameart.org/content/nats-8x8-starter-pack,CC0 1.0,
10-parts/pipoya-part-clothes-001.png,組み立て用の部品,キャラ組み立て用の部品（男女・服）: 女_服001_一般人。96×128（32×32×4方向×3コマ）,96,128,16,ぴぽや倉庫,ぴぽや32×32グラフィック合成器用パーツ（キャラを組み立てる部品）,ぴぽや,https://pipoya.net/sozai/assets/charachip/character-chip-2/,ぴぽや 無料素材利用規約,
10-parts/pipoya-part-clothes-002.png,組み立て用の部品,キャラ組み立て用の部品（男女・服）: 女_服002_一般人。96×128（32×32×4方向×3コマ）,96,128,16,ぴぽや倉庫,ぴぽや32×32グラフィック合成器用パーツ（キャラを組み立てる部品）,ぴぽや,https://pipoya.net/sozai/assets/charachip/character-chip-2/,ぴぽや 無料素材利用規約,
10-parts/pipoya-part-clothes-004.png,組み立て用の部品,キャラ組み立て用の部品（男女・服）: 女_服004_王妃。96×128（32×32×4方向×3コマ）,96,128,12,ぴぽや倉庫,ぴぽや32×32グラフィック合成器用パーツ（キャラを組み立てる部品）,ぴぽや,https://pipoya.net/sozai/assets/charachip/character-chip-2/,ぴぽや 無料素材利用規約,
10-parts/pipoya-part-clothes-005.png,組み立て用の部品,キャラ組み立て用の部品（男女・服）: 女_服005_勇者。96×128（32×32×4方向×3コマ）,96,128,17,ぴぽや倉庫,ぴぽや32×32グラフィック合成器用パーツ（キャラを組み立てる部品）,ぴぽや,https://pipoya.net/sozai/assets/charachip/character-chip-2/,ぴぽや 無料素材利用規約,
10-parts/pipoya-part-clothes-007.png,組み立て用の部品,キャラ組み立て用の部品（男女・服）: 女_服007_魔女。96×128（32×32×4方向×3コマ）,96,128,19,ぴぽや倉庫,ぴぽや32×32グラフィック合成器用パーツ（キャラを組み立てる部品）,ぴぽや,https://pipoya.net/sozai/assets/charachip/character-chip-2/,ぴぽや 無料素材利用規約,
10-parts/pipoya-part-clothes-009.png,組み立て用の部品,キャラ組み立て用の部品（男女・服）: 女_服009_盗賊。96×128（32×32×4方向×3コマ）,96,128,13,ぴぽや倉庫,ぴぽや32×32グラフィック合成器用パーツ（キャラを組み立てる部品）,ぴぽや,https://pipoya.net/sozai/assets/charachip/character-chip-2/,ぴぽや 無料素材利用規約,
10-parts/pipoya-part-clothes-010.png,組み立て用の部品,キャラ組み立て用の部品（男女・服）: 女_服010_下着-01。96×128（32×32×4方向×3コマ）,96,128,4,ぴぽや倉庫,ぴぽや32×32グラフィック合成器用パーツ（キャラを組み立てる部品）,ぴぽや,https://pipoya.net/sozai/assets/charachip/character-chip-2/,ぴぽや 無料素材利用規約,
10-parts/pipoya-part-clothes-012.png,組み立て用の部品,キャラ組み立て用の部品（男女・服）: 女_服010_下着-03。96×128（32×32×4方向×3コマ）,96,128,4,ぴぽや倉庫,ぴぽや32×32グラフィック合成器用パーツ（キャラを組み立てる部品）,ぴぽや,https://pipoya.net/sozai/assets/charachip/character-chip-2/,ぴぽや 無料素材利用規約,
10-parts/pipoya-part-clothes-014.png,組み立て用の部品,キャラ組み立て用の部品（男女・服）: 女_服011_学生-02。96×128（32×32×4方向×3コマ）,96,128,14,ぴぽや倉庫,ぴぽや32×32グラフィック合成器用パーツ（キャラを組み立てる部品）,ぴぽや,https://pipoya.net/sozai/assets/charachip/character-chip-2/,ぴぽや 無料素材利用規約,
10-parts/pipoya-part-clothes-015.png,組み立て用の部品,キャラ組み立て用の部品（男女・服）: 女_服011_学生-03。96×128（32×32×4方向×3コマ）,96,128,14,ぴぽや倉庫,ぴぽや32×32グラフィック合成器用パーツ（キャラを組み立てる部品）,ぴぽや,https://pipoya.net/sozai/assets/charachip/character-chip-2/,ぴぽや 無料素材利用規約,
10-parts/pipoya-part-clothes-017.png,組み立て用の部品,キャラ組み立て用の部品（男女・服）: 女_服012_学生-02。96×128（32×32×4方向×3コマ）,96,128,17,ぴぽや倉庫,ぴぽや32×32グラフィック合成器用パーツ（キャラを組み立てる部品）,ぴぽや,https://pipoya.net/sozai/assets/charachip/character-chip-2/,ぴぽや 無料素材利用規約,
10-parts/pipoya-part-clothes-018.png,組み立て用の部品,キャラ組み立て用の部品（男女・服）: 女_服012_学生-03。96×128（32×32×4方向×3コマ）,96,128,17,ぴぽや倉庫,ぴぽや32×32グラフィック合成器用パーツ（キャラを組み立てる部品）,ぴぽや,https://pipoya.net/sozai/assets/charachip/character-chip-2/,ぴぽや 無料素材利用規約,
10-parts/pipoya-part-clothes-020.png,組み立て用の部品,キャラ組み立て用の部品（男女・服）: 女_服013_スーツ-02。96×128（32×32×4方向×3コマ）,96,128,8,ぴぽや倉庫,ぴぽや32×32グラフィック合成器用パーツ（キャラを組み立てる部品）,ぴぽや,https://pipoya.net/sozai/assets/charachip/character-chip-2/,ぴぽや 無料素材利用規約,
10-parts/pipoya-part-clothes-022.png,組み立て用の部品,キャラ組み立て用の部品（男女・服）: 女_服014_スーツ-01。96×128（32×32×4方向×3コマ）,96,128,9,ぴぽや倉庫,ぴぽや32×32グラフィック合成器用パーツ（キャラを組み立てる部品）,ぴぽや,https://pipoya.net/sozai/assets/charachip/character-chip-2/,ぴぽや 無料素材利用規約,
10-parts/pipoya-part-clothes-023.png,組み立て用の部品,キャラ組み立て用の部品（男女・服）: 女_服014_スーツ-02。96×128（32×32×4方向×3コマ）,96,128,9,ぴぽや倉庫,ぴぽや32×32グラフィック合成器用パーツ（キャラを組み立てる部品）,ぴぽや,https://pipoya.net/sozai/assets/charachip/character-chip-2/,ぴぽや 無料素材利用規約,
10-parts/pipoya-part-clothes-025.png,組み立て用の部品,キャラ組み立て用の部品（男女・服）: 女_服015_葉っぱ。96×128（32×32×4方向×3コマ）,96,128,4,ぴぽや倉庫,ぴぽや32×32グラフィック合成器用パーツ（キャラを組み立てる部品）,ぴぽや,https://pipoya.net/sozai/assets/charachip/character-chip-2/,ぴぽや 無料素材利用規約,
10-parts/pipoya-part-clothes-027.png,組み立て用の部品,キャラ組み立て用の部品（男女・服）: 女_服016_水着ビキニ-02。96×128（32×32×4方向×3コマ）,96,128,3,ぴぽや倉庫,ぴぽや32×32グラフィック合成器用パーツ（キャラを組み立てる部品）,ぴぽや,https://pipoya.net/sozai/assets/charachip/character-chip-2/,ぴぽや 無料素材利用規約,
10-parts/pipoya-part-clothes-028.png,組み立て用の部品,キャラ組み立て用の部品（男女・服）: 女_服017_水着ワンピース-01。96×128（32×32×4方向×3コマ）,96,128,6,ぴぽや倉庫,ぴぽや32×32グラフィック合成器用パーツ（キャラを組み立てる部品）,ぴぽや,https://pipoya.net/sozai/assets/charachip/character-chip-2/,ぴぽや 無料素材利用規約,
10-parts/pipoya-part-clothes-030.png,組み立て用の部品,キャラ組み立て用の部品（男女・服）: 女_服018_水着セクシー-01。96×128（32×32×4方向×3コマ）,96,128,3,ぴぽや倉庫,ぴぽや32×32グラフィック合成器用パーツ（キャラを組み立てる部品）,ぴぽや,https://pipoya.net/sozai/assets/charachip/character-chip-2/,ぴぽや 無料素材利用規約,
10-parts/pipoya-part-clothes-031.png,組み立て用の部品,キャラ組み立て用の部品（男女・服）: 女_服018_水着セクシー-02。96×128（32×32×4方向×3コマ）,96,128,3,ぴぽや倉庫,ぴぽや32×32グラフィック合成器用パーツ（キャラを組み立てる部品）,ぴぽや,https://pipoya.net/sozai/assets/charachip/character-chip-2/,ぴぽや 無料素材利用規約,
10-parts/pipoya-part-clothes-033.png,組み立て用の部品,キャラ組み立て用の部品（男女・服）: 女_服019_バスタオル-02。96×128（32×32×4方向×3コマ）,96,128,4,ぴぽや倉庫,ぴぽや32×32グラフィック合成器用パーツ（キャラを組み立てる部品）,ぴぽや,https://pipoya.net/sozai/assets/charachip/character-chip-2/,ぴぽや 無料素材利用規約,
10-parts/pipoya-part-clothes-035.png,組み立て用の部品,キャラ組み立て用の部品（男女・服）: 男_服002_一般人。96×128（32×32×4方向×3コマ）,96,128,18,ぴぽや倉庫,ぴぽや32×32グラフィック合成器用パーツ（キャラを組み立てる部品）,ぴぽや,https://pipoya.net/sozai/assets/charachip/character-chip-2/,ぴぽや 無料素材利用規約,
10-parts/pipoya-part-clothes-036.png,組み立て用の部品,キャラ組み立て用の部品（男女・服）: 男_服003_兵士-01。96×128（32×32×4方向×3コマ）,96,128,13,ぴぽや倉庫,ぴぽや32×32グラフィック合成器用パーツ（キャラを組み立てる部品）,ぴぽや,https://pipoya.net/sozai/assets/charachip/character-chip-2/,ぴぽや 無料素材利用規約,
10-parts/pipoya-part-clothes-038.png,組み立て用の部品,キャラ組み立て用の部品（男女・服）: 男_服003_兵士-03。96×128（32×32×4方向×3コマ）,96,128,13,ぴぽや倉庫,ぴぽや32×32グラフィック合成器用パーツ（キャラを組み立てる部品）,ぴぽや,https://pipoya.net/sozai/assets/charachip/character-chip-2/,ぴぽや 無料素材利用規約,
10-parts/pipoya-part-clothes-040.png,組み立て用の部品,キャラ組み立て用の部品（男女・服）: 男_服005_大臣。96×128（32×32×4方向×3コマ）,96,128,9,ぴぽや倉庫,ぴぽや32×32グラフィック合成器用パーツ（キャラを組み立てる部品）,ぴぽや,https://pipoya.net/sozai/assets/charachip/character-chip-2/,ぴぽや 無料素材利用規約,
10-parts/pipoya-part-clothes-041.png,組み立て用の部品,キャラ組み立て用の部品（男女・服）: 男_服006_王。96×128（32×32×4方向×3コマ）,96,128,15,ぴぽや倉庫,ぴぽや32×32グラフィック合成器用パーツ（キャラを組み立てる部品）,ぴぽや,https://pipoya.net/sozai/assets/charachip/character-chip-2/,ぴぽや 無料素材利用規約,
10-parts/pipoya-part-clothes-043.png,組み立て用の部品,キャラ組み立て用の部品（男女・服）: 男_服008_戦士。96×128（32×32×4方向×3コマ）,96,128,13,ぴぽや倉庫,ぴぽや32×32グラフィック合成器用パーツ（キャラを組み立てる部品）,ぴぽや,https://pipoya.net/sozai/assets/charachip/character-chip-2/,ぴぽや 無料素材利用規約,
10-parts/pipoya-part-clothes-045.png,組み立て用の部品,キャラ組み立て用の部品（男女・服）: 男_服010_僧侶。96×128（32×32×4方向×3コマ）,96,128,16,ぴぽや倉庫,ぴぽや32×32グラフィック合成器用パーツ（キャラを組み立てる部品）,ぴぽや,https://pipoya.net/sozai/assets/charachip/character-chip-2/,ぴぽや 無料素材利用規約,
10-parts/pipoya-part-clothes-046.png,組み立て用の部品,キャラ組み立て用の部品（男女・服）: 男_服011_盗賊。96×128（32×32×4方向×3コマ）,96,128,11,ぴぽや倉庫,ぴぽや32×32グラフィック合成器用パーツ（キャラを組み立てる部品）,ぴぽや,https://pipoya.net/sozai/assets/charachip/character-chip-2/,ぴぽや 無料素材利用規約,
10-parts/pipoya-part-clothes-048.png,組み立て用の部品,キャラ組み立て用の部品（男女・服）: 男_服012_下着-02。96×128（32×32×4方向×3コマ）,96,128,4,ぴぽや倉庫,ぴぽや32×32グラフィック合成器用パーツ（キャラを組み立てる部品）,ぴぽや,https://pipoya.net/sozai/assets/charachip/character-chip-2/,ぴぽや 無料素材利用規約,
10-parts/pipoya-part-clothes-049.png,組み立て用の部品,キャラ組み立て用の部品（男女・服）: 男_服012_下着-03。96×128（32×32×4方向×3コマ）,96,128,4,ぴぽや倉庫,ぴぽや32×32グラフィック合成器用パーツ（キャラを組み立てる部品）,ぴぽや,https://pipoya.net/sozai/assets/charachip/character-chip-2/,ぴぽや 無料素材利用規約,
10-parts/pipoya-part-clothes-051.png,組み立て用の部品,キャラ組み立て用の部品（男女・服）: 男_服013_学生-02。96×128（32×32×4方向×3コマ）,96,128,11,ぴぽや倉庫,ぴぽや32×32グラフィック合成器用パーツ（キャラを組み立てる部品）,ぴぽや,https://pipoya.net/sozai/assets/charachip/character-chip-2/,ぴぽや 無料素材利用規約,
10-parts/pipoya-part-clothes-053.png,組み立て用の部品,キャラ組み立て用の部品（男女・服）: 男_服014_学生-01。96×128（32×32×4方向×3コマ）,96,128,11,ぴぽや倉庫,ぴぽや32×32グラフィック合成器用パーツ（キャラを組み立てる部品）,ぴぽや,https://pipoya.net/sozai/assets/charachip/character-chip-2/,ぴぽや 無料素材利用規約,
10-parts/pipoya-part-clothes-054.png,組み立て用の部品,キャラ組み立て用の部品（男女・服）: 男_服014_学生-02。96×128（32×32×4方向×3コマ）,96,128,8,ぴぽや倉庫,ぴぽや32×32グラフィック合成器用パーツ（キャラを組み立てる部品）,ぴぽや,https://pipoya.net/sozai/assets/charachip/character-chip-2/,ぴぽや 無料素材利用規約,
10-parts/pipoya-part-clothes-056.png,組み立て用の部品,キャラ組み立て用の部品（男女・服）: 男_服015_スーツ-01。96×128（32×32×4方向×3コマ）,96,128,7,ぴぽや倉庫,ぴぽや32×32グラフィック合成器用パーツ（キャラを組み立てる部品）,ぴぽや,https://pipoya.net/sozai/assets/charachip/character-chip-2/,ぴぽや 無料素材利用規約,
10-parts/pipoya-part-clothes-058.png,組み立て用の部品,キャラ組み立て用の部品（男女・服）: 男_服015_スーツ-03。96×128（32×32×4方向×3コマ）,96,128,11,ぴぽや倉庫,ぴぽや32×32グラフィック合成器用パーツ（キャラを組み立てる部品）,ぴぽや,https://pipoya.net/sozai/assets/charachip/character-chip-2/,ぴぽや 無料素材利用規約,
10-parts/pipoya-part-clothes-059.png,組み立て用の部品,キャラ組み立て用の部品（男女・服）: 男_服016_スーツ-01。96×128（32×32×4方向×3コマ）,96,128,14,ぴぽや倉庫,ぴぽや32×32グラフィック合成器用パーツ（キャラを組み立てる部品）,ぴぽや,https://pipoya.net/sozai/assets/charachip/character-chip-2/,ぴぽや 無料素材利用規約,
10-parts/pipoya-part-clothes-061.png,組み立て用の部品,キャラ組み立て用の部品（男女・服）: 男_服016_スーツ-03。96×128（32×32×4方向×3コマ）,96,128,15,ぴぽや倉庫,ぴぽや32×32グラフィック合成器用パーツ（キャラを組み立てる部品）,ぴぽや,https://pipoya.net/sozai/assets/charachip/character-chip-2/,ぴぽや 無料素材利用規約,
10-parts/pipoya-part-clothes-062.png,組み立て用の部品,キャラ組み立て用の部品（男女・服）: 男_服017_葉っぱ。96×128（32×32×4方向×3コマ）,96,128,4,ぴぽや倉庫,ぴぽや32×32グラフィック合成器用パーツ（キャラを組み立てる部品）,ぴぽや,https://pipoya.net/sozai/assets/charachip/character-chip-2/,ぴぽや 無料素材利用規約,
10-parts/pipoya-part-clothes-064.png,組み立て用の部品,キャラ組み立て用の部品（男女・服）: 男_服018_水着短パン-02。96×128（32×32×4方向×3コマ）,96,128,3,ぴぽや倉庫,ぴぽや32×32グラフィック合成器用パーツ（キャラを組み立てる部品）,ぴぽや,https://pipoya.net/sozai/assets/charachip/character-chip-2/,ぴぽや 無料素材利用規約,
10-parts/pipoya-part-clothes-066.png,組み立て用の部品,キャラ組み立て用の部品（男女・服）: 男_服019_水着ブーメラン-02。96×128（32×32×4方向×3コマ）,96,128,3,ぴぽや倉庫,ぴぽや32×32グラフィック合成器用パーツ（キャラを組み立てる部品）,ぴぽや,https://pipoya.net/sozai/assets/charachip/character-chip-2/,ぴぽや 無料素材利用規約,
10-parts/pipoya-part-clothes-067.png,組み立て用の部品,キャラ組み立て用の部品（男女・服）: 男_服020_水着ふんどし-01。96×128（32×32×4方向×3コマ）,96,128,3,ぴぽや倉庫,ぴぽや32×32グラフィック合成器用パーツ（キャラを組み立てる部品）,ぴぽや,https://pipoya.net/sozai/assets/charachip/character-chip-2/,ぴぽや 無料素材利用規約,
10-parts/pipoya-part-clothes-069.png,組み立て用の部品,キャラ組み立て用の部品（男女・服）: 男_服021_タオル-01。96×128（32×32×4方向×3コマ）,96,128,4,ぴぽや倉庫,ぴぽや32×32グラフィック合成器用パーツ（キャラを組み立てる部品）,ぴぽや,https://pipoya.net/sozai/assets/charachip/character-chip-2/,ぴぽや 無料素材利用規約,
10-parts/pipoya-part-hair-001.png,組み立て用の部品,キャラ組み立て用の部品（男女・髪）: 女_髪001-01。96×128（32×32×4方向×3コマ）,96,128,7,ぴぽや倉庫,ぴぽや32×32グラフィック合成器用パーツ（キャラを組み立てる部品）,ぴぽや,https://pipoya.net/sozai/assets/charachip/character-chip-2/,ぴぽや 無料素材利用規約,
10-parts/pipoya-part-hair-002.png,組み立て用の部品,キャラ組み立て用の部品（男女・髪）: 女_髪001-02。96×128（32×32×4方向×3コマ）,96,128,7,ぴぽや倉庫,ぴぽや32×32グラフィック合成器用パーツ（キャラを組み立てる部品）,ぴぽや,https://pipoya.net/sozai/assets/charachip/character-chip-2/,ぴぽや 無料素材利用規約,
10-parts/pipoya-part-hair-004.png,組み立て用の部品,キャラ組み立て用の部品（男女・髪）: 女_髪002-02。96×128（32×32×4方向×3コマ）,96,128,4,ぴぽや倉庫,ぴぽや32×32グラフィック合成器用パーツ（キャラを組み立てる部品）,ぴぽや,https://pipoya.net/sozai/assets/charachip/character-chip-2/,ぴぽや 無料素材利用規約,
10-parts/pipoya-part-hair-005.png,組み立て用の部品,キャラ組み立て用の部品（男女・髪）: 女_髪003-01。96×128（32×32×4方向×3コマ）,96,128,4,ぴぽや倉庫,ぴぽや32×32グラフィック合成器用パーツ（キャラを組み立てる部品）,ぴぽや,https://pipoya.net/sozai/assets/charachip/character-chip-2/,ぴぽや 無料素材利用規約,
10-parts/pipoya-part-hair-007.png,組み立て用の部品,キャラ組み立て用の部品（男女・髪）: 女_髪004-01。96×128（32×32×4方向×3コマ）,96,128,4,ぴぽや倉庫,ぴぽや32×32グラフィック合成器用パーツ（キャラを組み立てる部品）,ぴぽや,https://pipoya.net/sozai/assets/charachip/character-chip-2/,ぴぽや 無料素材利用規約,
10-parts/pipoya-part-hair-009.png,組み立て用の部品,キャラ組み立て用の部品（男女・髪）: 女_髪005-01。96×128（32×32×4方向×3コマ）,96,128,4,ぴぽや倉庫,ぴぽや32×32グラフィック合成器用パーツ（キャラを組み立てる部品）,ぴぽや,https://pipoya.net/sozai/assets/charachip/character-chip-2/,ぴぽや 無料素材利用規約,
10-parts/pipoya-part-hair-010.png,組み立て用の部品,キャラ組み立て用の部品（男女・髪）: 女_髪005-02。96×128（32×32×4方向×3コマ）,96,128,4,ぴぽや倉庫,ぴぽや32×32グラフィック合成器用パーツ（キャラを組み立てる部品）,ぴぽや,https://pipoya.net/sozai/assets/charachip/character-chip-2/,ぴぽや 無料素材利用規約,
10-parts/pipoya-part-hair-012.png,組み立て用の部品,キャラ組み立て用の部品（男女・髪）: 女_髪006-02。96×128（32×32×4方向×3コマ）,96,128,4,ぴぽや倉庫,ぴぽや32×32グラフィック合成器用パーツ（キャラを組み立てる部品）,ぴぽや,https://pipoya.net/sozai/assets/charachip/character-chip-2/,ぴぽや 無料素材利用規約,
10-parts/pipoya-part-hair-014.png,組み立て用の部品,キャラ組み立て用の部品（男女・髪）: 女_髪007-02。96×128（32×32×4方向×3コマ）,96,128,4,ぴぽや倉庫,ぴぽや32×32グラフィック合成器用パーツ（キャラを組み立てる部品）,ぴぽや,https://pipoya.net/sozai/assets/charachip/character-chip-2/,ぴぽや 無料素材利用規約,
10-parts/pipoya-part-hair-015.png,組み立て用の部品,キャラ組み立て用の部品（男女・髪）: 女_髪008-01。96×128（32×32×4方向×3コマ）,96,128,4,ぴぽや倉庫,ぴぽや32×32グラフィック合成器用パーツ（キャラを組み立てる部品）,ぴぽや,https://pipoya.net/sozai/assets/charachip/character-chip-2/,ぴぽや 無料素材利用規約,
10-parts/pipoya-part-hair-017.png,組み立て用の部品,キャラ組み立て用の部品（男女・髪）: 女_髪009-01。96×128（32×32×4方向×3コマ）,96,128,4,ぴぽや倉庫,ぴぽや32×32グラフィック合成器用パーツ（キャラを組み立てる部品）,ぴぽや,https://pipoya.net/sozai/assets/charachip/character-chip-2/,ぴぽや 無料素材利用規約,
10-parts/pipoya-part-hair-019.png,組み立て用の部品,キャラ組み立て用の部品（男女・髪）: 女_髪010-01。96×128（32×32×4方向×3コマ）,96,128,4,ぴぽや倉庫,ぴぽや32×32グラフィック合成器用パーツ（キャラを組み立てる部品）,ぴぽや,https://pipoya.net/sozai/assets/charachip/character-chip-2/,ぴぽや 無料素材利用規約,
10-parts/pipoya-part-hair-020.png,組み立て用の部品,キャラ組み立て用の部品（男女・髪）: 女_髪010-02。96×128（32×32×4方向×3コマ）,96,128,4,ぴぽや倉庫,ぴぽや32×32グラフィック合成器用パーツ（キャラを組み立てる部品）,ぴぽや,https://pipoya.net/sozai/assets/charachip/character-chip-2/,ぴぽや 無料素材利用規約,
10-parts/pipoya-part-hair-022.png,組み立て用の部品,キャラ組み立て用の部品（男女・髪）: 女_髪011-02。96×128（32×32×4方向×3コマ）,96,128,4,ぴぽや倉庫,ぴぽや32×32グラフィック合成器用パーツ（キャラを組み立てる部品）,ぴぽや,https://pipoya.net/sozai/assets/charachip/character-chip-2/,ぴぽや 無料素材利用規約,
10-parts/pipoya-part-hair-023.png,組み立て用の部品,キャラ組み立て用の部品（男女・髪）: 女_髪012-01。96×128（32×32×4方向×3コマ）,96,128,4,ぴぽや倉庫,ぴぽや32×32グラフィック合成器用パーツ（キャラを組み立てる部品）,ぴぽや,https://pipoya.net/sozai/assets/charachip/character-chip-2/,ぴぽや 無料素材利用規約,
10-parts/pipoya-part-hair-025.png,組み立て用の部品,キャラ組み立て用の部品（男女・髪）: 女_髪013-01。96×128（32×32×4方向×3コマ）,96,128,4,ぴぽや倉庫,ぴぽや32×32グラフィック合成器用パーツ（キャラを組み立てる部品）,ぴぽや,https://pipoya.net/sozai/assets/charachip/character-chip-2/,ぴぽや 無料素材利用規約,
10-parts/pipoya-part-hair-027.png,組み立て用の部品,キャラ組み立て用の部品（男女・髪）: 女_髪014-01。96×128（32×32×4方向×3コマ）,96,128,4,ぴぽや倉庫,ぴぽや32×32グラフィック合成器用パーツ（キャラを組み立てる部品）,ぴぽや,https://pipoya.net/sozai/assets/charachip/character-chip-2/,ぴぽや 無料素材利用規約,
10-parts/pipoya-part-hair-028.png,組み立て用の部品,キャラ組み立て用の部品（男女・髪）: 女_髪014-02。96×128（32×32×4方向×3コマ）,96,128,4,ぴぽや倉庫,ぴぽや32×32グラフィック合成器用パーツ（キャラを組み立てる部品）,ぴぽや,https://pipoya.net/sozai/assets/charachip/character-chip-2/,ぴぽや 無料素材利用規約,
10-parts/pipoya-part-hair-030.png,組み立て用の部品,キャラ組み立て用の部品（男女・髪）: 女_髪015-02。96×128（32×32×4方向×3コマ）,96,128,4,ぴぽや倉庫,ぴぽや32×32グラフィック合成器用パーツ（キャラを組み立てる部品）,ぴぽや,https://pipoya.net/sozai/assets/charachip/character-chip-2/,ぴぽや 無料素材利用規約,
10-parts/pipoya-part-hair-032.png,組み立て用の部品,キャラ組み立て用の部品（男女・髪）: 女_髪016-02。96×128（32×32×4方向×3コマ）,96,128,6,ぴぽや倉庫,ぴぽや32×32グラフィック合成器用パーツ（キャラを組み立てる部品）,ぴぽや,https://pipoya.net/sozai/assets/charachip/character-chip-2/,ぴぽや 無料素材利用規約,
10-parts/pipoya-part-hair-033.png,組み立て用の部品,キャラ組み立て用の部品（男女・髪）: 女_髪017-01。96×128（32×32×4方向×3コマ）,96,128,4,ぴぽや倉庫,ぴぽや32×32グラフィック合成器用パーツ（キャラを組み立てる部品）,ぴぽや,https://pipoya.net/sozai/assets/charachip/character-chip-2/,ぴぽや 無料素材利用規約,
10-parts/pipoya-part-hair-035.png,組み立て用の部品,キャラ組み立て用の部品（男女・髪）: 女_髪018-01。96×128（32×32×4方向×3コマ）,96,128,4,ぴぽや倉庫,ぴぽや32×32グラフィック合成器用パーツ（キャラを組み立てる部品）,ぴぽや,https://pipoya.net/sozai/assets/charachip/character-chip-2/,ぴぽや 無料素材利用規約,
10-parts/pipoya-part-hair-036.png,組み立て用の部品,キャラ組み立て用の部品（男女・髪）: 女_髪018-02。96×128（32×32×4方向×3コマ）,96,128,4,ぴぽや倉庫,ぴぽや32×32グラフィック合成器用パーツ（キャラを組み立てる部品）,ぴぽや,https://pipoya.net/sozai/assets/charachip/character-chip-2/,ぴぽや 無料素材利用規約,
10-parts/pipoya-part-hair-038.png,組み立て用の部品,キャラ組み立て用の部品（男女・髪）: 女_髪019-02。96×128（32×32×4方向×3コマ）,96,128,4,ぴぽや倉庫,ぴぽや32×32グラフィック合成器用パーツ（キャラを組み立てる部品）,ぴぽや,https://pipoya.net/sozai/assets/charachip/character-chip-2/,ぴぽや 無料素材利用規約,
10-parts/pipoya-part-hair-040.png,組み立て用の部品,キャラ組み立て用の部品（男女・髪）: 男_髪001-02。96×128（32×32×4方向×3コマ）,96,128,4,ぴぽや倉庫,ぴぽや32×32グラフィック合成器用パーツ（キャラを組み立てる部品）,ぴぽや,https://pipoya.net/sozai/assets/charachip/character-chip-2/,ぴぽや 無料素材利用規約,
10-parts/pipoya-part-hair-041.png,組み立て用の部品,キャラ組み立て用の部品（男女・髪）: 男_髪002-01。96×128（32×32×4方向×3コマ）,96,128,4,ぴぽや倉庫,ぴぽや32×32グラフィック合成器用パーツ（キャラを組み立てる部品）,ぴぽや,https://pipoya.net/sozai/assets/charachip/character-chip-2/,ぴぽや 無料素材利用規約,
10-parts/pipoya-part-hair-043.png,組み立て用の部品,キャラ組み立て用の部品（男女・髪）: 男_髪003-01。96×128（32×32×4方向×3コマ）,96,128,4,ぴぽや倉庫,ぴぽや32×32グラフィック合成器用パーツ（キャラを組み立てる部品）,ぴぽや,https://pipoya.net/sozai/assets/charachip/character-chip-2/,ぴぽや 無料素材利用規約,
10-parts/pipoya-part-hair-045.png,組み立て用の部品,キャラ組み立て用の部品（男女・髪）: 男_髪004-01。96×128（32×32×4方向×3コマ）,96,128,4,ぴぽや倉庫,ぴぽや32×32グラフィック合成器用パーツ（キャラを組み立てる部品）,ぴぽや,https://pipoya.net/sozai/assets/charachip/character-chip-2/,ぴぽや 無料素材利用規約,
10-parts/pipoya-part-hair-046.png,組み立て用の部品,キャラ組み立て用の部品（男女・髪）: 男_髪004-02。96×128（32×32×4方向×3コマ）,96,128,4,ぴぽや倉庫,ぴぽや32×32グラフィック合成器用パーツ（キャラを組み立てる部品）,ぴぽや,https://pipoya.net/sozai/assets/charachip/character-chip-2/,ぴぽや 無料素材利用規約,
10-parts/pipoya-part-hair-048.png,組み立て用の部品,キャラ組み立て用の部品（男女・髪）: 男_髪005-02。96×128（32×32×4方向×3コマ）,96,128,4,ぴぽや倉庫,ぴぽや32×32グラフィック合成器用パーツ（キャラを組み立てる部品）,ぴぽや,https://pipoya.net/sozai/assets/charachip/character-chip-2/,ぴぽや 無料素材利用規約,
10-parts/pipoya-part-hair-049.png,組み立て用の部品,キャラ組み立て用の部品（男女・髪）: 男_髪005_鉢巻付-01。96×128（32×32×4方向×3コマ）,96,128,7,ぴぽや倉庫,ぴぽや32×32グラフィック合成器用パーツ（キャラを組み立てる部品）,ぴぽや,https://pipoya.net/sozai/assets/charachip/character-chip-2/,ぴぽや 無料素材利用規約,
10-parts/pipoya-part-hair-051.png,組み立て用の部品,キャラ組み立て用の部品（男女・髪）: 男_髪006-01。96×128（32×32×4方向×3コマ）,96,128,4,ぴぽや倉庫,ぴぽや32×32グラフィック合成器用パーツ（キャラを組み立てる部品）,ぴぽや,https://pipoya.net/sozai/assets/charachip/character-chip-2/,ぴぽや 無料素材利用規約,
10-parts/pipoya-part-hair-053.png,組み立て用の部品,キャラ組み立て用の部品（男女・髪）: 男_髪007-01。96×128（32×32×4方向×3コマ）,96,128,4,ぴぽや倉庫,ぴぽや32×32グラフィック合成器用パーツ（キャラを組み立てる部品）,ぴぽや,https://pipoya.net/sozai/assets/charachip/character-chip-2/,ぴぽや 無料素材利用規約,
10-parts/pipoya-part-hair-054.png,組み立て用の部品,キャラ組み立て用の部品（男女・髪）: 男_髪007-02。96×128（32×32×4方向×3コマ）,96,128,4,ぴぽや倉庫,ぴぽや32×32グラフィック合成器用パーツ（キャラを組み立てる部品）,ぴぽや,https://pipoya.net/sozai/assets/charachip/character-chip-2/,ぴぽや 無料素材利用規約,
10-parts/pipoya-part-hair-056.png,組み立て用の部品,キャラ組み立て用の部品（男女・髪）: 男_髪008-02。96×128（32×32×4方向×3コマ）,96,128,4,ぴぽや倉庫,ぴぽや32×32グラフィック合成器用パーツ（キャラを組み立てる部品）,ぴぽや,https://pipoya.net/sozai/assets/charachip/character-chip-2/,ぴぽや 無料素材利用規約,
10-parts/pipoya-part-hair-058.png,組み立て用の部品,キャラ組み立て用の部品（男女・髪）: 男_髪009-02。96×128（32×32×4方向×3コマ）,96,128,4,ぴぽや倉庫,ぴぽや32×32グラフィック合成器用パーツ（キャラを組み立てる部品）,ぴぽや,https://pipoya.net/sozai/assets/charachip/character-chip-2/,ぴぽや 無料素材利用規約,
10-parts/pipoya-part-hair-059.png,組み立て用の部品,キャラ組み立て用の部品（男女・髪）: 男_髪010-01。96×128（32×32×4方向×3コマ）,96,128,4,ぴぽや倉庫,ぴぽや32×32グラフィック合成器用パーツ（キャラを組み立てる部品）,ぴぽや,https://pipoya.net/sozai/assets/charachip/character-chip-2/,ぴぽや 無料素材利用規約,
10-parts/pipoya-part-hair-061.png,組み立て用の部品,キャラ組み立て用の部品（男女・髪）: 男_髪011-01。96×128（32×32×4方向×3コマ）,96,128,4,ぴぽや倉庫,ぴぽや32×32グラフィック合成器用パーツ（キャラを組み立てる部品）,ぴぽや,https://pipoya.net/sozai/assets/charachip/character-chip-2/,ぴぽや 無料素材利用規約,
10-parts/pipoya-part-hair-063.png,組み立て用の部品,キャラ組み立て用の部品（男女・髪）: 男_髪012-01。96×128（32×32×4方向×3コマ）,96,128,4,ぴぽや倉庫,ぴぽや32×32グラフィック合成器用パーツ（キャラを組み立てる部品）,ぴぽや,https://pipoya.net/sozai/assets/charachip/character-chip-2/,ぴぽや 無料素材利用規約,
10-parts/pipoya-part-hair-064.png,組み立て用の部品,キャラ組み立て用の部品（男女・髪）: 男_髪012-02。96×128（32×32×4方向×3コマ）,96,128,4,ぴぽや倉庫,ぴぽや32×32グラフィック合成器用パーツ（キャラを組み立てる部品）,ぴぽや,https://pipoya.net/sozai/assets/charachip/character-chip-2/,ぴぽや 無料素材利用規約,
10-parts/pipoya-part-hair-066.png,組み立て用の部品,キャラ組み立て用の部品（男女・髪）: 男_髪013-02。96×128（32×32×4方向×3コマ）,96,128,4,ぴぽや倉庫,ぴぽや32×32グラフィック合成器用パーツ（キャラを組み立てる部品）,ぴぽや,https://pipoya.net/sozai/assets/charachip/character-chip-2/,ぴぽや 無料素材利用規約,
10-parts/pipoya-part-hair-067.png,組み立て用の部品,キャラ組み立て用の部品（男女・髪）: 男_髪014-01。96×128（32×32×4方向×3コマ）,96,128,4,ぴぽや倉庫,ぴぽや32×32グラフィック合成器用パーツ（キャラを組み立てる部品）,ぴぽや,https://pipoya.net/sozai/assets/charachip/character-chip-2/,ぴぽや 無料素材利用規約,
10-parts/pipoya-part-hat-001.png,組み立て用の部品,キャラ組み立て用の部品（男女・帽子）: 帽子001_兵士-01。96×128（32×32×4方向×3コマ）,96,128,6,ぴぽや倉庫,ぴぽや32×32グラフィック合成器用パーツ（キャラを組み立てる部品）,ぴぽや,https://pipoya.net/sozai/assets/charachip/character-chip-2/,ぴぽや 無料素材利用規約,
10-parts/pipoya-part-hat-003.png,組み立て用の部品,キャラ組み立て用の部品（男女・帽子）: 帽子001_兵士-03。96×128（32×32×4方向×3コマ）,96,128,6,ぴぽや倉庫,ぴぽや32×32グラフィック合成器用パーツ（キャラを組み立てる部品）,ぴぽや,https://pipoya.net/sozai/assets/charachip/character-chip-2/,ぴぽや 無料素材利用規約,
10-parts/pipoya-part-hat-004.png,組み立て用の部品,キャラ組み立て用の部品（男女・帽子）: 帽子002_王冠。96×128（32×32×4方向×3コマ）,96,128,8,ぴぽや倉庫,ぴぽや32×32グラフィック合成器用パーツ（キャラを組み立てる部品）,ぴぽや,https://pipoya.net/sozai/assets/charachip/character-chip-2/,ぴぽや 無料素材利用規約,
10-parts/pipoya-part-hat-006.png,組み立て用の部品,キャラ組み立て用の部品（男女・帽子）: 帽子004_後ろ髪飾り。96×128（32×32×4方向×3コマ）,96,128,4,ぴぽや倉庫,ぴぽや32×32グラフィック合成器用パーツ（キャラを組み立てる部品）,ぴぽや,https://pipoya.net/sozai/assets/charachip/character-chip-2/,ぴぽや 無料素材利用規約,
10-parts/pipoya-part-hat-008.png,組み立て用の部品,キャラ組み立て用の部品（男女・帽子）: 帽子005_メイドカチューシャ。96×128（32×32×4方向×3コマ）,96,128,4,ぴぽや倉庫,ぴぽや32×32グラフィック合成器用パーツ（キャラを組み立てる部品）,ぴぽや,https://pipoya.net/sozai/assets/charachip/character-chip-2/,ぴぽや 無料素材利用規約,
10-parts/pipoya-part-hat-009.png,組み立て用の部品,キャラ組み立て用の部品（男女・帽子）: 帽子006_魔法使い。96×128（32×32×4方向×3コマ）,96,128,7,ぴぽや倉庫,ぴぽや32×32グラフィック合成器用パーツ（キャラを組み立てる部品）,ぴぽや,https://pipoya.net/sozai/assets/charachip/character-chip-2/,ぴぽや 無料素材利用規約,
10-parts/pipoya-part-hat-011.png,組み立て用の部品,キャラ組み立て用の部品（男女・帽子）: 帽子008_僧侶。96×128（32×32×4方向×3コマ）,96,128,7,ぴぽや倉庫,ぴぽや32×32グラフィック合成器用パーツ（キャラを組み立てる部品）,ぴぽや,https://pipoya.net/sozai/assets/charachip/character-chip-2/,ぴぽや 無料素材利用規約,
10-parts/pipoya-part-hat-012.png,組み立て用の部品,キャラ組み立て用の部品（男女・帽子）: 帽子009_僧侶。96×128（32×32×4方向×3コマ）,96,128,7,ぴぽや倉庫,ぴぽや32×32グラフィック合成器用パーツ（キャラを組み立てる部品）,ぴぽや,https://pipoya.net/sozai/assets/charachip/character-chip-2/,ぴぽや 無料素材利用規約,
10-parts/pipoya-part-hat-014.png,組み立て用の部品,キャラ組み立て用の部品（男女・帽子）: 帽子011_カチューシャ。96×128（32×32×4方向×3コマ）,96,128,3,ぴぽや倉庫,ぴぽや32×32グラフィック合成器用パーツ（キャラを組み立てる部品）,ぴぽや,https://pipoya.net/sozai/assets/charachip/character-chip-2/,ぴぽや 無料素材利用規約,
10-parts/pipoya-part-hat-016.png,組み立て用の部品,キャラ組み立て用の部品（男女・帽子）: 帽子013_カボチャ。96×128（32×32×4方向×3コマ）,96,128,6,ぴぽや倉庫,ぴぽや32×32グラフィック合成器用パーツ（キャラを組み立てる部品）,ぴぽや,https://pipoya.net/sozai/assets/charachip/character-chip-2/,ぴぽや 無料素材利用規約,
10-parts/pipoya-part-hat-017.png,組み立て用の部品,キャラ組み立て用の部品（男女・帽子）: 帽子014_シルクハット。96×128（32×32×4方向×3コマ）,96,128,7,ぴぽや倉庫,ぴぽや32×32グラフィック合成器用パーツ（キャラを組み立てる部品）,ぴぽや,https://pipoya.net/sozai/assets/charachip/character-chip-2/,ぴぽや 無料素材利用規約,
10-parts/pipoya-part-hat-019.png,組み立て用の部品,キャラ組み立て用の部品（男女・帽子）: 帽子015_リボン02。96×128（32×32×4方向×3コマ）,96,128,5,ぴぽや倉庫,ぴぽや32×32グラフィック合成器用パーツ（キャラを組み立てる部品）,ぴぽや,https://pipoya.net/sozai/assets/charachip/character-chip-2/,ぴぽや 無料素材利用規約,
10-parts/pipoya-part-hat-021.png,組み立て用の部品,キャラ組み立て用の部品（男女・帽子）: 帽子016_リボン01。96×128（32×32×4方向×3コマ）,96,128,5,ぴぽや倉庫,ぴぽや32×32グラフィック合成器用パーツ（キャラを組み立てる部品）,ぴぽや,https://pipoya.net/sozai/assets/charachip/character-chip-2/,ぴぽや 無料素材利用規約,
10-parts/pipoya-part-hat-022.png,組み立て用の部品,キャラ組み立て用の部品（男女・帽子）: 帽子016_リボン02。96×128（32×32×4方向×3コマ）,96,128,5,ぴぽや倉庫,ぴぽや32×32グラフィック合成器用パーツ（キャラを組み立てる部品）,ぴぽや,https://pipoya.net/sozai/assets/charachip/character-chip-2/,ぴぽや 無料素材利用規約,
10-parts/pipoya-part-hat-024.png,組み立て用の部品,キャラ組み立て用の部品（男女・帽子）: 帽子017_リボン01。96×128（32×32×4方向×3コマ）,96,128,5,ぴぽや倉庫,ぴぽや32×32グラフィック合成器用パーツ（キャラを組み立てる部品）,ぴぽや,https://pipoya.net/sozai/assets/charachip/character-chip-2/,ぴぽや 無料素材利用規約,
10-parts/pipoya-part-hat-025.png,組み立て用の部品,キャラ組み立て用の部品（男女・帽子）: 帽子017_リボン02。96×128（32×32×4方向×3コマ）,96,128,5,ぴぽや倉庫,ぴぽや32×32グラフィック合成器用パーツ（キャラを組み立てる部品）,ぴぽや,https://pipoya.net/sozai/assets/charachip/character-chip-2/,ぴぽや 無料素材利用規約,
10-parts/pipoya-part-head-001.png,組み立て用の部品,キャラ組み立て用の部品（男女・頭追加）: 矢筒001-01。96×128（32×32×4方向×3コマ）,96,128,9,ぴぽや倉庫,ぴぽや32×32グラフィック合成器用パーツ（キャラを組み立てる部品）,ぴぽや,https://pipoya.net/sozai/assets/charachip/character-chip-2/,ぴぽや 無料素材利用規約,
10-parts/pipoya-part-head-003.png,組み立て用の部品,キャラ組み立て用の部品（男女・頭追加）: 耳001-02。96×128（32×32×4方向×3コマ）,96,128,5,ぴぽや倉庫,ぴぽや32×32グラフィック合成器用パーツ（キャラを組み立てる部品）,ぴぽや,https://pipoya.net/sozai/assets/charachip/character-chip-2/,ぴぽや 無料素材利用規約,
10-parts/pipoya-part-head-004.png,組み立て用の部品,キャラ組み立て用の部品（男女・頭追加）: 耳001-03。96×128（32×32×4方向×3コマ）,96,128,5,ぴぽや倉庫,ぴぽや32×32グラフィック合成器用パーツ（キャラを組み立てる部品）,ぴぽや,https://pipoya.net/sozai/assets/charachip/character-chip-2/,ぴぽや 無料素材利用規約,
10-parts/pipoya-part-head-006.png,組み立て用の部品,キャラ組み立て用の部品（男女・頭追加）: 耳001-05。96×128（32×32×4方向×3コマ）,96,128,5,ぴぽや倉庫,ぴぽや32×32グラフィック合成器用パーツ（キャラを組み立てる部品）,ぴぽや,https://pipoya.net/sozai/assets/charachip/character-chip-2/,ぴぽや 無料素材利用規約,
10-parts/pipoya-part-head-008.png,組み立て用の部品,キャラ組み立て用の部品（男女・頭追加）: 耳002-02。96×128（32×32×4方向×3コマ）,96,128,5,ぴぽや倉庫,ぴぽや32×32グラフィック合成器用パーツ（キャラを組み立てる部品）,ぴぽや,https://pipoya.net/sozai/assets/charachip/character-chip-2/,ぴぽや 無料素材利用規約,
10-parts/pipoya-part-head-009.png,組み立て用の部品,キャラ組み立て用の部品（男女・頭追加）: 耳002-03。96×128（32×32×4方向×3コマ）,96,128,5,ぴぽや倉庫,ぴぽや32×32グラフィック合成器用パーツ（キャラを組み立てる部品）,ぴぽや,https://pipoya.net/sozai/assets/charachip/character-chip-2/,ぴぽや 無料素材利用規約,
10-parts/pipoya-part-head-011.png,組み立て用の部品,キャラ組み立て用の部品（男女・頭追加）: 耳002-05。96×128（32×32×4方向×3コマ）,96,128,5,ぴぽや倉庫,ぴぽや32×32グラフィック合成器用パーツ（キャラを組み立てる部品）,ぴぽや,https://pipoya.net/sozai/assets/charachip/character-chip-2/,ぴぽや 無料素材利用規約,
10-parts/pipoya-part-head-013.png,組み立て用の部品,キャラ組み立て用の部品（男女・頭追加）: 耳004_猫耳。96×128（32×32×4方向×3コマ）,96,128,6,ぴぽや倉庫,ぴぽや32×32グラフィック合成器用パーツ（キャラを組み立てる部品）,ぴぽや,https://pipoya.net/sozai/assets/charachip/character-chip-2/,ぴぽや 無料素材利用規約,
10-parts/pipoya-part-head-014.png,組み立て用の部品,キャラ組み立て用の部品（男女・頭追加）: 耳005_犬耳。96×128（32×32×4方向×3コマ）,96,128,4,ぴぽや倉庫,ぴぽや32×32グラフィック合成器用パーツ（キャラを組み立てる部品）,ぴぽや,https://pipoya.net/sozai/assets/charachip/character-chip-2/,ぴぽや 無料素材利用規約,
10-parts/pipoya-part-head-016.png,組み立て用の部品,キャラ組み立て用の部品（男女・頭追加）: 髪追加001-01。96×128（32×32×4方向×3コマ）,96,128,4,ぴぽや倉庫,ぴぽや32×32グラフィック合成器用パーツ（キャラを組み立てる部品）,ぴぽや,https://pipoya.net/sozai/assets/charachip/character-chip-2/,ぴぽや 無料素材利用規約,
10-parts/pipoya-part-head-017.png,組み立て用の部品,キャラ組み立て用の部品（男女・頭追加）: 髪追加001-02。96×128（32×32×4方向×3コマ）,96,128,4,ぴぽや倉庫,ぴぽや32×32グラフィック合成器用パーツ（キャラを組み立てる部品）,ぴぽや,https://pipoya.net/sozai/assets/charachip/character-chip-2/,ぴぽや 無料素材利用規約,
10-parts/pipoya-part-head-019.png,組み立て用の部品,キャラ組み立て用の部品（男女・頭追加）: 髪追加002-02。96×128（32×32×4方向×3コマ）,96,128,4,ぴぽや倉庫,ぴぽや32×32グラフィック合成器用パーツ（キャラを組み立てる部品）,ぴぽや,https://pipoya.net/sozai/assets/charachip/character-chip-2/,ぴぽや 無料素材利用規約,
10-parts/pipoya-part-head-021.png,組み立て用の部品,キャラ組み立て用の部品（男女・頭追加）: 髪追加003-02。96×128（32×32×4方向×3コマ）,96,128,4,ぴぽや倉庫,ぴぽや32×32グラフィック合成器用パーツ（キャラを組み立てる部品）,ぴぽや,https://pipoya.net/sozai/assets/charachip/character-chip-2/,ぴぽや 無料素材利用規約,
10-parts/pipoya-part-cape-001.png,組み立て用の部品,キャラ組み立て用の部品（男女・マント）: マント001。96×128（32×32×4方向×3コマ）,96,128,4,ぴぽや倉庫,ぴぽや32×32グラフィック合成器用パーツ（キャラを組み立てる部品）,ぴぽや,https://pipoya.net/sozai/assets/charachip/character-chip-2/,ぴぽや 無料素材利用規約,
10-parts/pipoya-part-cape-003.png,組み立て用の部品,キャラ組み立て用の部品（男女・マント）: マント003。96×128（32×32×4方向×3コマ）,96,128,6,ぴぽや倉庫,ぴぽや32×32グラフィック合成器用パーツ（キャラを組み立てる部品）,ぴぽや,https://pipoya.net/sozai/assets/charachip/character-chip-2/,ぴぽや 無料素材利用規約,
10-parts/pipoya-part-cape-005.png,組み立て用の部品,キャラ組み立て用の部品（男女・マント）: マント005。96×128（32×32×4方向×3コマ）,96,128,8,ぴぽや倉庫,ぴぽや32×32グラフィック合成器用パーツ（キャラを組み立てる部品）,ぴぽや,https://pipoya.net/sozai/assets/charachip/character-chip-2/,ぴぽや 無料素材利用規約,
10-parts/pipoya-part-cape-006.png,組み立て用の部品,キャラ組み立て用の部品（男女・マント）: マント006_マフラー。96×128（32×32×4方向×3コマ）,96,128,4,ぴぽや倉庫,ぴぽや32×32グラフィック合成器用パーツ（キャラを組み立てる部品）,ぴぽや,https://pipoya.net/sozai/assets/charachip/character-chip-2/,ぴぽや 無料素材利用規約,
10-parts/pipoya-part-cape-008.png,組み立て用の部品,キャラ組み立て用の部品（男女・マント）: マント008_白衣。96×128（32×32×4方向×3コマ）,96,128,4,ぴぽや倉庫,ぴぽや32×32グラフィック合成器用パーツ（キャラを組み立てる部品）,ぴぽや,https://pipoya.net/sozai/assets/charachip/character-chip-2/,ぴぽや 無料素材利用規約,
10-parts/pipoya-part-cape-009.png,組み立て用の部品,キャラ組み立て用の部品（男女・マント）: 尻尾001_うさ。96×128（32×32×4方向×3コマ）,96,128,4,ぴぽや倉庫,ぴぽや32×32グラフィック合成器用パーツ（キャラを組み立てる部品）,ぴぽや,https://pipoya.net/sozai/assets/charachip/character-chip-2/,ぴぽや 無料素材利用規約,
10-parts/pipoya-part-cape-011.png,組み立て用の部品,キャラ組み立て用の部品（男女・マント）: 尻尾003_犬。96×128（32×32×4方向×3コマ）,96,128,3,ぴぽや倉庫,ぴぽや32×32グラフィック合成器用パーツ（キャラを組み立てる部品）,ぴぽや,https://pipoya.net/sozai/assets/charachip/character-chip-2/,ぴぽや 無料素材利用規約,
10-parts/pipoya-part-glasses-001.png,組み立て用の部品,キャラ組み立て用の部品（男女・メガネ）: メガネ001-01。96×128（32×32×4方向×3コマ）,96,128,6,ぴぽや倉庫,ぴぽや32×32グラフィック合成器用パーツ（キャラを組み立てる部品）,ぴぽや,https://pipoya.net/sozai/assets/charachip/character-chip-2/,ぴぽや 無料素材利用規約,
10-parts/pipoya-part-glasses-002.png,組み立て用の部品,キャラ組み立て用の部品（男女・メガネ）: メガネ001-02。96×128（32×32×4方向×3コマ）,96,128,6,ぴぽや倉庫,ぴぽや32×32グラフィック合成器用パーツ（キャラを組み立てる部品）,ぴぽや,https://pipoya.net/sozai/assets/charachip/character-chip-2/,ぴぽや 無料素材利用規約,
10-parts/pipoya-part-glasses-004.png,組み立て用の部品,キャラ組み立て用の部品（男女・メガネ）: メガネ002-02。96×128（32×32×4方向×3コマ）,96,128,7,ぴぽや倉庫,ぴぽや32×32グラフィック合成器用パーツ（キャラを組み立てる部品）,ぴぽや,https://pipoya.net/sozai/assets/charachip/character-chip-2/,ぴぽや 無料素材利用規約,
10-parts/pipoya-part-glasses-006.png,組み立て用の部品,キャラ組み立て用の部品（男女・メガネ）: メガネ004-01。96×128（32×32×4方向×3コマ）,96,128,5,ぴぽや倉庫,ぴぽや32×32グラフィック合成器用パーツ（キャラを組み立てる部品）,ぴぽや,https://pipoya.net/sozai/assets/charachip/character-chip-2/,ぴぽや 無料素材利用規約,
10-parts/pipoya-part-glasses-007.png,組み立て用の部品,キャラ組み立て用の部品（男女・メガネ）: メガネ005-01。96×128（32×32×4方向×3コマ）,96,128,5,ぴぽや倉庫,ぴぽや32×32グラフィック合成器用パーツ（キャラを組み立てる部品）,ぴぽや,https://pipoya.net/sozai/assets/charachip/character-chip-2/,ぴぽや 無料素材利用規約,
10-parts/pipoya-part-glasses-009.png,組み立て用の部品,キャラ組み立て用の部品（男女・メガネ）: メガネ007-01。96×128（32×32×4方向×3コマ）,96,128,8,ぴぽや倉庫,ぴぽや32×32グラフィック合成器用パーツ（キャラを組み立てる部品）,ぴぽや,https://pipoya.net/sozai/assets/charachip/character-chip-2/,ぴぽや 無料素材利用規約,
10-parts/pipoya-part-glasses-010.png,組み立て用の部品,キャラ組み立て用の部品（男女・メガネ）: メガネ007-02。96×128（32×32×4方向×3コマ）,96,128,7,ぴぽや倉庫,ぴぽや32×32グラフィック合成器用パーツ（キャラを組み立てる部品）,ぴぽや,https://pipoya.net/sozai/assets/charachip/character-chip-2/,ぴぽや 無料素材利用規約,
10-parts/pipoya-part-beard-002.png,組み立て用の部品,キャラ組み立て用の部品（男女・ヒゲ）: ヒゲ001-02。96×128（32×32×4方向×3コマ）,96,128,3,ぴぽや倉庫,ぴぽや32×32グラフィック合成器用パーツ（キャラを組み立てる部品）,ぴぽや,https://pipoya.net/sozai/assets/charachip/character-chip-2/,ぴぽや 無料素材利用規約,
10-parts/pipoya-part-beard-004.png,組み立て用の部品,キャラ組み立て用の部品（男女・ヒゲ）: ヒゲ002-02。96×128（32×32×4方向×3コマ）,96,128,4,ぴぽや倉庫,ぴぽや32×32グラフィック合成器用パーツ（キャラを組み立てる部品）,ぴぽや,https://pipoya.net/sozai/assets/charachip/character-chip-2/,ぴぽや 無料素材利用規約,
10-parts/pipoya-part-beard-005.png,組み立て用の部品,キャラ組み立て用の部品（男女・ヒゲ）: ヒゲ003-01。96×128（32×32×4方向×3コマ）,96,128,3,ぴぽや倉庫,ぴぽや32×32グラフィック合成器用パーツ（キャラを組み立てる部品）,ぴぽや,https://pipoya.net/sozai/assets/charachip/character-chip-2/,ぴぽや 無料素材利用規約,
10-parts/pipoya-part-beard-007.png,組み立て用の部品,キャラ組み立て用の部品（男女・ヒゲ）: ヒゲ004-01。96×128（32×32×4方向×3コマ）,96,128,3,ぴぽや倉庫,ぴぽや32×32グラフィック合成器用パーツ（キャラを組み立てる部品）,ぴぽや,https://pipoya.net/sozai/assets/charachip/character-chip-2/,ぴぽや 無料素材利用規約,
10-parts/pipoya-part-item-001.png,組み立て用の部品,キャラ組み立て用の部品（男女・アイテムエフェクト）: ナイフ001-01。96×128（32×32×4方向×3コマ）,96,128,6,ぴぽや倉庫,ぴぽや32×32グラフィック合成器用パーツ（キャラを組み立てる部品）,ぴぽや,https://pipoya.net/sozai/assets/charachip/character-chip-2/,ぴぽや 無料素材利用規約,
10-parts/pipoya-part-item-002.png,組み立て用の部品,キャラ組み立て用の部品（男女・アイテムエフェクト）: ナイフ001-02。96×128（32×32×4方向×3コマ）,96,128,6,ぴぽや倉庫,ぴぽや32×32グラフィック合成器用パーツ（キャラを組み立てる部品）,ぴぽや,https://pipoya.net/sozai/assets/charachip/character-chip-2/,ぴぽや 無料素材利用規約,
10-parts/pipoya-part-item-004.png,組み立て用の部品,キャラ組み立て用の部品（男女・アイテムエフェクト）: ナイフ002-02。96×128（32×32×4方向×3コマ）,96,128,9,ぴぽや倉庫,ぴぽや32×32グラフィック合成器用パーツ（キャラを組み立てる部品）,ぴぽや,https://pipoya.net/sozai/assets/charachip/character-chip-2/,ぴぽや 無料素材利用規約,
10-parts/pipoya-part-item-006.png,組み立て用の部品,キャラ組み立て用の部品（男女・アイテムエフェクト）: ロッド001-02。96×128（32×32×4方向×3コマ）,96,128,8,ぴぽや倉庫,ぴぽや32×32グラフィック合成器用パーツ（キャラを組み立てる部品）,ぴぽや,https://pipoya.net/sozai/assets/charachip/character-chip-2/,ぴぽや 無料素材利用規約,
10-parts/pipoya-part-item-007.png,組み立て用の部品,キャラ組み立て用の部品（男女・アイテムエフェクト）: ロッド001-03。96×128（32×32×4方向×3コマ）,96,128,8,ぴぽや倉庫,ぴぽや32×32グラフィック合成器用パーツ（キャラを組み立てる部品）,ぴぽや,https://pipoya.net/sozai/assets/charachip/character-chip-2/,ぴぽや 無料素材利用規約,
10-parts/pipoya-part-item-009.png,組み立て用の部品,キャラ組み立て用の部品（男女・アイテムエフェクト）: 剣だけ001-01。96×128（32×32×4方向×3コマ）,96,128,7,ぴぽや倉庫,ぴぽや32×32グラフィック合成器用パーツ（キャラを組み立てる部品）,ぴぽや,https://pipoya.net/sozai/assets/charachip/character-chip-2/,ぴぽや 無料素材利用規約,
10-parts/pipoya-part-item-010.png,組み立て用の部品,キャラ組み立て用の部品（男女・アイテムエフェクト）: 剣だけ001-02。96×128（32×32×4方向×3コマ）,96,128,7,ぴぽや倉庫,ぴぽや32×32グラフィック合成器用パーツ（キャラを組み立てる部品）,ぴぽや,https://pipoya.net/sozai/assets/charachip/character-chip-2/,ぴぽや 無料素材利用規約,
10-parts/pipoya-part-item-012.png,組み立て用の部品,キャラ組み立て用の部品（男女・アイテムエフェクト）: 剣だけ001-04。96×128（32×32×4方向×3コマ）,96,128,8,ぴぽや倉庫,ぴぽや32×32グラフィック合成器用パーツ（キャラを組み立てる部品）,ぴぽや,https://pipoya.net/sozai/assets/charachip/character-chip-2/,ぴぽや 無料素材利用規約,
10-parts/pipoya-part-item-014.png,組み立て用の部品,キャラ組み立て用の部品（男女・アイテムエフェクト）: 剣と剣001-02。96×128（32×32×4方向×3コマ）,96,128,8,ぴぽや倉庫,ぴぽや32×32グラフィック合成器用パーツ（キャラを組み立てる部品）,ぴぽや,https://pipoya.net/sozai/assets/charachip/character-chip-2/,ぴぽや 無料素材利用規約,
10-parts/pipoya-part-item-015.png,組み立て用の部品,キャラ組み立て用の部品（男女・アイテムエフェクト）: 剣と盾001-01。96×128（32×32×4方向×3コマ）,96,128,9,ぴぽや倉庫,ぴぽや32×32グラフィック合成器用パーツ（キャラを組み立てる部品）,ぴぽや,https://pipoya.net/sozai/assets/charachip/character-chip-2/,ぴぽや 無料素材利用規約,
10-parts/pipoya-part-item-017.png,組み立て用の部品,キャラ組み立て用の部品（男女・アイテムエフェクト）: 剣と盾001-03。96×128（32×32×4方向×3コマ）,96,128,11,ぴぽや倉庫,ぴぽや32×32グラフィック合成器用パーツ（キャラを組み立てる部品）,ぴぽや,https://pipoya.net/sozai/assets/charachip/character-chip-2/,ぴぽや 無料素材利用規約,
10-parts/pipoya-part-item-019.png,組み立て用の部品,キャラ組み立て用の部品（男女・アイテムエフェクト）: 弓001-01。96×128（32×32×4方向×3コマ）,96,128,4,ぴぽや倉庫,ぴぽや32×32グラフィック合成器用パーツ（キャラを組み立てる部品）,ぴぽや,https://pipoya.net/sozai/assets/charachip/character-chip-2/,ぴぽや 無料素材利用規約,
10-parts/pipoya-part-item-020.png,組み立て用の部品,キャラ組み立て用の部品（男女・アイテムエフェクト）: 弓001-02。96×128（32×32×4方向×3コマ）,96,128,4,ぴぽや倉庫,ぴぽや32×32グラフィック合成器用パーツ（キャラを組み立てる部品）,ぴぽや,https://pipoya.net/sozai/assets/charachip/character-chip-2/,ぴぽや 無料素材利用規約,
10-parts/pipoya-part-item-022.png,組み立て用の部品,キャラ組み立て用の部品（男女・アイテムエフェクト）: 拳銃001-02。96×128（32×32×4方向×3コマ）,96,128,4,ぴぽや倉庫,ぴぽや32×32グラフィック合成器用パーツ（キャラを組み立てる部品）,ぴぽや,https://pipoya.net/sozai/assets/charachip/character-chip-2/,ぴぽや 無料素材利用規約,
10-parts/pipoya-part-item-023.png,組み立て用の部品,キャラ組み立て用の部品（男女・アイテムエフェクト）: 拳銃001-03。96×128（32×32×4方向×3コマ）,96,128,4,ぴぽや倉庫,ぴぽや32×32グラフィック合成器用パーツ（キャラを組み立てる部品）,ぴぽや,https://pipoya.net/sozai/assets/charachip/character-chip-2/,ぴぽや 無料素材利用規約,
10-parts/pipoya-part-item-025.png,組み立て用の部品,キャラ組み立て用の部品（男女・アイテムエフェクト）: 斧001-02。96×128（32×32×4方向×3コマ）,96,128,7,ぴぽや倉庫,ぴぽや32×32グラフィック合成器用パーツ（キャラを組み立てる部品）,ぴぽや,https://pipoya.net/sozai/assets/charachip/character-chip-2/,ぴぽや 無料素材利用規約,
10-parts/pipoya-part-item-027.png,組み立て用の部品,キャラ組み立て用の部品（男女・アイテムエフェクト）: 槍001-02。96×128（32×32×4方向×3コマ）,96,128,6,ぴぽや倉庫,ぴぽや32×32グラフィック合成器用パーツ（キャラを組み立てる部品）,ぴぽや,https://pipoya.net/sozai/assets/charachip/character-chip-2/,ぴぽや 無料素材利用規約,
10-parts/pipoya-part-item-028.png,組み立て用の部品,キャラ組み立て用の部品（男女・アイテムエフェクト）: 盾だけ001-01。96×128（32×32×4方向×3コマ）,96,128,7,ぴぽや倉庫,ぴぽや32×32グラフィック合成器用パーツ（キャラを組み立てる部品）,ぴぽや,https://pipoya.net/sozai/assets/charachip/character-chip-2/,ぴぽや 無料素材利用規約,
10-parts/pipoya-part-item-030.png,組み立て用の部品,キャラ組み立て用の部品（男女・アイテムエフェクト）: 盾だけ001-03。96×128（32×32×4方向×3コマ）,96,128,7,ぴぽや倉庫,ぴぽや32×32グラフィック合成器用パーツ（キャラを組み立てる部品）,ぴぽや,https://pipoya.net/sozai/assets/charachip/character-chip-2/,ぴぽや 無料素材利用規約,
10-parts/pipoya-part-body-001.png,組み立て用の部品,キャラ組み立て用の部品（男女・肌）: おばけ_ベース-01。96×128（32×32×4方向×3コマ）,96,128,5,ぴぽや倉庫,ぴぽや32×32グラフィック合成器用パーツ（キャラを組み立てる部品）,ぴぽや,https://pipoya.net/sozai/assets/charachip/character-chip-2/,ぴぽや 無料素材利用規約,
10-parts/pipoya-part-body-002.png,組み立て用の部品,キャラ組み立て用の部品（男女・肌）: おばけ_ベース-02。96×128（32×32×4方向×3コマ）,96,128,5,ぴぽや倉庫,ぴぽや32×32グラフィック合成器用パーツ（キャラを組み立てる部品）,ぴぽや,https://pipoya.net/sozai/assets/charachip/character-chip-2/,ぴぽや 無料素材利用規約,
10-parts/pipoya-part-body-004.png,組み立て用の部品,キャラ組み立て用の部品（男女・肌）: おばけ_ベース-04。96×128（32×32×4方向×3コマ）,96,128,5,ぴぽや倉庫,ぴぽや32×32グラフィック合成器用パーツ（キャラを組み立てる部品）,ぴぽや,https://pipoya.net/sozai/assets/charachip/character-chip-2/,ぴぽや 無料素材利用規約,
10-parts/pipoya-part-body-005.png,組み立て用の部品,キャラ組み立て用の部品（男女・肌）: 女_ベース001-01。96×128（32×32×4方向×3コマ）,96,128,7,ぴぽや倉庫,ぴぽや32×32グラフィック合成器用パーツ（キャラを組み立てる部品）,ぴぽや,https://pipoya.net/sozai/assets/charachip/character-chip-2/,ぴぽや 無料素材利用規約,
10-parts/pipoya-part-body-007.png,組み立て用の部品,キャラ組み立て用の部品（男女・肌）: 女_ベース001-03。96×128（32×32×4方向×3コマ）,96,128,7,ぴぽや倉庫,ぴぽや32×32グラフィック合成器用パーツ（キャラを組み立てる部品）,ぴぽや,https://pipoya.net/sozai/assets/charachip/character-chip-2/,ぴぽや 無料素材利用規約,
10-parts/pipoya-part-clothes-071.png,組み立て用の部品,キャラ組み立て用の部品（子供・服）: 女_服001。96×128（32×32×4方向×3コマ）,96,128,12,ぴぽや倉庫,ぴぽや32×32グラフィック合成器用パーツ（キャラを組み立てる部品）,ぴぽや,https://pipoya.net/sozai/assets/charachip/character-chip-2/,ぴぽや 無料素材利用規約,
10-parts/pipoya-part-clothes-072.png,組み立て用の部品,キャラ組み立て用の部品（子供・服）: 女_服002。96×128（32×32×4方向×3コマ）,96,128,12,ぴぽや倉庫,ぴぽや32×32グラフィック合成器用パーツ（キャラを組み立てる部品）,ぴぽや,https://pipoya.net/sozai/assets/charachip/character-chip-2/,ぴぽや 無料素材利用規約,
10-parts/pipoya-part-clothes-074.png,組み立て用の部品,キャラ組み立て用の部品（子供・服）: 男_服002。96×128（32×32×4方向×3コマ）,96,128,15,ぴぽや倉庫,ぴぽや32×32グラフィック合成器用パーツ（キャラを組み立てる部品）,ぴぽや,https://pipoya.net/sozai/assets/charachip/character-chip-2/,ぴぽや 無料素材利用規約,
10-parts/pipoya-part-hair-070.png,組み立て用の部品,キャラ組み立て用の部品（子供・髪）: 女_髪001-02。96×128（32×32×4方向×3コマ）,96,128,4,ぴぽや倉庫,ぴぽや32×32グラフィック合成器用パーツ（キャラを組み立てる部品）,ぴぽや,https://pipoya.net/sozai/assets/charachip/character-chip-2/,ぴぽや 無料素材利用規約,
10-parts/pipoya-part-hair-071.png,組み立て用の部品,キャラ組み立て用の部品（子供・髪）: 女_髪002-01。96×128（32×32×4方向×3コマ）,96,128,4,ぴぽや倉庫,ぴぽや32×32グラフィック合成器用パーツ（キャラを組み立てる部品）,ぴぽや,https://pipoya.net/sozai/assets/charachip/character-chip-2/,ぴぽや 無料素材利用規約,
10-parts/pipoya-part-hair-073.png,組み立て用の部品,キャラ組み立て用の部品（子供・髪）: 女_髪003-01。96×128（32×32×4方向×3コマ）,96,128,4,ぴぽや倉庫,ぴぽや32×32グラフィック合成器用パーツ（キャラを組み立てる部品）,ぴぽや,https://pipoya.net/sozai/assets/charachip/character-chip-2/,ぴぽや 無料素材利用規約,
10-parts/pipoya-part-hair-075.png,組み立て用の部品,キャラ組み立て用の部品（子供・髪）: 女_髪004-01。96×128（32×32×4方向×3コマ）,96,128,4,ぴぽや倉庫,ぴぽや32×32グラフィック合成器用パーツ（キャラを組み立てる部品）,ぴぽや,https://pipoya.net/sozai/assets/charachip/character-chip-2/,ぴぽや 無料素材利用規約,
10-parts/pipoya-part-hair-076.png,組み立て用の部品,キャラ組み立て用の部品（子供・髪）: 女_髪004-02。96×128（32×32×4方向×3コマ）,96,128,4,ぴぽや倉庫,ぴぽや32×32グラフィック合成器用パーツ（キャラを組み立てる部品）,ぴぽや,https://pipoya.net/sozai/assets/charachip/character-chip-2/,ぴぽや 無料素材利用規約,
10-parts/pipoya-part-hair-078.png,組み立て用の部品,キャラ組み立て用の部品（子供・髪）: 女_髪005-02。96×128（32×32×4方向×3コマ）,96,128,4,ぴぽや倉庫,ぴぽや32×32グラフィック合成器用パーツ（キャラを組み立てる部品）,ぴぽや,https://pipoya.net/sozai/assets/charachip/character-chip-2/,ぴぽや 無料素材利用規約,
10-parts/pipoya-part-hair-079.png,組み立て用の部品,キャラ組み立て用の部品（子供・髪）: 男_髪001-01。96×128（32×32×4方向×3コマ）,96,128,4,ぴぽや倉庫,ぴぽや32×32グラフィック合成器用パーツ（キャラを組み立てる部品）,ぴぽや,https://pipoya.net/sozai/assets/charachip/character-chip-2/,ぴぽや 無料素材利用規約,
10-parts/pipoya-part-hair-081.png,組み立て用の部品,キャラ組み立て用の部品（子供・髪）: 男_髪002-01。96×128（32×32×4方向×3コマ）,96,128,4,ぴぽや倉庫,ぴぽや32×32グラフィック合成器用パーツ（キャラを組み立てる部品）,ぴぽや,https://pipoya.net/sozai/assets/charachip/character-chip-2/,ぴぽや 無料素材利用規約,
10-parts/pipoya-part-hair-083.png,組み立て用の部品,キャラ組み立て用の部品（子供・髪）: 男_髪003-01。96×128（32×32×4方向×3コマ）,96,128,4,ぴぽや倉庫,ぴぽや32×32グラフィック合成器用パーツ（キャラを組み立てる部品）,ぴぽや,https://pipoya.net/sozai/assets/charachip/character-chip-2/,ぴぽや 無料素材利用規約,
10-parts/pipoya-part-hair-084.png,組み立て用の部品,キャラ組み立て用の部品（子供・髪）: 男_髪003-02。96×128（32×32×4方向×3コマ）,96,128,4,ぴぽや倉庫,ぴぽや32×32グラフィック合成器用パーツ（キャラを組み立てる部品）,ぴぽや,https://pipoya.net/sozai/assets/charachip/character-chip-2/,ぴぽや 無料素材利用規約,
10-parts/pipoya-part-hair-086.png,組み立て用の部品,キャラ組み立て用の部品（子供・髪）: 男_髪004-02。96×128（32×32×4方向×3コマ）,96,128,4,ぴぽや倉庫,ぴぽや32×32グラフィック合成器用パーツ（キャラを組み立てる部品）,ぴぽや,https://pipoya.net/sozai/assets/charachip/character-chip-2/,ぴぽや 無料素材利用規約,
10-parts/pipoya-part-hair-088.png,組み立て用の部品,キャラ組み立て用の部品（子供・髪）: 男_髪005-02。96×128（32×32×4方向×3コマ）,96,128,4,ぴぽや倉庫,ぴぽや32×32グラフィック合成器用パーツ（キャラを組み立てる部品）,ぴぽや,https://pipoya.net/sozai/assets/charachip/character-chip-2/,ぴぽや 無料素材利用規約,
10-parts/pipoya-part-cape-013.png,組み立て用の部品,キャラ組み立て用の部品（子供・マント）: マント001-01。96×128（32×32×4方向×3コマ）,96,128,4,ぴぽや倉庫,ぴぽや32×32グラフィック合成器用パーツ（キャラを組み立てる部品）,ぴぽや,https://pipoya.net/sozai/assets/charachip/character-chip-2/,ぴぽや 無料素材利用規約,
10-parts/pipoya-part-cape-015.png,組み立て用の部品,キャラ組み立て用の部品（子供・マント）: マント001-03。96×128（32×32×4方向×3コマ）,96,128,4,ぴぽや倉庫,ぴぽや32×32グラフィック合成器用パーツ（キャラを組み立てる部品）,ぴぽや,https://pipoya.net/sozai/assets/charachip/character-chip-2/,ぴぽや 無料素材利用規約,
10-parts/pipoya-part-cape-016.png,組み立て用の部品,キャラ組み立て用の部品（子供・マント）: 尻尾001_うさ。96×128（32×32×4方向×3コマ）,96,128,4,ぴぽや倉庫,ぴぽや32×32グラフィック合成器用パーツ（キャラを組み立てる部品）,ぴぽや,https://pipoya.net/sozai/assets/charachip/character-chip-2/,ぴぽや 無料素材利用規約,
10-parts/pipoya-part-clothes-076.png,組み立て用の部品,キャラ組み立て用の部品（老人・服）: 男_服001_一般人。96×128（32×32×4方向×3コマ）,96,128,12,ぴぽや倉庫,ぴぽや32×32グラフィック合成器用パーツ（キャラを組み立てる部品）,ぴぽや,https://pipoya.net/sozai/assets/charachip/character-chip-2/,ぴぽや 無料素材利用規約,
10-parts/pipoya-part-hair-090.png,組み立て用の部品,キャラ組み立て用の部品（老人・髪）: 女_髪001-02。96×128（32×32×4方向×3コマ）,96,128,4,ぴぽや倉庫,ぴぽや32×32グラフィック合成器用パーツ（キャラを組み立てる部品）,ぴぽや,https://pipoya.net/sozai/assets/charachip/character-chip-2/,ぴぽや 無料素材利用規約,
10-parts/pipoya-part-hair-091.png,組み立て用の部品,キャラ組み立て用の部品（老人・髪）: 女_髪002-01。96×128（32×32×4方向×3コマ）,96,128,4,ぴぽや倉庫,ぴぽや32×32グラフィック合成器用パーツ（キャラを組み立てる部品）,ぴぽや,https://pipoya.net/sozai/assets/charachip/character-chip-2/,ぴぽや 無料素材利用規約,
10-parts/pipoya-part-hair-093.png,組み立て用の部品,キャラ組み立て用の部品（老人・髪）: 女_髪003-01。96×128（32×32×4方向×3コマ）,96,128,4,ぴぽや倉庫,ぴぽや32×32グラフィック合成器用パーツ（キャラを組み立てる部品）,ぴぽや,https://pipoya.net/sozai/assets/charachip/character-chip-2/,ぴぽや 無料素材利用規約,
10-parts/pipoya-part-hair-095.png,組み立て用の部品,キャラ組み立て用の部品（老人・髪）: 男_髪001-01。96×128（32×32×4方向×3コマ）,96,128,3,ぴぽや倉庫,ぴぽや32×32グラフィック合成器用パーツ（キャラを組み立てる部品）,ぴぽや,https://pipoya.net/sozai/assets/charachip/character-chip-2/,ぴぽや 無料素材利用規約,
10-parts/pipoya-part-hair-096.png,組み立て用の部品,キャラ組み立て用の部品（老人・髪）: 男_髪001-02。96×128（32×32×4方向×3コマ）,96,128,3,ぴぽや倉庫,ぴぽや32×32グラフィック合成器用パーツ（キャラを組み立てる部品）,ぴぽや,https://pipoya.net/sozai/assets/charachip/character-chip-2/,ぴぽや 無料素材利用規約,
10-parts/pipoya-part-hair-098.png,組み立て用の部品,キャラ組み立て用の部品（老人・髪）: 男_髪002-02。96×128（32×32×4方向×3コマ）,96,128,4,ぴぽや倉庫,ぴぽや32×32グラフィック合成器用パーツ（キャラを組み立てる部品）,ぴぽや,https://pipoya.net/sozai/assets/charachip/character-chip-2/,ぴぽや 無料素材利用規約,
10-parts/pipoya-part-hair-099.png,組み立て用の部品,キャラ組み立て用の部品（老人・髪）: 男_髪003-01。96×128（32×32×4方向×3コマ）,96,128,4,ぴぽや倉庫,ぴぽや32×32グラフィック合成器用パーツ（キャラを組み立てる部品）,ぴぽや,https://pipoya.net/sozai/assets/charachip/character-chip-2/,ぴぽや 無料素材利用規約,
10-parts/pipoya-part-hat-027.png,組み立て用の部品,キャラ組み立て用の部品（老人・帽子）: 帽子001_兵士。96×128（32×32×4方向×3コマ）,96,128,6,ぴぽや倉庫,ぴぽや32×32グラフィック合成器用パーツ（キャラを組み立てる部品）,ぴぽや,https://pipoya.net/sozai/assets/charachip/character-chip-2/,ぴぽや 無料素材利用規約,
10-parts/pipoya-part-hat-029.png,組み立て用の部品,キャラ組み立て用の部品（老人・帽子）: 帽子003_ティアラ。96×128（32×32×4方向×3コマ）,96,128,7,ぴぽや倉庫,ぴぽや32×32グラフィック合成器用パーツ（キャラを組み立てる部品）,ぴぽや,https://pipoya.net/sozai/assets/charachip/character-chip-2/,ぴぽや 無料素材利用規約,
10-parts/pipoya-part-hat-030.png,組み立て用の部品,キャラ組み立て用の部品（老人・帽子）: 帽子004_後ろ髪飾り。96×128（32×32×4方向×3コマ）,96,128,4,ぴぽや倉庫,ぴぽや32×32グラフィック合成器用パーツ（キャラを組み立てる部品）,ぴぽや,https://pipoya.net/sozai/assets/charachip/character-chip-2/,ぴぽや 無料素材利用規約,
10-parts/pipoya-part-hat-032.png,組み立て用の部品,キャラ組み立て用の部品（老人・帽子）: 帽子006_魔法使い。96×128（32×32×4方向×3コマ）,96,128,7,ぴぽや倉庫,ぴぽや32×32グラフィック合成器用パーツ（キャラを組み立てる部品）,ぴぽや,https://pipoya.net/sozai/assets/charachip/character-chip-2/,ぴぽや 無料素材利用規約,
10-parts/pipoya-part-hat-034.png,組み立て用の部品,キャラ組み立て用の部品（老人・帽子）: 帽子008_僧侶。96×128（32×32×4方向×3コマ）,96,128,7,ぴぽや倉庫,ぴぽや32×32グラフィック合成器用パーツ（キャラを組み立てる部品）,ぴぽや,https://pipoya.net/sozai/assets/charachip/character-chip-2/,ぴぽや 無料素材利用規約,
10-parts/pipoya-part-hat-035.png,組み立て用の部品,キャラ組み立て用の部品（老人・帽子）: 帽子009_僧侶。96×128（32×32×4方向×3コマ）,96,128,7,ぴぽや倉庫,ぴぽや32×32グラフィック合成器用パーツ（キャラを組み立てる部品）,ぴぽや,https://pipoya.net/sozai/assets/charachip/character-chip-2/,ぴぽや 無料素材利用規約,
10-parts/pipoya-part-hat-037.png,組み立て用の部品,キャラ組み立て用の部品（老人・帽子）: 帽子011_カチューシャ。96×128（32×32×4方向×3コマ）,96,128,3,ぴぽや倉庫,ぴぽや32×32グラフィック合成器用パーツ（キャラを組み立てる部品）,ぴぽや,https://pipoya.net/sozai/assets/charachip/character-chip-2/,ぴぽや 無料素材利用規約,
10-parts/pipoya-part-beard-010.png,組み立て用の部品,キャラ組み立て用の部品（老人・ヒゲ）: ヒゲ001-02。96×128（32×32×4方向×3コマ）,96,128,4,ぴぽや倉庫,ぴぽや32×32グラフィック合成器用パーツ（キャラを組み立てる部品）,ぴぽや,https://pipoya.net/sozai/assets/charachip/character-chip-2/,ぴぽや 無料素材利用規約,
10-parts/pipoya-part-body-009.png,組み立て用の部品,キャラ組み立て用の部品（猫にん・ベース）: ベース001。96×128（32×32×4方向×3コマ）,96,128,10,ぴぽや倉庫,ぴぽや32×32グラフィック合成器用パーツ（キャラを組み立てる部品）,ぴぽや,https://pipoya.net/sozai/assets/charachip/character-chip-2/,ぴぽや 無料素材利用規約,
10-parts/pipoya-part-body-011.png,組み立て用の部品,キャラ組み立て用の部品（猫にん・ベース）: ベース003。96×128（32×32×4方向×3コマ）,96,128,7,ぴぽや倉庫,ぴぽや32×32グラフィック合成器用パーツ（キャラを組み立てる部品）,ぴぽや,https://pipoya.net/sozai/assets/charachip/character-chip-2/,ぴぽや 無料素材利用規約,
10-parts/pipoya-part-body-012.png,組み立て用の部品,キャラ組み立て用の部品（猫にん・ベース）: ベース004。96×128（32×32×4方向×3コマ）,96,128,7,ぴぽや倉庫,ぴぽや32×32グラフィック合成器用パーツ（キャラを組み立てる部品）,ぴぽや,https://pipoya.net/sozai/assets/charachip/character-chip-2/,ぴぽや 無料素材利用規約,
10-parts/pipoya-part-body-014.png,組み立て用の部品,キャラ組み立て用の部品（猫にん・ベース）: ベース006。96×128（32×32×4方向×3コマ）,96,128,13,ぴぽや倉庫,ぴぽや32×32グラフィック合成器用パーツ（キャラを組み立てる部品）,ぴぽや,https://pipoya.net/sozai/assets/charachip/character-chip-2/,ぴぽや 無料素材利用規約,
10-parts/pipoya-part-body-016.png,組み立て用の部品,キャラ組み立て用の部品（猫にん・ベース）: ベース008。96×128（32×32×4方向×3コマ）,96,128,13,ぴぽや倉庫,ぴぽや32×32グラフィック合成器用パーツ（キャラを組み立てる部品）,ぴぽや,https://pipoya.net/sozai/assets/charachip/character-chip-2/,ぴぽや 無料素材利用規約,
10-parts/pipoya-part-body-017.png,組み立て用の部品,キャラ組み立て用の部品（猫にん・ベース）: ベース009。96×128（32×32×4方向×3コマ）,96,128,13,ぴぽや倉庫,ぴぽや32×32グラフィック合成器用パーツ（キャラを組み立てる部品）,ぴぽや,https://pipoya.net/sozai/assets/charachip/character-chip-2/,ぴぽや 無料素材利用規約,
10-parts/pipoya-part-body-019.png,組み立て用の部品,キャラ組み立て用の部品（猫にん・ベース）: ベース011。96×128（32×32×4方向×3コマ）,96,128,10,ぴぽや倉庫,ぴぽや32×32グラフィック合成器用パーツ（キャラを組み立てる部品）,ぴぽや,https://pipoya.net/sozai/assets/charachip/character-chip-2/,ぴぽや 無料素材利用規約,
10-parts/pipoya-part-body-021.png,組み立て用の部品,キャラ組み立て用の部品（猫にん・ベース）: ベース013。96×128（32×32×4方向×3コマ）,96,128,10,ぴぽや倉庫,ぴぽや32×32グラフィック合成器用パーツ（キャラを組み立てる部品）,ぴぽや,https://pipoya.net/sozai/assets/charachip/character-chip-2/,ぴぽや 無料素材利用規約,
10-parts/pipoya-part-body-022.png,組み立て用の部品,キャラ組み立て用の部品（猫にん・ベース）: ベース014。96×128（32×32×4方向×3コマ）,96,128,12,ぴぽや倉庫,ぴぽや32×32グラフィック合成器用パーツ（キャラを組み立てる部品）,ぴぽや,https://pipoya.net/sozai/assets/charachip/character-chip-2/,ぴぽや 無料素材利用規約,
10-parts/pipoya-part-body-024.png,組み立て用の部品,キャラ組み立て用の部品（猫にん・ベース）: ベース016。96×128（32×32×4方向×3コマ）,96,128,7,ぴぽや倉庫,ぴぽや32×32グラフィック合成器用パーツ（キャラを組み立てる部品）,ぴぽや,https://pipoya.net/sozai/assets/charachip/character-chip-2/,ぴぽや 無料素材利用規約,
10-parts/pipoya-part-body-025.png,組み立て用の部品,キャラ組み立て用の部品（猫にん・ベース）: ベース017。96×128（32×32×4方向×3コマ）,96,128,11,ぴぽや倉庫,ぴぽや32×32グラフィック合成器用パーツ（キャラを組み立てる部品）,ぴぽや,https://pipoya.net/sozai/assets/charachip/character-chip-2/,ぴぽや 無料素材利用規約,
10-parts/pipoya-part-hat-039.png,組み立て用の部品,キャラ組み立て用の部品（猫にん・帽子）: リボン001_右-02。96×128（32×32×4方向×3コマ）,96,128,4,ぴぽや倉庫,ぴぽや32×32グラフィック合成器用パーツ（キャラを組み立てる部品）,ぴぽや,https://pipoya.net/sozai/assets/charachip/character-chip-2/,ぴぽや 無料素材利用規約,
10-parts/pipoya-part-hat-041.png,組み立て用の部品,キャラ組み立て用の部品（猫にん・帽子）: リボン001_左-01。96×128（32×32×4方向×3コマ）,96,128,4,ぴぽや倉庫,ぴぽや32×32グラフィック合成器用パーツ（キャラを組み立てる部品）,ぴぽや,https://pipoya.net/sozai/assets/charachip/character-chip-2/,ぴぽや 無料素材利用規約,
10-parts/pipoya-part-hat-042.png,組み立て用の部品,キャラ組み立て用の部品（猫にん・帽子）: リボン001_左-02。96×128（32×32×4方向×3コマ）,96,128,4,ぴぽや倉庫,ぴぽや32×32グラフィック合成器用パーツ（キャラを組み立てる部品）,ぴぽや,https://pipoya.net/sozai/assets/charachip/character-chip-2/,ぴぽや 無料素材利用規約,
10-parts/pipoya-part-hat-044.png,組み立て用の部品,キャラ組み立て用の部品（猫にん・帽子）: 天使の輪-01。96×128（32×32×4方向×3コマ）,96,128,4,ぴぽや倉庫,ぴぽや32×32グラフィック合成器用パーツ（キャラを組み立てる部品）,ぴぽや,https://pipoya.net/sozai/assets/charachip/character-chip-2/,ぴぽや 無料素材利用規約,
10-parts/pipoya-part-hat-046.png,組み立て用の部品,キャラ組み立て用の部品（猫にん・帽子）: 帽子002_魔王の兜。96×128（32×32×4方向×3コマ）,96,128,7,ぴぽや倉庫,ぴぽや32×32グラフィック合成器用パーツ（キャラを組み立てる部品）,ぴぽや,https://pipoya.net/sozai/assets/charachip/character-chip-2/,ぴぽや 無料素材利用規約,
10-parts/pipoya-part-hat-047.png,組み立て用の部品,キャラ組み立て用の部品（猫にん・帽子）: 帽子003-01。96×128（32×32×4方向×3コマ）,96,128,7,ぴぽや倉庫,ぴぽや32×32グラフィック合成器用パーツ（キャラを組み立てる部品）,ぴぽや,https://pipoya.net/sozai/assets/charachip/character-chip-2/,ぴぽや 無料素材利用規約,
10-parts/pipoya-part-hat-049.png,組み立て用の部品,キャラ組み立て用の部品（猫にん・帽子）: 帽子003-03。96×128（32×32×4方向×3コマ）,96,128,7,ぴぽや倉庫,ぴぽや32×32グラフィック合成器用パーツ（キャラを組み立てる部品）,ぴぽや,https://pipoya.net/sozai/assets/charachip/character-chip-2/,ぴぽや 無料素材利用規約,
10-parts/pipoya-part-hat-050.png,組み立て用の部品,キャラ組み立て用の部品（猫にん・帽子）: 帽子004_パンツ-01。96×128（32×32×4方向×3コマ）,96,128,4,ぴぽや倉庫,ぴぽや32×32グラフィック合成器用パーツ（キャラを組み立てる部品）,ぴぽや,https://pipoya.net/sozai/assets/charachip/character-chip-2/,ぴぽや 無料素材利用規約,
10-parts/pipoya-part-hat-052.png,組み立て用の部品,キャラ組み立て用の部品（猫にん・帽子）: 帽子004_パンツ-03。96×128（32×32×4方向×3コマ）,96,128,4,ぴぽや倉庫,ぴぽや32×32グラフィック合成器用パーツ（キャラを組み立てる部品）,ぴぽや,https://pipoya.net/sozai/assets/charachip/character-chip-2/,ぴぽや 無料素材利用規約,
10-parts/pipoya-part-hat-054.png,組み立て用の部品,キャラ組み立て用の部品（猫にん・帽子）: 帽子005_麦わら-01。96×128（32×32×4方向×3コマ）,96,128,4,ぴぽや倉庫,ぴぽや32×32グラフィック合成器用パーツ（キャラを組み立てる部品）,ぴぽや,https://pipoya.net/sozai/assets/charachip/character-chip-2/,ぴぽや 無料素材利用規約,
10-parts/pipoya-part-hat-055.png,組み立て用の部品,キャラ組み立て用の部品（猫にん・帽子）: 帽子005_麦わら-02。96×128（32×32×4方向×3コマ）,96,128,7,ぴぽや倉庫,ぴぽや32×32グラフィック合成器用パーツ（キャラを組み立てる部品）,ぴぽや,https://pipoya.net/sozai/assets/charachip/character-chip-2/,ぴぽや 無料素材利用規約,
10-parts/pipoya-part-hat-057.png,組み立て用の部品,キャラ組み立て用の部品（猫にん・帽子）: 帽子007_カボチャ-01。96×128（32×32×4方向×3コマ）,96,128,5,ぴぽや倉庫,ぴぽや32×32グラフィック合成器用パーツ（キャラを組み立てる部品）,ぴぽや,https://pipoya.net/sozai/assets/charachip/character-chip-2/,ぴぽや 無料素材利用規約,
10-parts/pipoya-part-hat-059.png,組み立て用の部品,キャラ組み立て用の部品（猫にん・帽子）: 帽子008_魔法使い-01。96×128（32×32×4方向×3コマ）,96,128,7,ぴぽや倉庫,ぴぽや32×32グラフィック合成器用パーツ（キャラを組み立てる部品）,ぴぽや,https://pipoya.net/sozai/assets/charachip/character-chip-2/,ぴぽや 無料素材利用規約,
10-parts/pipoya-part-hat-060.png,組み立て用の部品,キャラ組み立て用の部品（猫にん・帽子）: 帽子008_魔法使い-02。96×128（32×32×4方向×3コマ）,96,128,7,ぴぽや倉庫,ぴぽや32×32グラフィック合成器用パーツ（キャラを組み立てる部品）,ぴぽや,https://pipoya.net/sozai/assets/charachip/character-chip-2/,ぴぽや 無料素材利用規約,
10-parts/pipoya-part-hat-062.png,組み立て用の部品,キャラ組み立て用の部品（猫にん・帽子）: 悪魔の角-01。96×128（32×32×4方向×3コマ）,96,128,4,ぴぽや倉庫,ぴぽや32×32グラフィック合成器用パーツ（キャラを組み立てる部品）,ぴぽや,https://pipoya.net/sozai/assets/charachip/character-chip-2/,ぴぽや 無料素材利用規約,
10-parts/pipoya-part-hat-064.png,組み立て用の部品,キャラ組み立て用の部品（猫にん・帽子）: 悪魔の角-03。96×128（32×32×4方向×3コマ）,96,128,4,ぴぽや倉庫,ぴぽや32×32グラフィック合成器用パーツ（キャラを組み立てる部品）,ぴぽや,https://pipoya.net/sozai/assets/charachip/character-chip-2/,ぴぽや 無料素材利用規約,
10-parts/pipoya-part-cape-017.png,組み立て用の部品,キャラ組み立て用の部品（猫にん・マント）: スカーフ001-01。96×128（32×32×4方向×3コマ）,96,128,4,ぴぽや倉庫,ぴぽや32×32グラフィック合成器用パーツ（キャラを組み立てる部品）,ぴぽや,https://pipoya.net/sozai/assets/charachip/character-chip-2/,ぴぽや 無料素材利用規約,
10-parts/pipoya-part-cape-019.png,組み立て用の部品,キャラ組み立て用の部品（猫にん・マント）: スカーフ001-03。96×128（32×32×4方向×3コマ）,96,128,4,ぴぽや倉庫,ぴぽや32×32グラフィック合成器用パーツ（キャラを組み立てる部品）,ぴぽや,https://pipoya.net/sozai/assets/charachip/character-chip-2/,ぴぽや 無料素材利用規約,
10-parts/pipoya-part-cape-020.png,組み立て用の部品,キャラ組み立て用の部品（猫にん・マント）: ネクタイ001-01。96×128（32×32×4方向×3コマ）,96,128,4,ぴぽや倉庫,ぴぽや32×32グラフィック合成器用パーツ（キャラを組み立てる部品）,ぴぽや,https://pipoya.net/sozai/assets/charachip/character-chip-2/,ぴぽや 無料素材利用規約,
10-parts/pipoya-part-cape-022.png,組み立て用の部品,キャラ組み立て用の部品（猫にん・マント）: ネクタイ001-03。96×128（32×32×4方向×3コマ）,96,128,4,ぴぽや倉庫,ぴぽや32×32グラフィック合成器用パーツ（キャラを組み立てる部品）,ぴぽや,https://pipoya.net/sozai/assets/charachip/character-chip-2/,ぴぽや 無料素材利用規約,
10-parts/pipoya-part-cape-024.png,組み立て用の部品,キャラ組み立て用の部品（猫にん・マント）: マント001-02。96×128（32×32×4方向×3コマ）,96,128,4,ぴぽや倉庫,ぴぽや32×32グラフィック合成器用パーツ（キャラを組み立てる部品）,ぴぽや,https://pipoya.net/sozai/assets/charachip/character-chip-2/,ぴぽや 無料素材利用規約,
10-parts/pipoya-part-cape-025.png,組み立て用の部品,キャラ組み立て用の部品（猫にん・マント）: マント001-03。96×128（32×32×4方向×3コマ）,96,128,4,ぴぽや倉庫,ぴぽや32×32グラフィック合成器用パーツ（キャラを組み立てる部品）,ぴぽや,https://pipoya.net/sozai/assets/charachip/character-chip-2/,ぴぽや 無料素材利用規約,
10-parts/pipoya-part-cape-027.png,組み立て用の部品,キャラ組み立て用の部品（猫にん・マント）: メダル001-01。96×128（32×32×4方向×3コマ）,96,128,7,ぴぽや倉庫,ぴぽや32×32グラフィック合成器用パーツ（キャラを組み立てる部品）,ぴぽや,https://pipoya.net/sozai/assets/charachip/character-chip-2/,ぴぽや 無料素材利用規約,
10-parts/pipoya-part-tail-001.png,組み立て用の部品,キャラ組み立て用の部品（猫にん・尻尾）: カギ001。96×128（32×32×4方向×3コマ）,96,128,4,ぴぽや倉庫,ぴぽや32×32グラフィック合成器用パーツ（キャラを組み立てる部品）,ぴぽや,https://pipoya.net/sozai/assets/charachip/character-chip-2/,ぴぽや 無料素材利用規約,
10-parts/pipoya-part-tail-002.png,組み立て用の部品,キャラ組み立て用の部品（猫にん・尻尾）: カギ002。96×128（32×32×4方向×3コマ）,96,128,4,ぴぽや倉庫,ぴぽや32×32グラフィック合成器用パーツ（キャラを組み立てる部品）,ぴぽや,https://pipoya.net/sozai/assets/charachip/character-chip-2/,ぴぽや 無料素材利用規約,
10-parts/pipoya-part-tail-004.png,組み立て用の部品,キャラ組み立て用の部品（猫にん・尻尾）: カギ004。96×128（32×32×4方向×3コマ）,96,128,4,ぴぽや倉庫,ぴぽや32×32グラフィック合成器用パーツ（キャラを組み立てる部品）,ぴぽや,https://pipoya.net/sozai/assets/charachip/character-chip-2/,ぴぽや 無料素材利用規約,
10-parts/pipoya-part-tail-005.png,組み立て用の部品,キャラ組み立て用の部品（猫にん・尻尾）: カギ005。96×128（32×32×4方向×3コマ）,96,128,7,ぴぽや倉庫,ぴぽや32×32グラフィック合成器用パーツ（キャラを組み立てる部品）,ぴぽや,https://pipoya.net/sozai/assets/charachip/character-chip-2/,ぴぽや 無料素材利用規約,
10-parts/pipoya-part-tail-008.png,組み立て用の部品,キャラ組み立て用の部品（猫にん・尻尾）: カギ008。96×128（32×32×4方向×3コマ）,96,128,7,ぴぽや倉庫,ぴぽや32×32グラフィック合成器用パーツ（キャラを組み立てる部品）,ぴぽや,https://pipoya.net/sozai/assets/charachip/character-chip-2/,ぴぽや 無料素材利用規約,
10-parts/pipoya-part-tail-010.png,組み立て用の部品,キャラ組み立て用の部品（猫にん・尻尾）: カギ010。96×128（32×32×4方向×3コマ）,96,128,4,ぴぽや倉庫,ぴぽや32×32グラフィック合成器用パーツ（キャラを組み立てる部品）,ぴぽや,https://pipoya.net/sozai/assets/charachip/character-chip-2/,ぴぽや 無料素材利用規約,
10-parts/pipoya-part-tail-011.png,組み立て用の部品,キャラ組み立て用の部品（猫にん・尻尾）: カギ011。96×128（32×32×4方向×3コマ）,96,128,7,ぴぽや倉庫,ぴぽや32×32グラフィック合成器用パーツ（キャラを組み立てる部品）,ぴぽや,https://pipoya.net/sozai/assets/charachip/character-chip-2/,ぴぽや 無料素材利用規約,
10-parts/pipoya-part-tail-013.png,組み立て用の部品,キャラ組み立て用の部品（猫にん・尻尾）: クマ001。96×128（32×32×4方向×3コマ）,96,128,4,ぴぽや倉庫,ぴぽや32×32グラフィック合成器用パーツ（キャラを組み立てる部品）,ぴぽや,https://pipoya.net/sozai/assets/charachip/character-chip-2/,ぴぽや 無料素材利用規約,
10-parts/pipoya-part-tail-015.png,組み立て用の部品,キャラ組み立て用の部品（猫にん・尻尾）: クマ003。96×128（32×32×4方向×3コマ）,96,128,4,ぴぽや倉庫,ぴぽや32×32グラフィック合成器用パーツ（キャラを組み立てる部品）,ぴぽや,https://pipoya.net/sozai/assets/charachip/character-chip-2/,ぴぽや 無料素材利用規約,
10-parts/pipoya-part-tail-016.png,組み立て用の部品,キャラ組み立て用の部品（猫にん・尻尾）: クマ004。96×128（32×32×4方向×3コマ）,96,128,4,ぴぽや倉庫,ぴぽや32×32グラフィック合成器用パーツ（キャラを組み立てる部品）,ぴぽや,https://pipoya.net/sozai/assets/charachip/character-chip-2/,ぴぽや 無料素材利用規約,
10-parts/pipoya-part-tail-019.png,組み立て用の部品,キャラ組み立て用の部品（猫にん・尻尾）: ボブ002。96×128（32×32×4方向×3コマ）,96,128,4,ぴぽや倉庫,ぴぽや32×32グラフィック合成器用パーツ（キャラを組み立てる部品）,ぴぽや,https://pipoya.net/sozai/assets/charachip/character-chip-2/,ぴぽや 無料素材利用規約,
08-objects-items/oga-icon-a-armor05.png,小物・アイテム・乗り物,RPGアイコン（32×32）: A_Armor05,34,34,6,OpenGameArt,496 pixel art icons for medieval/fantasy RPG,Henrique Lazarini (7Soul1),https://opengameart.org/content/496-pixel-art-icons-for-medievalfantasy-rpg,CC0 1.0,
08-objects-items/oga-icon-a-armour03.png,小物・アイテム・乗り物,RPGアイコン（32×32）: A_Armour03,34,34,10,OpenGameArt,496 pixel art icons for medieval/fantasy RPG,Henrique Lazarini (7Soul1),https://opengameart.org/content/496-pixel-art-icons-for-medievalfantasy-rpg,CC0 1.0,
08-objects-items/oga-icon-a-shoes01.png,小物・アイテム・乗り物,RPGアイコン（32×32）: A_Shoes01,34,34,6,OpenGameArt,496 pixel art icons for medieval/fantasy RPG,Henrique Lazarini (7Soul1),https://opengameart.org/content/496-pixel-art-icons-for-medievalfantasy-rpg,CC0 1.0,
08-objects-items/oga-icon-a-shoes04.png,小物・アイテム・乗り物,RPGアイコン（32×32）: A_Shoes04,34,34,10,OpenGameArt,496 pixel art icons for medieval/fantasy RPG,Henrique Lazarini (7Soul1),https://opengameart.org/content/496-pixel-art-icons-for-medievalfantasy-rpg,CC0 1.0,
08-objects-items/oga-icon-a-shoes07.png,小物・アイテム・乗り物,RPGアイコン（32×32）: A_Shoes07,34,34,14,OpenGameArt,496 pixel art icons for medieval/fantasy RPG,Henrique Lazarini (7Soul1),https://opengameart.org/content/496-pixel-art-icons-for-medievalfantasy-rpg,CC0 1.0,
08-objects-items/oga-icon-ac-medal04.png,小物・アイテム・乗り物,RPGアイコン（32×32）: Ac_Medal04,34,34,10,OpenGameArt,496 pixel art icons for medieval/fantasy RPG,Henrique Lazarini (7Soul1),https://opengameart.org/content/496-pixel-art-icons-for-medievalfantasy-rpg,CC0 1.0,
08-objects-items/oga-icon-ac-necklace02.png,小物・アイテム・乗り物,RPGアイコン（32×32）: Ac_Necklace02,34,34,9,OpenGameArt,496 pixel art icons for medieval/fantasy RPG,Henrique Lazarini (7Soul1),https://opengameart.org/content/496-pixel-art-icons-for-medievalfantasy-rpg,CC0 1.0,
08-objects-items/oga-icon-ac-necklace07.png,小物・アイテム・乗り物,RPGアイコン（32×32）: Ac_Necklace07,34,34,12,OpenGameArt,496 pixel art icons for medieval/fantasy RPG,Henrique Lazarini (7Soul1),https://opengameart.org/content/496-pixel-art-icons-for-medievalfantasy-rpg,CC0 1.0,
08-objects-items/oga-icon-ac-ring02.png,小物・アイテム・乗り物,RPGアイコン（32×32）: Ac_Ring02,34,34,11,OpenGameArt,496 pixel art icons for medieval/fantasy RPG,Henrique Lazarini (7Soul1),https://opengameart.org/content/496-pixel-art-icons-for-medievalfantasy-rpg,CC0 1.0,
08-objects-items/oga-icon-c-elm04.png,小物・アイテム・乗り物,RPGアイコン（32×32）: C_Elm04,34,34,9,OpenGameArt,496 pixel art icons for medieval/fantasy RPG,Henrique Lazarini (7Soul1),https://opengameart.org/content/496-pixel-art-icons-for-medievalfantasy-rpg,CC0 1.0,
08-objects-items/oga-icon-e-bones03.png,小物・アイテム・乗り物,RPGアイコン（32×32）: E_Bones03,34,34,8,OpenGameArt,496 pixel art icons for medieval/fantasy RPG,Henrique Lazarini (7Soul1),https://opengameart.org/content/496-pixel-art-icons-for-medievalfantasy-rpg,CC0 1.0,
08-objects-items/oga-icon-e-metal01.png,小物・アイテム・乗り物,RPGアイコン（32×32）: E_Metal01,34,34,7,OpenGameArt,496 pixel art icons for medieval/fantasy RPG,Henrique Lazarini (7Soul1),https://opengameart.org/content/496-pixel-art-icons-for-medievalfantasy-rpg,CC0 1.0,
08-objects-items/oga-icon-e-metal05.png,小物・アイテム・乗り物,RPGアイコン（32×32）: E_Metal05,34,34,6,OpenGameArt,496 pixel art icons for medieval/fantasy RPG,Henrique Lazarini (7Soul1),https://opengameart.org/content/496-pixel-art-icons-for-medievalfantasy-rpg,CC0 1.0,
08-objects-items/oga-icon-e-metal07.png,小物・アイテム・乗り物,RPGアイコン（32×32）: E_Metal07,34,34,6,OpenGameArt,496 pixel art icons for medieval/fantasy RPG,Henrique Lazarini (7Soul1),https://opengameart.org/content/496-pixel-art-icons-for-medievalfantasy-rpg,CC0 1.0,
08-objects-items/oga-icon-e-wood01.png,小物・アイテム・乗り物,RPGアイコン（32×32）: E_Wood01,34,34,5,OpenGameArt,496 pixel art icons for medieval/fantasy RPG,Henrique Lazarini (7Soul1),https://opengameart.org/content/496-pixel-art-icons-for-medievalfantasy-rpg,CC0 1.0,
08-objects-items/oga-icon-i-birdsbeak.png,小物・アイテム・乗り物,RPGアイコン（32×32）: I_BirdsBeak,34,34,7,OpenGameArt,496 pixel art icons for medieval/fantasy RPG,Henrique Lazarini (7Soul1),https://opengameart.org/content/496-pixel-art-icons-for-medievalfantasy-rpg,CC0 1.0,
08-objects-items/oga-icon-i-bottle02.png,小物・アイテム・乗り物,RPGアイコン（32×32）: I_Bottle02,34,34,8,OpenGameArt,496 pixel art icons for medieval/fantasy RPG,Henrique Lazarini (7Soul1),https://opengameart.org/content/496-pixel-art-icons-for-medievalfantasy-rpg,CC0 1.0,
08-objects-items/oga-icon-i-bronzebar.png,小物・アイテム・乗り物,RPGアイコン（32×32）: I_BronzeBar,34,34,5,OpenGameArt,496 pixel art icons for medieval/fantasy RPG,Henrique Lazarini (7Soul1),https://opengameart.org/content/496-pixel-art-icons-for-medievalfantasy-rpg,CC0 1.0,
08-objects-items/oga-icon-i-c-carrot.png,小物・アイテム・乗り物,RPGアイコン（32×32）: I_C_Carrot,34,34,8,OpenGameArt,496 pixel art icons for medieval/fantasy RPG,Henrique Lazarini (7Soul1),https://opengameart.org/content/496-pixel-art-icons-for-medievalfantasy-rpg,CC0 1.0,
08-objects-items/oga-icon-i-c-grapes.png,小物・アイテム・乗り物,RPGアイコン（32×32）: I_C_Grapes,34,34,8,OpenGameArt,496 pixel art icons for medieval/fantasy RPG,Henrique Lazarini (7Soul1),https://opengameart.org/content/496-pixel-art-icons-for-medievalfantasy-rpg,CC0 1.0,
08-objects-items/oga-icon-i-c-lemon.png,小物・アイテム・乗り物,RPGアイコン（32×32）: I_C_Lemon,34,34,6,OpenGameArt,496 pixel art icons for medieval/fantasy RPG,Henrique Lazarini (7Soul1),https://opengameart.org/content/496-pixel-art-icons-for-medievalfantasy-rpg,CC0 1.0,
08-objects-items/oga-icon-i-c-mushroom.png,小物・アイテム・乗り物,RPGアイコン（32×32）: I_C_Mushroom,34,34,6,OpenGameArt,496 pixel art icons for medieval/fantasy RPG,Henrique Lazarini (7Soul1),https://opengameart.org/content/496-pixel-art-icons-for-medievalfantasy-rpg,CC0 1.0,
08-objects-items/oga-icon-i-c-pear.png,小物・アイテム・乗り物,RPGアイコン（32×32）: I_C_Pear,34,34,9,OpenGameArt,496 pixel art icons for medieval/fantasy RPG,Henrique Lazarini (7Soul1),https://opengameart.org/content/496-pixel-art-icons-for-medievalfantasy-rpg,CC0 1.0,
08-objects-items/oga-icon-i-c-radish.png,小物・アイテム・乗り物,RPGアイコン（32×32）: I_C_Radish,34,34,9,OpenGameArt,496 pixel art icons for medieval/fantasy RPG,Henrique Lazarini (7Soul1),https://opengameart.org/content/496-pixel-art-icons-for-medievalfantasy-rpg,CC0 1.0,
08-objects-items/oga-icon-i-c-rawmeat.png,小物・アイテム・乗り物,RPGアイコン（32×32）: I_C_RawMeat,34,34,7,OpenGameArt,496 pixel art icons for medieval/fantasy RPG,Henrique Lazarini (7Soul1),https://opengameart.org/content/496-pixel-art-icons-for-medievalfantasy-rpg,CC0 1.0,
08-objects-items/oga-icon-i-c-watermellon.png,小物・アイテム・乗り物,RPGアイコン（32×32）: I_C_Watermellon,34,34,9,OpenGameArt,496 pixel art icons for medieval/fantasy RPG,Henrique Lazarini (7Soul1),https://opengameart.org/content/496-pixel-art-icons-for-medievalfantasy-rpg,CC0 1.0,
08-objects-items/oga-icon-i-cannon01.png,小物・アイテム・乗り物,RPGアイコン（32×32）: I_Cannon01,34,34,7,OpenGameArt,496 pixel art icons for medieval/fantasy RPG,Henrique Lazarini (7Soul1),https://opengameart.org/content/496-pixel-art-icons-for-medievalfantasy-rpg,CC0 1.0,
08-objects-items/oga-icon-i-cannon04.png,小物・アイテム・乗り物,RPGアイコン（32×32）: I_Cannon04,34,34,7,OpenGameArt,496 pixel art icons for medieval/fantasy RPG,Henrique Lazarini (7Soul1),https://opengameart.org/content/496-pixel-art-icons-for-medievalfantasy-rpg,CC0 1.0,
08-objects-items/oga-icon-i-chest02.png,小物・アイテム・乗り物,RPGアイコン（32×32）: I_Chest02,34,34,7,OpenGameArt,496 pixel art icons for medieval/fantasy RPG,Henrique Lazarini (7Soul1),https://opengameart.org/content/496-pixel-art-icons-for-medievalfantasy-rpg,CC0 1.0,
08-objects-items/oga-icon-i-clover.png,小物・アイテム・乗り物,RPGアイコン（32×32）: I_Clover,34,34,5,OpenGameArt,496 pixel art icons for medieval/fantasy RPG,Henrique Lazarini (7Soul1),https://opengameart.org/content/496-pixel-art-icons-for-medievalfantasy-rpg,CC0 1.0,
08-objects-items/oga-icon-i-crystal02.png,小物・アイテム・乗り物,RPGアイコン（32×32）: I_Crystal02,34,34,6,OpenGameArt,496 pixel art icons for medieval/fantasy RPG,Henrique Lazarini (7Soul1),https://opengameart.org/content/496-pixel-art-icons-for-medievalfantasy-rpg,CC0 1.0,
08-objects-items/oga-icon-i-diamond.png,小物・アイテム・乗り物,RPGアイコン（32×32）: I_Diamond,34,34,6,OpenGameArt,496 pixel art icons for medieval/fantasy RPG,Henrique Lazarini (7Soul1),https://opengameart.org/content/496-pixel-art-icons-for-medievalfantasy-rpg,CC0 1.0,
08-objects-items/oga-icon-i-fang.png,小物・アイテム・乗り物,RPGアイコン（32×32）: I_Fang,34,34,5,OpenGameArt,496 pixel art icons for medieval/fantasy RPG,Henrique Lazarini (7Soul1),https://opengameart.org/content/496-pixel-art-icons-for-medievalfantasy-rpg,CC0 1.0,
08-objects-items/oga-icon-i-fishtail.png,小物・アイテム・乗り物,RPGアイコン（32×32）: I_FishTail,34,34,7,OpenGameArt,496 pixel art icons for medieval/fantasy RPG,Henrique Lazarini (7Soul1),https://opengameart.org/content/496-pixel-art-icons-for-medievalfantasy-rpg,CC0 1.0,
08-objects-items/oga-icon-i-frogleg.png,小物・アイテム・乗り物,RPGアイコン（32×32）: I_FrogLeg,34,34,5,OpenGameArt,496 pixel art icons for medieval/fantasy RPG,Henrique Lazarini (7Soul1),https://opengameart.org/content/496-pixel-art-icons-for-medievalfantasy-rpg,CC0 1.0,
08-objects-items/oga-icon-i-ink.png,小物・アイテム・乗り物,RPGアイコン（32×32）: I_Ink,34,34,9,OpenGameArt,496 pixel art icons for medieval/fantasy RPG,Henrique Lazarini (7Soul1),https://opengameart.org/content/496-pixel-art-icons-for-medievalfantasy-rpg,CC0 1.0,
08-objects-items/oga-icon-i-jade.png,小物・アイテム・乗り物,RPGアイコン（32×32）: I_Jade,34,34,8,OpenGameArt,496 pixel art icons for medieval/fantasy RPG,Henrique Lazarini (7Soul1),https://opengameart.org/content/496-pixel-art-icons-for-medievalfantasy-rpg,CC0 1.0,
08-objects-items/oga-icon-i-key03.png,小物・アイテム・乗り物,RPGアイコン（32×32）: I_Key03,34,34,4,OpenGameArt,496 pixel art icons for medieval/fantasy RPG,Henrique Lazarini (7Soul1),https://opengameart.org/content/496-pixel-art-icons-for-medievalfantasy-rpg,CC0 1.0,
08-objects-items/oga-icon-i-key06.png,小物・アイテム・乗り物,RPGアイコン（32×32）: I_Key06,34,34,5,OpenGameArt,496 pixel art icons for medieval/fantasy RPG,Henrique Lazarini (7Soul1),https://opengameart.org/content/496-pixel-art-icons-for-medievalfantasy-rpg,CC0 1.0,
08-objects-items/oga-icon-i-leaf.png,小物・アイテム・乗り物,RPGアイコン（32×32）: I_Leaf,34,34,6,OpenGameArt,496 pixel art icons for medieval/fantasy RPG,Henrique Lazarini (7Soul1),https://opengameart.org/content/496-pixel-art-icons-for-medievalfantasy-rpg,CC0 1.0,
08-objects-items/oga-icon-i-opal.png,小物・アイテム・乗り物,RPGアイコン（32×32）: I_Opal,34,34,12,OpenGameArt,496 pixel art icons for medieval/fantasy RPG,Henrique Lazarini (7Soul1),https://opengameart.org/content/496-pixel-art-icons-for-medievalfantasy-rpg,CC0 1.0,
08-objects-items/oga-icon-i-rock02.png,小物・アイテム・乗り物,RPGアイコン（32×32）: I_Rock02,34,34,10,OpenGameArt,496 pixel art icons for medieval/fantasy RPG,Henrique Lazarini (7Soul1),https://opengameart.org/content/496-pixel-art-icons-for-medievalfantasy-rpg,CC0 1.0,
08-objects-items/oga-icon-i-rock04.png,小物・アイテム・乗り物,RPGアイコン（32×32）: I_Rock04,34,34,10,OpenGameArt,496 pixel art icons for medieval/fantasy RPG,Henrique Lazarini (7Soul1),https://opengameart.org/content/496-pixel-art-icons-for-medievalfantasy-rpg,CC0 1.0,
08-objects-items/oga-icon-i-sapphire.png,小物・アイテム・乗り物,RPGアイコン（32×32）: I_Sapphire,34,34,7,OpenGameArt,496 pixel art icons for medieval/fantasy RPG,Henrique Lazarini (7Soul1),https://opengameart.org/content/496-pixel-art-icons-for-medievalfantasy-rpg,CC0 1.0,
08-objects-items/oga-icon-i-scroll.png,小物・アイテム・乗り物,RPGアイコン（32×32）: I_Scroll,34,34,5,OpenGameArt,496 pixel art icons for medieval/fantasy RPG,Henrique Lazarini (7Soul1),https://opengameart.org/content/496-pixel-art-icons-for-medievalfantasy-rpg,CC0 1.0,
08-objects-items/oga-icon-i-silvercoin.png,小物・アイテム・乗り物,RPGアイコン（32×32）: I_SilverCoin,34,34,4,OpenGameArt,496 pixel art icons for medieval/fantasy RPG,Henrique Lazarini (7Soul1),https://opengameart.org/content/496-pixel-art-icons-for-medievalfantasy-rpg,CC0 1.0,
08-objects-items/oga-icon-i-telescope.png,小物・アイテム・乗り物,RPGアイコン（32×32）: I_Telescope,34,34,9,OpenGameArt,496 pixel art icons for medieval/fantasy RPG,Henrique Lazarini (7Soul1),https://opengameart.org/content/496-pixel-art-icons-for-medievalfantasy-rpg,CC0 1.0,
08-objects-items/oga-icon-i-torch01.png,小物・アイテム・乗り物,RPGアイコン（32×32）: I_Torch01,34,34,8,OpenGameArt,496 pixel art icons for medieval/fantasy RPG,Henrique Lazarini (7Soul1),https://opengameart.org/content/496-pixel-art-icons-for-medievalfantasy-rpg,CC0 1.0,
08-objects-items/oga-icon-i-wolffur.png,小物・アイテム・乗り物,RPGアイコン（32×32）: I_WolfFur,34,34,5,OpenGameArt,496 pixel art icons for medieval/fantasy RPG,Henrique Lazarini (7Soul1),https://opengameart.org/content/496-pixel-art-icons-for-medievalfantasy-rpg,CC0 1.0,
08-objects-items/oga-icon-p-blue02.png,小物・アイテム・乗り物,RPGアイコン（32×32）: P_Blue02,34,34,11,OpenGameArt,496 pixel art icons for medieval/fantasy RPG,Henrique Lazarini (7Soul1),https://opengameart.org/content/496-pixel-art-icons-for-medievalfantasy-rpg,CC0 1.0,
08-objects-items/oga-icon-p-blue06.png,小物・アイテム・乗り物,RPGアイコン（32×32）: P_Blue06,34,34,16,OpenGameArt,496 pixel art icons for medieval/fantasy RPG,Henrique Lazarini (7Soul1),https://opengameart.org/content/496-pixel-art-icons-for-medievalfantasy-rpg,CC0 1.0,
08-objects-items/oga-icon-p-green01.png,小物・アイテム・乗り物,RPGアイコン（32×32）: P_Green01,34,34,14,OpenGameArt,496 pixel art icons for medieval/fantasy RPG,Henrique Lazarini (7Soul1),https://opengameart.org/content/496-pixel-art-icons-for-medievalfantasy-rpg,CC0 1.0,
08-objects-items/oga-icon-p-green04.png,小物・アイテム・乗り物,RPGアイコン（32×32）: P_Green04,34,34,11,OpenGameArt,496 pixel art icons for medieval/fantasy RPG,Henrique Lazarini (7Soul1),https://opengameart.org/content/496-pixel-art-icons-for-medievalfantasy-rpg,CC0 1.0,
08-objects-items/oga-icon-p-medicine01.png,小物・アイテム・乗り物,RPGアイコン（32×32）: P_Medicine01,34,34,18,OpenGameArt,496 pixel art icons for medieval/fantasy RPG,Henrique Lazarini (7Soul1),https://opengameart.org/content/496-pixel-art-icons-for-medievalfantasy-rpg,CC0 1.0,
08-objects-items/oga-icon-p-medicine03.png,小物・アイテム・乗り物,RPGアイコン（32×32）: P_Medicine03,34,34,13,OpenGameArt,496 pixel art icons for medieval/fantasy RPG,Henrique Lazarini (7Soul1),https://opengameart.org/content/496-pixel-art-icons-for-medievalfantasy-rpg,CC0 1.0,
08-objects-items/oga-icon-p-medicine07.png,小物・アイテム・乗り物,RPGアイコン（32×32）: P_Medicine07,34,34,14,OpenGameArt,496 pixel art icons for medieval/fantasy RPG,Henrique Lazarini (7Soul1),https://opengameart.org/content/496-pixel-art-icons-for-medievalfantasy-rpg,CC0 1.0,
08-objects-items/oga-icon-p-orange01.png,小物・アイテム・乗り物,RPGアイコン（32×32）: P_Orange01,34,34,14,OpenGameArt,496 pixel art icons for medieval/fantasy RPG,Henrique Lazarini (7Soul1),https://opengameart.org/content/496-pixel-art-icons-for-medievalfantasy-rpg,CC0 1.0,
08-objects-items/oga-icon-p-orange03.png,小物・アイテム・乗り物,RPGアイコン（32×32）: P_Orange03,34,34,12,OpenGameArt,496 pixel art icons for medieval/fantasy RPG,Henrique Lazarini (7Soul1),https://opengameart.org/content/496-pixel-art-icons-for-medievalfantasy-rpg,CC0 1.0,
08-objects-items/oga-icon-p-orange06.png,小物・アイテム・乗り物,RPGアイコン（32×32）: P_Orange06,34,34,9,OpenGameArt,496 pixel art icons for medieval/fantasy RPG,Henrique Lazarini (7Soul1),https://opengameart.org/content/496-pixel-art-icons-for-medievalfantasy-rpg,CC0 1.0,
08-objects-items/oga-icon-p-pink03.png,小物・アイテム・乗り物,RPGアイコン（32×32）: P_Pink03,34,34,12,OpenGameArt,496 pixel art icons for medieval/fantasy RPG,Henrique Lazarini (7Soul1),https://opengameart.org/content/496-pixel-art-icons-for-medievalfantasy-rpg,CC0 1.0,
08-objects-items/oga-icon-p-pink05.png,小物・アイテム・乗り物,RPGアイコン（32×32）: P_Pink05,34,34,9,OpenGameArt,496 pixel art icons for medieval/fantasy RPG,Henrique Lazarini (7Soul1),https://opengameart.org/content/496-pixel-art-icons-for-medievalfantasy-rpg,CC0 1.0,
08-objects-items/oga-icon-p-pink08.png,小物・アイテム・乗り物,RPGアイコン（32×32）: P_Pink08,34,34,12,OpenGameArt,496 pixel art icons for medieval/fantasy RPG,Henrique Lazarini (7Soul1),https://opengameart.org/content/496-pixel-art-icons-for-medievalfantasy-rpg,CC0 1.0,
08-objects-items/oga-icon-p-red02.png,小物・アイテム・乗り物,RPGアイコン（32×32）: P_Red02,34,34,11,OpenGameArt,496 pixel art icons for medieval/fantasy RPG,Henrique Lazarini (7Soul1),https://opengameart.org/content/496-pixel-art-icons-for-medievalfantasy-rpg,CC0 1.0,
08-objects-items/oga-icon-p-red06.png,小物・アイテム・乗り物,RPGアイコン（32×32）: P_Red06,34,34,18,OpenGameArt,496 pixel art icons for medieval/fantasy RPG,Henrique Lazarini (7Soul1),https://opengameart.org/content/496-pixel-art-icons-for-medievalfantasy-rpg,CC0 1.0,
08-objects-items/oga-icon-p-white02.png,小物・アイテム・乗り物,RPGアイコン（32×32）: P_White02,34,34,11,OpenGameArt,496 pixel art icons for medieval/fantasy RPG,Henrique Lazarini (7Soul1),https://opengameart.org/content/496-pixel-art-icons-for-medievalfantasy-rpg,CC0 1.0,
08-objects-items/oga-icon-p-white04.png,小物・アイテム・乗り物,RPGアイコン（32×32）: P_White04,34,34,11,OpenGameArt,496 pixel art icons for medieval/fantasy RPG,Henrique Lazarini (7Soul1),https://opengameart.org/content/496-pixel-art-icons-for-medievalfantasy-rpg,CC0 1.0,
08-objects-items/oga-icon-p-yellow02.png,小物・アイテム・乗り物,RPGアイコン（32×32）: P_Yellow02,34,34,11,OpenGameArt,496 pixel art icons for medieval/fantasy RPG,Henrique Lazarini (7Soul1),https://opengameart.org/content/496-pixel-art-icons-for-medievalfantasy-rpg,CC0 1.0,
08-objects-items/oga-icon-p-yellow04.png,小物・アイテム・乗り物,RPGアイコン（32×32）: P_Yellow04,34,34,11,OpenGameArt,496 pixel art icons for medieval/fantasy RPG,Henrique Lazarini (7Soul1),https://opengameart.org/content/496-pixel-art-icons-for-medievalfantasy-rpg,CC0 1.0,
08-objects-items/oga-icon-p-yellow07.png,小物・アイテム・乗り物,RPGアイコン（32×32）: P_Yellow07,34,34,15,OpenGameArt,496 pixel art icons for medieval/fantasy RPG,Henrique Lazarini (7Soul1),https://opengameart.org/content/496-pixel-art-icons-for-medievalfantasy-rpg,CC0 1.0,
08-objects-items/oga-icon-s-axe02.png,小物・アイテム・乗り物,RPGアイコン（32×32）: S_Axe02,34,34,6,OpenGameArt,496 pixel art icons for medieval/fantasy RPG,Henrique Lazarini (7Soul1),https://opengameart.org/content/496-pixel-art-icons-for-medievalfantasy-rpg,CC0 1.0,
08-objects-items/oga-icon-s-axe05.png,小物・アイテム・乗り物,RPGアイコン（32×32）: S_Axe05,34,34,6,OpenGameArt,496 pixel art icons for medieval/fantasy RPG,Henrique Lazarini (7Soul1),https://opengameart.org/content/496-pixel-art-icons-for-medievalfantasy-rpg,CC0 1.0,
08-objects-items/oga-icon-s-bow01.png,小物・アイテム・乗り物,RPGアイコン（32×32）: S_Bow01,34,34,14,OpenGameArt,496 pixel art icons for medieval/fantasy RPG,Henrique Lazarini (7Soul1),https://opengameart.org/content/496-pixel-art-icons-for-medievalfantasy-rpg,CC0 1.0,
08-objects-items/oga-icon-s-bow03.png,小物・アイテム・乗り物,RPGアイコン（32×32）: S_Bow03,34,34,10,OpenGameArt,496 pixel art icons for medieval/fantasy RPG,Henrique Lazarini (7Soul1),https://opengameart.org/content/496-pixel-art-icons-for-medievalfantasy-rpg,CC0 1.0,
08-objects-items/oga-icon-s-bow06.png,小物・アイテム・乗り物,RPGアイコン（32×32）: S_Bow06,34,34,13,OpenGameArt,496 pixel art icons for medieval/fantasy RPG,Henrique Lazarini (7Soul1),https://opengameart.org/content/496-pixel-art-icons-for-medievalfantasy-rpg,CC0 1.0,
08-objects-items/oga-icon-s-bow09.png,小物・アイテム・乗り物,RPGアイコン（32×32）: S_Bow09,34,34,11,OpenGameArt,496 pixel art icons for medieval/fantasy RPG,Henrique Lazarini (7Soul1),https://opengameart.org/content/496-pixel-art-icons-for-medievalfantasy-rpg,CC0 1.0,
08-objects-items/oga-icon-s-bow11.png,小物・アイテム・乗り物,RPGアイコン（32×32）: S_Bow11,34,34,11,OpenGameArt,496 pixel art icons for medieval/fantasy RPG,Henrique Lazarini (7Soul1),https://opengameart.org/content/496-pixel-art-icons-for-medievalfantasy-rpg,CC0 1.0,
08-objects-items/oga-icon-s-bow14.png,小物・アイテム・乗り物,RPGアイコン（32×32）: S_Bow14,34,34,19,OpenGameArt,496 pixel art icons for medieval/fantasy RPG,Henrique Lazarini (7Soul1),https://opengameart.org/content/496-pixel-art-icons-for-medievalfantasy-rpg,CC0 1.0,
08-objects-items/oga-icon-s-buff02.png,小物・アイテム・乗り物,RPGアイコン（32×32）: S_Buff02,34,34,5,OpenGameArt,496 pixel art icons for medieval/fantasy RPG,Henrique Lazarini (7Soul1),https://opengameart.org/content/496-pixel-art-icons-for-medievalfantasy-rpg,CC0 1.0,
08-objects-items/oga-icon-s-buff06.png,小物・アイテム・乗り物,RPGアイコン（32×32）: S_Buff06,34,34,4,OpenGameArt,496 pixel art icons for medieval/fantasy RPG,Henrique Lazarini (7Soul1),https://opengameart.org/content/496-pixel-art-icons-for-medievalfantasy-rpg,CC0 1.0,
08-objects-items/oga-icon-s-buff10.png,小物・アイテム・乗り物,RPGアイコン（32×32）: S_Buff10,34,34,5,OpenGameArt,496 pixel art icons for medieval/fantasy RPG,Henrique Lazarini (7Soul1),https://opengameart.org/content/496-pixel-art-icons-for-medievalfantasy-rpg,CC0 1.0,
08-objects-items/oga-icon-s-buff12.png,小物・アイテム・乗り物,RPGアイコン（32×32）: S_Buff12,34,34,5,OpenGameArt,496 pixel art icons for medieval/fantasy RPG,Henrique Lazarini (7Soul1),https://opengameart.org/content/496-pixel-art-icons-for-medievalfantasy-rpg,CC0 1.0,
08-objects-items/oga-icon-s-dagger02.png,小物・アイテム・乗り物,RPGアイコン（32×32）: S_Dagger02,34,34,12,OpenGameArt,496 pixel art icons for medieval/fantasy RPG,Henrique Lazarini (7Soul1),https://opengameart.org/content/496-pixel-art-icons-for-medievalfantasy-rpg,CC0 1.0,
08-objects-items/oga-icon-s-dagger05.png,小物・アイテム・乗り物,RPGアイコン（32×32）: S_Dagger05,34,34,13,OpenGameArt,496 pixel art icons for medieval/fantasy RPG,Henrique Lazarini (7Soul1),https://opengameart.org/content/496-pixel-art-icons-for-medievalfantasy-rpg,CC0 1.0,
08-objects-items/oga-icon-s-earth01.png,小物・アイテム・乗り物,RPGアイコン（32×32）: S_Earth01,34,34,6,OpenGameArt,496 pixel art icons for medieval/fantasy RPG,Henrique Lazarini (7Soul1),https://opengameart.org/content/496-pixel-art-icons-for-medievalfantasy-rpg,CC0 1.0,
08-objects-items/oga-icon-s-earth04.png,小物・アイテム・乗り物,RPGアイコン（32×32）: S_Earth04,34,34,6,OpenGameArt,496 pixel art icons for medieval/fantasy RPG,Henrique Lazarini (7Soul1),https://opengameart.org/content/496-pixel-art-icons-for-medievalfantasy-rpg,CC0 1.0,
08-objects-items/oga-icon-s-earth06.png,小物・アイテム・乗り物,RPGアイコン（32×32）: S_Earth06,34,34,6,OpenGameArt,496 pixel art icons for medieval/fantasy RPG,Henrique Lazarini (7Soul1),https://opengameart.org/content/496-pixel-art-icons-for-medievalfantasy-rpg,CC0 1.0,
08-objects-items/oga-icon-s-fire02.png,小物・アイテム・乗り物,RPGアイコン（32×32）: S_Fire02,34,34,6,OpenGameArt,496 pixel art icons for medieval/fantasy RPG,Henrique Lazarini (7Soul1),https://opengameart.org/content/496-pixel-art-icons-for-medievalfantasy-rpg,CC0 1.0,
08-objects-items/oga-icon-s-fire05.png,小物・アイテム・乗り物,RPGアイコン（32×32）: S_Fire05,34,34,8,OpenGameArt,496 pixel art icons for medieval/fantasy RPG,Henrique Lazarini (7Soul1),https://opengameart.org/content/496-pixel-art-icons-for-medievalfantasy-rpg,CC0 1.0,
08-objects-items/oga-icon-s-fire07.png,小物・アイテム・乗り物,RPGアイコン（32×32）: S_Fire07,34,34,5,OpenGameArt,496 pixel art icons for medieval/fantasy RPG,Henrique Lazarini (7Soul1),https://opengameart.org/content/496-pixel-art-icons-for-medievalfantasy-rpg,CC0 1.0,
08-objects-items/oga-icon-s-holy02.png,小物・アイテム・乗り物,RPGアイコン（32×32）: S_Holy02,34,34,8,OpenGameArt,496 pixel art icons for medieval/fantasy RPG,Henrique Lazarini (7Soul1),https://opengameart.org/content/496-pixel-art-icons-for-medievalfantasy-rpg,CC0 1.0,
08-objects-items/oga-icon-s-holy05.png,小物・アイテム・乗り物,RPGアイコン（32×32）: S_Holy05,34,34,5,OpenGameArt,496 pixel art icons for medieval/fantasy RPG,Henrique Lazarini (7Soul1),https://opengameart.org/content/496-pixel-art-icons-for-medievalfantasy-rpg,CC0 1.0,
08-objects-items/oga-icon-s-holy08.png,小物・アイテム・乗り物,RPGアイコン（32×32）: S_Holy08,34,34,7,OpenGameArt,496 pixel art icons for medieval/fantasy RPG,Henrique Lazarini (7Soul1),https://opengameart.org/content/496-pixel-art-icons-for-medievalfantasy-rpg,CC0 1.0,
08-objects-items/oga-icon-s-ice01.png,小物・アイテム・乗り物,RPGアイコン（32×32）: S_Ice01,34,34,6,OpenGameArt,496 pixel art icons for medieval/fantasy RPG,Henrique Lazarini (7Soul1),https://opengameart.org/content/496-pixel-art-icons-for-medievalfantasy-rpg,CC0 1.0,
08-objects-items/oga-icon-s-ice03.png,小物・アイテム・乗り物,RPGアイコン（32×32）: S_Ice03,34,34,6,OpenGameArt,496 pixel art icons for medieval/fantasy RPG,Henrique Lazarini (7Soul1),https://opengameart.org/content/496-pixel-art-icons-for-medievalfantasy-rpg,CC0 1.0,
08-objects-items/oga-icon-s-ice06.png,小物・アイテム・乗り物,RPGアイコン（32×32）: S_Ice06,34,34,6,OpenGameArt,496 pixel art icons for medieval/fantasy RPG,Henrique Lazarini (7Soul1),https://opengameart.org/content/496-pixel-art-icons-for-medievalfantasy-rpg,CC0 1.0,
08-objects-items/oga-icon-s-ice08.png,小物・アイテム・乗り物,RPGアイコン（32×32）: S_Ice08,34,34,7,OpenGameArt,496 pixel art icons for medieval/fantasy RPG,Henrique Lazarini (7Soul1),https://opengameart.org/content/496-pixel-art-icons-for-medievalfantasy-rpg,CC0 1.0,
08-objects-items/oga-icon-s-light02.png,小物・アイテム・乗り物,RPGアイコン（32×32）: S_Light02,34,34,4,OpenGameArt,496 pixel art icons for medieval/fantasy RPG,Henrique Lazarini (7Soul1),https://opengameart.org/content/496-pixel-art-icons-for-medievalfantasy-rpg,CC0 1.0,
08-objects-items/oga-icon-s-magic01.png,小物・アイテム・乗り物,RPGアイコン（32×32）: S_Magic01,34,34,6,OpenGameArt,496 pixel art icons for medieval/fantasy RPG,Henrique Lazarini (7Soul1),https://opengameart.org/content/496-pixel-art-icons-for-medievalfantasy-rpg,CC0 1.0,
08-objects-items/oga-icon-s-magic03.png,小物・アイテム・乗り物,RPGアイコン（32×32）: S_Magic03,34,34,5,OpenGameArt,496 pixel art icons for medieval/fantasy RPG,Henrique Lazarini (7Soul1),https://opengameart.org/content/496-pixel-art-icons-for-medievalfantasy-rpg,CC0 1.0,
08-objects-items/oga-icon-s-magic06.png,小物・アイテム・乗り物,RPGアイコン（32×32）: S_Magic06,34,34,5,OpenGameArt,496 pixel art icons for medieval/fantasy RPG,Henrique Lazarini (7Soul1),https://opengameart.org/content/496-pixel-art-icons-for-medievalfantasy-rpg,CC0 1.0,
08-objects-items/oga-icon-s-magic09.png,小物・アイテム・乗り物,RPGアイコン（32×32）: S_Magic09,34,34,19,OpenGameArt,496 pixel art icons for medieval/fantasy RPG,Henrique Lazarini (7Soul1),https://opengameart.org/content/496-pixel-art-icons-for-medievalfantasy-rpg,CC0 1.0,
08-objects-items/oga-icon-s-magic11.png,小物・アイテム・乗り物,RPGアイコン（32×32）: S_Magic11,34,34,12,OpenGameArt,496 pixel art icons for medieval/fantasy RPG,Henrique Lazarini (7Soul1),https://opengameart.org/content/496-pixel-art-icons-for-medievalfantasy-rpg,CC0 1.0,
08-objects-items/oga-icon-s-poison01.png,小物・アイテム・乗り物,RPGアイコン（32×32）: S_Poison01,34,34,7,OpenGameArt,496 pixel art icons for medieval/fantasy RPG,Henrique Lazarini (7Soul1),https://opengameart.org/content/496-pixel-art-icons-for-medievalfantasy-rpg,CC0 1.0,
08-objects-items/oga-icon-s-poison03.png,小物・アイテム・乗り物,RPGアイコン（32×32）: S_Poison03,34,34,8,OpenGameArt,496 pixel art icons for medieval/fantasy RPG,Henrique Lazarini (7Soul1),https://opengameart.org/content/496-pixel-art-icons-for-medievalfantasy-rpg,CC0 1.0,
08-objects-items/oga-icon-s-poison06.png,小物・アイテム・乗り物,RPGアイコン（32×32）: S_Poison06,34,34,5,OpenGameArt,496 pixel art icons for medieval/fantasy RPG,Henrique Lazarini (7Soul1),https://opengameart.org/content/496-pixel-art-icons-for-medievalfantasy-rpg,CC0 1.0,
08-objects-items/oga-icon-s-poison09.png,小物・アイテム・乗り物,RPGアイコン（32×32）: S_Poison09,34,34,20,OpenGameArt,496 pixel art icons for medieval/fantasy RPG,Henrique Lazarini (7Soul1),https://opengameart.org/content/496-pixel-art-icons-for-medievalfantasy-rpg,CC0 1.0,
08-objects-items/oga-icon-s-shadow02.png,小物・アイテム・乗り物,RPGアイコン（32×32）: S_Shadow02,34,34,6,OpenGameArt,496 pixel art icons for medieval/fantasy RPG,Henrique Lazarini (7Soul1),https://opengameart.org/content/496-pixel-art-icons-for-medievalfantasy-rpg,CC0 1.0,
08-objects-items/oga-icon-s-shadow05.png,小物・アイテム・乗り物,RPGアイコン（32×32）: S_Shadow05,34,34,6,OpenGameArt,496 pixel art icons for medieval/fantasy RPG,Henrique Lazarini (7Soul1),https://opengameart.org/content/496-pixel-art-icons-for-medievalfantasy-rpg,CC0 1.0,
08-objects-items/oga-icon-s-shadow07.png,小物・アイテム・乗り物,RPGアイコン（32×32）: S_Shadow07,34,34,8,OpenGameArt,496 pixel art icons for medieval/fantasy RPG,Henrique Lazarini (7Soul1),https://opengameart.org/content/496-pixel-art-icons-for-medievalfantasy-rpg,CC0 1.0,
08-objects-items/oga-icon-s-shadow10.png,小物・アイテム・乗り物,RPGアイコン（32×32）: S_Shadow10,34,34,5,OpenGameArt,496 pixel art icons for medieval/fantasy RPG,Henrique Lazarini (7Soul1),https://opengameart.org/content/496-pixel-art-icons-for-medievalfantasy-rpg,CC0 1.0,
08-objects-items/oga-icon-s-shadow13.png,小物・アイテム・乗り物,RPGアイコン（32×32）: S_Shadow13,34,34,13,OpenGameArt,496 pixel art icons for medieval/fantasy RPG,Henrique Lazarini (7Soul1),https://opengameart.org/content/496-pixel-art-icons-for-medievalfantasy-rpg,CC0 1.0,
08-objects-items/oga-icon-s-shadow15.png,小物・アイテム・乗り物,RPGアイコン（32×32）: S_Shadow15,34,34,10,OpenGameArt,496 pixel art icons for medieval/fantasy RPG,Henrique Lazarini (7Soul1),https://opengameart.org/content/496-pixel-art-icons-for-medievalfantasy-rpg,CC0 1.0,
08-objects-items/oga-icon-s-sword02.png,小物・アイテム・乗り物,RPGアイコン（32×32）: S_Sword02,34,34,8,OpenGameArt,496 pixel art icons for medieval/fantasy RPG,Henrique Lazarini (7Soul1),https://opengameart.org/content/496-pixel-art-icons-for-medievalfantasy-rpg,CC0 1.0,
08-objects-items/oga-icon-s-sword04.png,小物・アイテム・乗り物,RPGアイコン（32×32）: S_Sword04,34,34,12,OpenGameArt,496 pixel art icons for medieval/fantasy RPG,Henrique Lazarini (7Soul1),https://opengameart.org/content/496-pixel-art-icons-for-medievalfantasy-rpg,CC0 1.0,
08-objects-items/oga-icon-s-sword07.png,小物・アイテム・乗り物,RPGアイコン（32×32）: S_Sword07,34,34,12,OpenGameArt,496 pixel art icons for medieval/fantasy RPG,Henrique Lazarini (7Soul1),https://opengameart.org/content/496-pixel-art-icons-for-medievalfantasy-rpg,CC0 1.0,
08-objects-items/oga-icon-s-sword10.png,小物・アイテム・乗り物,RPGアイコン（32×32）: S_Sword10,34,34,13,OpenGameArt,496 pixel art icons for medieval/fantasy RPG,Henrique Lazarini (7Soul1),https://opengameart.org/content/496-pixel-art-icons-for-medievalfantasy-rpg,CC0 1.0,
08-objects-items/oga-icon-s-sword16.png,小物・アイテム・乗り物,RPGアイコン（32×32）: S_Sword16,34,34,7,OpenGameArt,496 pixel art icons for medieval/fantasy RPG,Henrique Lazarini (7Soul1),https://opengameart.org/content/496-pixel-art-icons-for-medievalfantasy-rpg,CC0 1.0,
08-objects-items/oga-icon-s-sword19.png,小物・アイテム・乗り物,RPGアイコン（32×32）: S_Sword19,34,34,7,OpenGameArt,496 pixel art icons for medieval/fantasy RPG,Henrique Lazarini (7Soul1),https://opengameart.org/content/496-pixel-art-icons-for-medievalfantasy-rpg,CC0 1.0,
08-objects-items/oga-icon-s-thunder01.png,小物・アイテム・乗り物,RPGアイコン（32×32）: S_Thunder01,34,34,5,OpenGameArt,496 pixel art icons for medieval/fantasy RPG,Henrique Lazarini (7Soul1),https://opengameart.org/content/496-pixel-art-icons-for-medievalfantasy-rpg,CC0 1.0,
08-objects-items/oga-icon-s-thunder03.png,小物・アイテム・乗り物,RPGアイコン（32×32）: S_Thunder03,34,34,5,OpenGameArt,496 pixel art icons for medieval/fantasy RPG,Henrique Lazarini (7Soul1),https://opengameart.org/content/496-pixel-art-icons-for-medievalfantasy-rpg,CC0 1.0,
08-objects-items/oga-icon-s-thunder06.png,小物・アイテム・乗り物,RPGアイコン（32×32）: S_Thunder06,34,34,5,OpenGameArt,496 pixel art icons for medieval/fantasy RPG,Henrique Lazarini (7Soul1),https://opengameart.org/content/496-pixel-art-icons-for-medievalfantasy-rpg,CC0 1.0,
08-objects-items/oga-icon-s-water01.png,小物・アイテム・乗り物,RPGアイコン（32×32）: S_Water01,34,34,6,OpenGameArt,496 pixel art icons for medieval/fantasy RPG,Henrique Lazarini (7Soul1),https://opengameart.org/content/496-pixel-art-icons-for-medievalfantasy-rpg,CC0 1.0,
08-objects-items/oga-icon-s-water04.png,小物・アイテム・乗り物,RPGアイコン（32×32）: S_Water04,34,34,6,OpenGameArt,496 pixel art icons for medieval/fantasy RPG,Henrique Lazarini (7Soul1),https://opengameart.org/content/496-pixel-art-icons-for-medievalfantasy-rpg,CC0 1.0,
08-objects-items/oga-icon-s-water07.png,小物・アイテム・乗り物,RPGアイコン（32×32）: S_Water07,34,34,5,OpenGameArt,496 pixel art icons for medieval/fantasy RPG,Henrique Lazarini (7Soul1),https://opengameart.org/content/496-pixel-art-icons-for-medievalfantasy-rpg,CC0 1.0,
08-objects-items/oga-icon-s-wind02.png,小物・アイテム・乗り物,RPGアイコン（32×32）: S_Wind02,34,34,6,OpenGameArt,496 pixel art icons for medieval/fantasy RPG,Henrique Lazarini (7Soul1),https://opengameart.org/content/496-pixel-art-icons-for-medievalfantasy-rpg,CC0 1.0,
08-objects-items/oga-icon-s-wind05.png,小物・アイテム・乗り物,RPGアイコン（32×32）: S_Wind05,34,34,6,OpenGameArt,496 pixel art icons for medieval/fantasy RPG,Henrique Lazarini (7Soul1),https://opengameart.org/content/496-pixel-art-icons-for-medievalfantasy-rpg,CC0 1.0,
08-objects-items/oga-icon-s-wind07.png,小物・アイテム・乗り物,RPGアイコン（32×32）: S_Wind07,34,34,5,OpenGameArt,496 pixel art icons for medieval/fantasy RPG,Henrique Lazarini (7Soul1),https://opengameart.org/content/496-pixel-art-icons-for-medievalfantasy-rpg,CC0 1.0,
08-objects-items/oga-icon-w-axe004.png,小物・アイテム・乗り物,RPGアイコン（32×32）: W_Axe004,34,34,8,OpenGameArt,496 pixel art icons for medieval/fantasy RPG,Henrique Lazarini (7Soul1),https://opengameart.org/content/496-pixel-art-icons-for-medievalfantasy-rpg,CC0 1.0,
08-objects-items/oga-icon-w-axe007.png,小物・アイテム・乗り物,RPGアイコン（32×32）: W_Axe007,34,34,10,OpenGameArt,496 pixel art icons for medieval/fantasy RPG,Henrique Lazarini (7Soul1),https://opengameart.org/content/496-pixel-art-icons-for-medievalfantasy-rpg,CC0 1.0,
08-objects-items/oga-icon-w-axe009.png,小物・アイテム・乗り物,RPGアイコン（32×32）: W_Axe009,34,34,12,OpenGameArt,496 pixel art icons for medieval/fantasy RPG,Henrique Lazarini (7Soul1),https://opengameart.org/content/496-pixel-art-icons-for-medievalfantasy-rpg,CC0 1.0,
08-objects-items/oga-icon-w-axe012.png,小物・アイテム・乗り物,RPGアイコン（32×32）: W_Axe012,34,34,9,OpenGameArt,496 pixel art icons for medieval/fantasy RPG,Henrique Lazarini (7Soul1),https://opengameart.org/content/496-pixel-art-icons-for-medievalfantasy-rpg,CC0 1.0,
08-objects-items/oga-icon-w-axe014.png,小物・アイテム・乗り物,RPGアイコン（32×32）: W_Axe014,34,34,6,OpenGameArt,496 pixel art icons for medieval/fantasy RPG,Henrique Lazarini (7Soul1),https://opengameart.org/content/496-pixel-art-icons-for-medievalfantasy-rpg,CC0 1.0,
08-objects-items/oga-icon-w-book04.png,小物・アイテム・乗り物,RPGアイコン（32×32）: W_Book04,34,34,9,OpenGameArt,496 pixel art icons for medieval/fantasy RPG,Henrique Lazarini (7Soul1),https://opengameart.org/content/496-pixel-art-icons-for-medievalfantasy-rpg,CC0 1.0,
08-objects-items/oga-icon-w-book07.png,小物・アイテム・乗り物,RPGアイコン（32×32）: W_Book07,34,34,11,OpenGameArt,496 pixel art icons for medieval/fantasy RPG,Henrique Lazarini (7Soul1),https://opengameart.org/content/496-pixel-art-icons-for-medievalfantasy-rpg,CC0 1.0,
08-objects-items/oga-icon-w-bow02.png,小物・アイテム・乗り物,RPGアイコン（32×32）: W_Bow02,34,34,12,OpenGameArt,496 pixel art icons for medieval/fantasy RPG,Henrique Lazarini (7Soul1),https://opengameart.org/content/496-pixel-art-icons-for-medievalfantasy-rpg,CC0 1.0,
08-objects-items/oga-icon-w-bow06.png,小物・アイテム・乗り物,RPGアイコン（32×32）: W_Bow06,34,34,6,OpenGameArt,496 pixel art icons for medieval/fantasy RPG,Henrique Lazarini (7Soul1),https://opengameart.org/content/496-pixel-art-icons-for-medievalfantasy-rpg,CC0 1.0,
08-objects-items/oga-icon-w-bow08.png,小物・アイテム・乗り物,RPGアイコン（32×32）: W_Bow08,34,34,6,OpenGameArt,496 pixel art icons for medieval/fantasy RPG,Henrique Lazarini (7Soul1),https://opengameart.org/content/496-pixel-art-icons-for-medievalfantasy-rpg,CC0 1.0,
08-objects-items/oga-icon-w-bow11.png,小物・アイテム・乗り物,RPGアイコン（32×32）: W_Bow11,34,34,12,OpenGameArt,496 pixel art icons for medieval/fantasy RPG,Henrique Lazarini (7Soul1),https://opengameart.org/content/496-pixel-art-icons-for-medievalfantasy-rpg,CC0 1.0,
08-objects-items/oga-icon-w-bow15.png,小物・アイテム・乗り物,RPGアイコン（32×32）: W_Bow15,34,34,9,OpenGameArt,496 pixel art icons for medieval/fantasy RPG,Henrique Lazarini (7Soul1),https://opengameart.org/content/496-pixel-art-icons-for-medievalfantasy-rpg,CC0 1.0,
08-objects-items/oga-icon-w-bow17.png,小物・アイテム・乗り物,RPGアイコン（32×32）: W_Bow17,34,34,9,OpenGameArt,496 pixel art icons for medieval/fantasy RPG,Henrique Lazarini (7Soul1),https://opengameart.org/content/496-pixel-art-icons-for-medievalfantasy-rpg,CC0 1.0,
08-objects-items/oga-icon-w-dagger004.png,小物・アイテム・乗り物,RPGアイコン（32×32）: W_Dagger004,34,34,8,OpenGameArt,496 pixel art icons for medieval/fantasy RPG,Henrique Lazarini (7Soul1),https://opengameart.org/content/496-pixel-art-icons-for-medievalfantasy-rpg,CC0 1.0,
08-objects-items/oga-icon-w-dagger007.png,小物・アイテム・乗り物,RPGアイコン（32×32）: W_Dagger007,34,34,8,OpenGameArt,496 pixel art icons for medieval/fantasy RPG,Henrique Lazarini (7Soul1),https://opengameart.org/content/496-pixel-art-icons-for-medievalfantasy-rpg,CC0 1.0,
08-objects-items/oga-icon-w-dagger009.png,小物・アイテム・乗り物,RPGアイコン（32×32）: W_Dagger009,34,34,9,OpenGameArt,496 pixel art icons for medieval/fantasy RPG,Henrique Lazarini (7Soul1),https://opengameart.org/content/496-pixel-art-icons-for-medievalfantasy-rpg,CC0 1.0,
08-objects-items/oga-icon-w-dagger012.png,小物・アイテム・乗り物,RPGアイコン（32×32）: W_Dagger012,34,34,8,OpenGameArt,496 pixel art icons for medieval/fantasy RPG,Henrique Lazarini (7Soul1),https://opengameart.org/content/496-pixel-art-icons-for-medievalfantasy-rpg,CC0 1.0,
08-objects-items/oga-icon-w-dagger014.png,小物・アイテム・乗り物,RPGアイコン（32×32）: W_Dagger014,34,34,9,OpenGameArt,496 pixel art icons for medieval/fantasy RPG,Henrique Lazarini (7Soul1),https://opengameart.org/content/496-pixel-art-icons-for-medievalfantasy-rpg,CC0 1.0,
08-objects-items/oga-icon-w-dagger017.png,小物・アイテム・乗り物,RPGアイコン（32×32）: W_Dagger017,34,34,7,OpenGameArt,496 pixel art icons for medieval/fantasy RPG,Henrique Lazarini (7Soul1),https://opengameart.org/content/496-pixel-art-icons-for-medievalfantasy-rpg,CC0 1.0,
08-objects-items/oga-icon-w-dagger020.png,小物・アイテム・乗り物,RPGアイコン（32×32）: W_Dagger020,34,34,7,OpenGameArt,496 pixel art icons for medieval/fantasy RPG,Henrique Lazarini (7Soul1),https://opengameart.org/content/496-pixel-art-icons-for-medievalfantasy-rpg,CC0 1.0,
08-objects-items/oga-icon-w-fist001.png,小物・アイテム・乗り物,RPGアイコン（32×32）: W_Fist001,34,34,7,OpenGameArt,496 pixel art icons for medieval/fantasy RPG,Henrique Lazarini (7Soul1),https://opengameart.org/content/496-pixel-art-icons-for-medievalfantasy-rpg,CC0 1.0,
08-objects-items/oga-icon-w-fist004.png,小物・アイテム・乗り物,RPGアイコン（32×32）: W_Fist004,34,34,8,OpenGameArt,496 pixel art icons for medieval/fantasy RPG,Henrique Lazarini (7Soul1),https://opengameart.org/content/496-pixel-art-icons-for-medievalfantasy-rpg,CC0 1.0,
08-objects-items/oga-icon-w-gold-axe.png,小物・アイテム・乗り物,RPGアイコン（32×32）: W_Gold_Axe,34,34,12,OpenGameArt,496 pixel art icons for medieval/fantasy RPG,Henrique Lazarini (7Soul1),https://opengameart.org/content/496-pixel-art-icons-for-medievalfantasy-rpg,CC0 1.0,
08-objects-items/oga-icon-w-gold-mace.png,小物・アイテム・乗り物,RPGアイコン（32×32）: W_Gold_Mace,34,34,9,OpenGameArt,496 pixel art icons for medieval/fantasy RPG,Henrique Lazarini (7Soul1),https://opengameart.org/content/496-pixel-art-icons-for-medievalfantasy-rpg,CC0 1.0,
08-objects-items/oga-icon-w-gun001.png,小物・アイテム・乗り物,RPGアイコン（32×32）: W_Gun001,34,34,10,OpenGameArt,496 pixel art icons for medieval/fantasy RPG,Henrique Lazarini (7Soul1),https://opengameart.org/content/496-pixel-art-icons-for-medievalfantasy-rpg,CC0 1.0,
08-objects-items/oga-icon-w-gun003.png,小物・アイテム・乗り物,RPGアイコン（32×32）: W_Gun003,34,34,6,OpenGameArt,496 pixel art icons for medieval/fantasy RPG,Henrique Lazarini (7Soul1),https://opengameart.org/content/496-pixel-art-icons-for-medievalfantasy-rpg,CC0 1.0,
08-objects-items/oga-icon-w-mace003.png,小物・アイテム・乗り物,RPGアイコン（32×32）: W_Mace003,34,34,9,OpenGameArt,496 pixel art icons for medieval/fantasy RPG,Henrique Lazarini (7Soul1),https://opengameart.org/content/496-pixel-art-icons-for-medievalfantasy-rpg,CC0 1.0,
08-objects-items/oga-icon-w-mace005.png,小物・アイテム・乗り物,RPGアイコン（32×32）: W_Mace005,34,34,8,OpenGameArt,496 pixel art icons for medieval/fantasy RPG,Henrique Lazarini (7Soul1),https://opengameart.org/content/496-pixel-art-icons-for-medievalfantasy-rpg,CC0 1.0,
08-objects-items/oga-icon-w-mace008.png,小物・アイテム・乗り物,RPGアイコン（32×32）: W_Mace008,34,34,12,OpenGameArt,496 pixel art icons for medieval/fantasy RPG,Henrique Lazarini (7Soul1),https://opengameart.org/content/496-pixel-art-icons-for-medievalfantasy-rpg,CC0 1.0,
08-objects-items/oga-icon-w-mace011.png,小物・アイテム・乗り物,RPGアイコン（32×32）: W_Mace011,34,34,5,OpenGameArt,496 pixel art icons for medieval/fantasy RPG,Henrique Lazarini (7Soul1),https://opengameart.org/content/496-pixel-art-icons-for-medievalfantasy-rpg,CC0 1.0,
08-objects-items/oga-icon-w-mace013.png,小物・アイテム・乗り物,RPGアイコン（32×32）: W_Mace013,34,34,9,OpenGameArt,496 pixel art icons for medieval/fantasy RPG,Henrique Lazarini (7Soul1),https://opengameart.org/content/496-pixel-art-icons-for-medievalfantasy-rpg,CC0 1.0,
08-objects-items/oga-icon-w-mace16.png,小物・アイテム・乗り物,RPGアイコン（32×32）: W_Mace16,34,34,5,OpenGameArt,496 pixel art icons for medieval/fantasy RPG,Henrique Lazarini (7Soul1),https://opengameart.org/content/496-pixel-art-icons-for-medievalfantasy-rpg,CC0 1.0,
08-objects-items/oga-icon-w-spear003.png,小物・アイテム・乗り物,RPGアイコン（32×32）: W_Spear003,34,34,7,OpenGameArt,496 pixel art icons for medieval/fantasy RPG,Henrique Lazarini (7Soul1),https://opengameart.org/content/496-pixel-art-icons-for-medievalfantasy-rpg,CC0 1.0,
08-objects-items/oga-icon-w-spear005.png,小物・アイテム・乗り物,RPGアイコン（32×32）: W_Spear005,34,34,8,OpenGameArt,496 pixel art icons for medieval/fantasy RPG,Henrique Lazarini (7Soul1),https://opengameart.org/content/496-pixel-art-icons-for-medievalfantasy-rpg,CC0 1.0,
08-objects-items/oga-icon-w-spear008.png,小物・アイテム・乗り物,RPGアイコン（32×32）: W_Spear008,34,34,7,OpenGameArt,496 pixel art icons for medieval/fantasy RPG,Henrique Lazarini (7Soul1),https://opengameart.org/content/496-pixel-art-icons-for-medievalfantasy-rpg,CC0 1.0,
08-objects-items/oga-icon-w-spear010.png,小物・アイテム・乗り物,RPGアイコン（32×32）: W_Spear010,34,34,8,OpenGameArt,496 pixel art icons for medieval/fantasy RPG,Henrique Lazarini (7Soul1),https://opengameart.org/content/496-pixel-art-icons-for-medievalfantasy-rpg,CC0 1.0,
08-objects-items/oga-icon-w-spear013.png,小物・アイテム・乗り物,RPGアイコン（32×32）: W_Spear013,34,34,8,OpenGameArt,496 pixel art icons for medieval/fantasy RPG,Henrique Lazarini (7Soul1),https://opengameart.org/content/496-pixel-art-icons-for-medievalfantasy-rpg,CC0 1.0,
08-objects-items/oga-icon-w-staff02.png,小物・アイテム・乗り物,RPGアイコン（32×32）: W_Staff02,34,34,8,OpenGameArt,496 pixel art icons for medieval/fantasy RPG,Henrique Lazarini (7Soul1),https://opengameart.org/content/496-pixel-art-icons-for-medievalfantasy-rpg,CC0 1.0,
08-objects-items/oga-icon-w-staff04.png,小物・アイテム・乗り物,RPGアイコン（32×32）: W_Staff04,34,34,5,OpenGameArt,496 pixel art icons for medieval/fantasy RPG,Henrique Lazarini (7Soul1),https://opengameart.org/content/496-pixel-art-icons-for-medievalfantasy-rpg,CC0 1.0,
08-objects-items/oga-icon-w-staff07.png,小物・アイテム・乗り物,RPGアイコン（32×32）: W_Staff07,34,34,9,OpenGameArt,496 pixel art icons for medieval/fantasy RPG,Henrique Lazarini (7Soul1),https://opengameart.org/content/496-pixel-art-icons-for-medievalfantasy-rpg,CC0 1.0,
08-objects-items/oga-icon-w-sword001.png,小物・アイテム・乗り物,RPGアイコン（32×32）: W_Sword001,34,34,8,OpenGameArt,496 pixel art icons for medieval/fantasy RPG,Henrique Lazarini (7Soul1),https://opengameart.org/content/496-pixel-art-icons-for-medievalfantasy-rpg,CC0 1.0,
08-objects-items/oga-icon-w-sword004.png,小物・アイテム・乗り物,RPGアイコン（32×32）: W_Sword004,34,34,9,OpenGameArt,496 pixel art icons for medieval/fantasy RPG,Henrique Lazarini (7Soul1),https://opengameart.org/content/496-pixel-art-icons-for-medievalfantasy-rpg,CC0 1.0,
08-objects-items/oga-icon-w-sword007.png,小物・アイテム・乗り物,RPGアイコン（32×32）: W_Sword007,34,34,9,OpenGameArt,496 pixel art icons for medieval/fantasy RPG,Henrique Lazarini (7Soul1),https://opengameart.org/content/496-pixel-art-icons-for-medievalfantasy-rpg,CC0 1.0,
08-objects-items/oga-icon-w-sword009.png,小物・アイテム・乗り物,RPGアイコン（32×32）: W_Sword009,34,34,9,OpenGameArt,496 pixel art icons for medieval/fantasy RPG,Henrique Lazarini (7Soul1),https://opengameart.org/content/496-pixel-art-icons-for-medievalfantasy-rpg,CC0 1.0,
08-objects-items/oga-icon-w-sword012.png,小物・アイテム・乗り物,RPGアイコン（32×32）: W_Sword012,34,34,5,OpenGameArt,496 pixel art icons for medieval/fantasy RPG,Henrique Lazarini (7Soul1),https://opengameart.org/content/496-pixel-art-icons-for-medievalfantasy-rpg,CC0 1.0,
08-objects-items/oga-icon-w-sword014.png,小物・アイテム・乗り物,RPGアイコン（32×32）: W_Sword014,34,34,7,OpenGameArt,496 pixel art icons for medieval/fantasy RPG,Henrique Lazarini (7Soul1),https://opengameart.org/content/496-pixel-art-icons-for-medievalfantasy-rpg,CC0 1.0,
08-objects-items/oga-icon-w-sword017.png,小物・アイテム・乗り物,RPGアイコン（32×32）: W_Sword017,34,34,7,OpenGameArt,496 pixel art icons for medieval/fantasy RPG,Henrique Lazarini (7Soul1),https://opengameart.org/content/496-pixel-art-icons-for-medievalfantasy-rpg,CC0 1.0,
08-objects-items/oga-icon-w-sword020.png,小物・アイテム・乗り物,RPGアイコン（32×32）: W_Sword020,34,34,7,OpenGameArt,496 pixel art icons for medieval/fantasy RPG,Henrique Lazarini (7Soul1),https://opengameart.org/content/496-pixel-art-icons-for-medievalfantasy-rpg,CC0 1.0,
08-objects-items/oga-icon-w-sword022.png,小物・アイテム・乗り物,RPGアイコン（32×32）: W_Sword022,34,34,9,OpenGameArt,496 pixel art icons for medieval/fantasy RPG,Henrique Lazarini (7Soul1),https://opengameart.org/content/496-pixel-art-icons-for-medievalfantasy-rpg,CC0 1.0,
08-objects-items/oga-icon-w-throw003.png,小物・アイテム・乗り物,RPGアイコン（32×32）: W_Throw003,34,34,5,OpenGameArt,496 pixel art icons for medieval/fantasy RPG,Henrique Lazarini (7Soul1),https://opengameart.org/content/496-pixel-art-icons-for-medievalfantasy-rpg,CC0 1.0,
04-field/oga-topdown-slice-1.png,フィールド,見下ろし型の1枚絵（16×16単位）,16,16,10,OpenGameArt,Top Down Asset Pack 1.0,IshtartPixels,https://opengameart.org/content/top-down-asset-pack-10,CC0 1.0,
04-field/oga-topdown-slice-3.png,フィールド,見下ろし型の1枚絵（16×16単位）,16,16,10,OpenGameArt,Top Down Asset Pack 1.0,IshtartPixels,https://opengameart.org/content/top-down-asset-pack-10,CC0 1.0,
04-field/oga-topdown-slice-5.png,フィールド,見下ろし型の1枚絵（16×16単位）,16,16,6,OpenGameArt,Top Down Asset Pack 1.0,IshtartPixels,https://opengameart.org/content/top-down-asset-pack-10,CC0 1.0,
04-field/oga-topdown-slice-7.png,フィールド,見下ろし型の1枚絵（16×16単位）,16,16,4,OpenGameArt,Top Down Asset Pack 1.0,IshtartPixels,https://opengameart.org/content/top-down-asset-pack-10,CC0 1.0,
04-field/oga-topdown-slice-9.png,フィールド,見下ろし型の1枚絵（16×16単位）,16,16,4,OpenGameArt,Top Down Asset Pack 1.0,IshtartPixels,https://opengameart.org/content/top-down-asset-pack-10,CC0 1.0,
04-field/oga-topdown-slice-11.png,フィールド,見下ろし型の1枚絵（16×16単位）,16,16,7,OpenGameArt,Top Down Asset Pack 1.0,IshtartPixels,https://opengameart.org/content/top-down-asset-pack-10,CC0 1.0,
04-field/oga-topdown-slice-13.png,フィールド,見下ろし型の1枚絵（16×16単位）,16,16,9,OpenGameArt,Top Down Asset Pack 1.0,IshtartPixels,https://opengameart.org/content/top-down-asset-pack-10,CC0 1.0,
04-field/oga-topdown-slice-15.png,フィールド,見下ろし型の1枚絵（16×16単位）,16,16,7,OpenGameArt,Top Down Asset Pack 1.0,IshtartPixels,https://opengameart.org/content/top-down-asset-pack-10,CC0 1.0,
04-field/oga-topdown-slice-17.png,フィールド,見下ろし型の1枚絵（16×16単位）,16,16,4,OpenGameArt,Top Down Asset Pack 1.0,IshtartPixels,https://opengameart.org/content/top-down-asset-pack-10,CC0 1.0,
04-field/oga-topdown-slice-19.png,フィールド,見下ろし型の1枚絵（16×16単位）,16,16,4,OpenGameArt,Top Down Asset Pack 1.0,IshtartPixels,https://opengameart.org/content/top-down-asset-pack-10,CC0 1.0,
04-field/oga-topdown-slice-21.png,フィールド,見下ろし型の1枚絵（16×16単位）,16,16,7,OpenGameArt,Top Down Asset Pack 1.0,IshtartPixels,https://opengameart.org/content/top-down-asset-pack-10,CC0 1.0,
04-field/oga-topdown-slice-23.png,フィールド,見下ろし型の1枚絵（16×16単位）,16,16,7,OpenGameArt,Top Down Asset Pack 1.0,IshtartPixels,https://opengameart.org/content/top-down-asset-pack-10,CC0 1.0,
04-field/oga-topdown-slice-26.png,フィールド,見下ろし型の1枚絵（16×16単位）,16,16,5,OpenGameArt,Top Down Asset Pack 1.0,IshtartPixels,https://opengameart.org/content/top-down-asset-pack-10,CC0 1.0,
04-field/oga-topdown-slice-28.png,フィールド,見下ろし型の1枚絵（16×16単位）,16,16,5,OpenGameArt,Top Down Asset Pack 1.0,IshtartPixels,https://opengameart.org/content/top-down-asset-pack-10,CC0 1.0,
04-field/oga-topdown-slice-30.png,フィールド,見下ろし型の1枚絵（16×16単位）,16,16,7,OpenGameArt,Top Down Asset Pack 1.0,IshtartPixels,https://opengameart.org/content/top-down-asset-pack-10,CC0 1.0,
04-field/oga-topdown-slice-32.png,フィールド,見下ろし型の1枚絵（16×16単位）,16,16,7,OpenGameArt,Top Down Asset Pack 1.0,IshtartPixels,https://opengameart.org/content/top-down-asset-pack-10,CC0 1.0,
04-field/oga-topdown-slice-34.png,フィールド,見下ろし型の1枚絵（16×16単位）,16,16,7,OpenGameArt,Top Down Asset Pack 1.0,IshtartPixels,https://opengameart.org/content/top-down-asset-pack-10,CC0 1.0,
04-field/oga-topdown-slice-36.png,フィールド,見下ろし型の1枚絵（16×16単位）,16,16,2,OpenGameArt,Top Down Asset Pack 1.0,IshtartPixels,https://opengameart.org/content/top-down-asset-pack-10,CC0 1.0,
04-field/oga-topdown-slice-38.png,フィールド,見下ろし型の1枚絵（16×16単位）,16,16,7,OpenGameArt,Top Down Asset Pack 1.0,IshtartPixels,https://opengameart.org/content/top-down-asset-pack-10,CC0 1.0,
04-field/oga-topdown-slice-40.png,フィールド,見下ろし型の1枚絵（16×16単位）,16,16,7,OpenGameArt,Top Down Asset Pack 1.0,IshtartPixels,https://opengameart.org/content/top-down-asset-pack-10,CC0 1.0,
04-field/oga-topdown-slice-42.png,フィールド,見下ろし型の1枚絵（16×16単位）,16,16,7,OpenGameArt,Top Down Asset Pack 1.0,IshtartPixels,https://opengameart.org/content/top-down-asset-pack-10,CC0 1.0,
04-field/oga-topdown-slice-44.png,フィールド,見下ろし型の1枚絵（16×16単位）,16,16,7,OpenGameArt,Top Down Asset Pack 1.0,IshtartPixels,https://opengameart.org/content/top-down-asset-pack-10,CC0 1.0,
04-field/oga-topdown-slice-46.png,フィールド,見下ろし型の1枚絵（16×16単位）,16,16,7,OpenGameArt,Top Down Asset Pack 1.0,IshtartPixels,https://opengameart.org/content/top-down-asset-pack-10,CC0 1.0,
04-field/oga-topdown-slice-50.png,フィールド,見下ろし型の1枚絵（16×16単位）,16,16,5,OpenGameArt,Top Down Asset Pack 1.0,IshtartPixels,https://opengameart.org/content/top-down-asset-pack-10,CC0 1.0,
04-field/oga-topdown-slice-54.png,フィールド,見下ろし型の1枚絵（16×16単位）,16,16,4,OpenGameArt,Top Down Asset Pack 1.0,IshtartPixels,https://opengameart.org/content/top-down-asset-pack-10,CC0 1.0,
04-field/oga-topdown-slice-59.png,フィールド,見下ろし型の1枚絵（16×16単位）,16,16,5,OpenGameArt,Top Down Asset Pack 1.0,IshtartPixels,https://opengameart.org/content/top-down-asset-pack-10,CC0 1.0,
04-field/oga-topdown-slice-62.png,フィールド,見下ろし型の1枚絵（16×16単位）,16,16,5,OpenGameArt,Top Down Asset Pack 1.0,IshtartPixels,https://opengameart.org/content/top-down-asset-pack-10,CC0 1.0,
04-field/oga-topdown-slice-66.png,フィールド,見下ろし型の1枚絵（16×16単位）,16,16,4,OpenGameArt,Top Down Asset Pack 1.0,IshtartPixels,https://opengameart.org/content/top-down-asset-pack-10,CC0 1.0,
04-field/oga-topdown-slice-68.png,フィールド,見下ろし型の1枚絵（16×16単位）,16,16,4,OpenGameArt,Top Down Asset Pack 1.0,IshtartPixels,https://opengameart.org/content/top-down-asset-pack-10,CC0 1.0,
04-field/oga-topdown-slice-71.png,フィールド,見下ろし型の1枚絵（16×16単位）,16,16,4,OpenGameArt,Top Down Asset Pack 1.0,IshtartPixels,https://opengameart.org/content/top-down-asset-pack-10,CC0 1.0,
04-field/oga-topdown-slice-73.png,フィールド,見下ろし型の1枚絵（16×16単位）,16,16,4,OpenGameArt,Top Down Asset Pack 1.0,IshtartPixels,https://opengameart.org/content/top-down-asset-pack-10,CC0 1.0,
04-field/oga-topdown-slice-75.png,フィールド,見下ろし型の1枚絵（16×16単位）,16,16,4,OpenGameArt,Top Down Asset Pack 1.0,IshtartPixels,https://opengameart.org/content/top-down-asset-pack-10,CC0 1.0,
04-field/oga-topdown-slice-77.png,フィールド,見下ろし型の1枚絵（16×16単位）,16,16,4,OpenGameArt,Top Down Asset Pack 1.0,IshtartPixels,https://opengameart.org/content/top-down-asset-pack-10,CC0 1.0,
04-field/oga-topdown-slice-79.png,フィールド,見下ろし型の1枚絵（16×16単位）,16,16,3,OpenGameArt,Top Down Asset Pack 1.0,IshtartPixels,https://opengameart.org/content/top-down-asset-pack-10,CC0 1.0,
04-field/oga-topdown-slice-86.png,フィールド,見下ろし型の1枚絵（16×16単位）,16,16,6,OpenGameArt,Top Down Asset Pack 1.0,IshtartPixels,https://opengameart.org/content/top-down-asset-pack-10,CC0 1.0,
04-field/oga-topdown-slice-88.png,フィールド,見下ろし型の1枚絵（16×16単位）,16,16,4,OpenGameArt,Top Down Asset Pack 1.0,IshtartPixels,https://opengameart.org/content/top-down-asset-pack-10,CC0 1.0,
04-field/oga-topdown-slice-91.png,フィールド,見下ろし型の1枚絵（16×16単位）,16,16,4,OpenGameArt,Top Down Asset Pack 1.0,IshtartPixels,https://opengameart.org/content/top-down-asset-pack-10,CC0 1.0,
04-field/oga-topdown-slice-93.png,フィールド,見下ろし型の1枚絵（16×16単位）,16,16,6,OpenGameArt,Top Down Asset Pack 1.0,IshtartPixels,https://opengameart.org/content/top-down-asset-pack-10,CC0 1.0,
04-field/oga-topdown-slice-96.png,フィールド,見下ろし型の1枚絵（16×16単位）,16,16,2,OpenGameArt,Top Down Asset Pack 1.0,IshtartPixels,https://opengameart.org/content/top-down-asset-pack-10,CC0 1.0,
04-field/oga-topdown-slice-98.png,フィールド,見下ろし型の1枚絵（16×16単位）,16,16,1,OpenGameArt,Top Down Asset Pack 1.0,IshtartPixels,https://opengameart.org/content/top-down-asset-pack-10,CC0 1.0,
04-field/oga-topdown-slice-100.png,フィールド,見下ろし型の1枚絵（16×16単位）,16,16,2,OpenGameArt,Top Down Asset Pack 1.0,IshtartPixels,https://opengameart.org/content/top-down-asset-pack-10,CC0 1.0,
04-field/oga-topdown-slice-105.png,フィールド,見下ろし型の1枚絵（16×16単位）,16,16,5,OpenGameArt,Top Down Asset Pack 1.0,IshtartPixels,https://opengameart.org/content/top-down-asset-pack-10,CC0 1.0,
04-field/oga-topdown-slice-118.png,フィールド,見下ろし型の1枚絵（16×16単位）,16,16,6,OpenGameArt,Top Down Asset Pack 1.0,IshtartPixels,https://opengameart.org/content/top-down-asset-pack-10,CC0 1.0,
04-field/oga-topdown-slice-120.png,フィールド,見下ろし型の1枚絵（16×16単位）,16,16,6,OpenGameArt,Top Down Asset Pack 1.0,IshtartPixels,https://opengameart.org/content/top-down-asset-pack-10,CC0 1.0,
04-field/oga-topdown-slice-122.png,フィールド,見下ろし型の1枚絵（16×16単位）,16,16,5,OpenGameArt,Top Down Asset Pack 1.0,IshtartPixels,https://opengameart.org/content/top-down-asset-pack-10,CC0 1.0,
